<?xml version="1.0" encoding="UTF-8"?>

<doc>
  <pragraph ID="2" content="1、上海浦东近年来颁布实行了涉及经济、贸易、建设、规划、科技、文教等领域的七十一件法规性文件，2、确保了浦东开发的有序进行。">
    <relative ID="1" Relation_Pair="1--2" Center="1" times="建立关联：6.16秒；建立属性：50.05秒" Sentence="上海浦东近年来颁布实行了涉及经济、贸易、建设、规划、科技、文教等领域的七十一件法规性文件，|确保了浦东开发的有序进行。" position="0...44——45...57" ConnectiveType="显式关系" Connective="确保了" Major_relationType="因果性" RelationType="因果性+;目的性+;条件性+;虚拟性-;反转性-;顺序性+;解说性-;例证性-;评价性-;并列性-;递进性-;选择性-;" ConnectivePosition="45...47" ConnectiveAttribute="待标注" RoleLocation="normal" LanguageSense="语感差"/>
  </pragraph>
  <pragraph ID="3" content="1、浦东开发开放是一项振兴上海，建设现代化经济、贸易、金融中心的跨世纪工程，2、因此大量出现的是以前不曾遇到过的新情况、新问题。3、对此，浦东不是简单的采取“干一段时间，等积累了经验以后再制定法规条例”的做法，4、而是借鉴发达国家和深圳等特区的经验教训，5、聘请国内外有关专家学者，6、积极、及时地制定和推出法规性文件，7、使这些经济活动一出现就被纳入法制轨道。8、去年初浦东新区诞生的中国第一家医疗机构药品采购服务中心，正因为一开始就比较规范，9、运转至今，10、成交药品一亿多元，11、没有发现一例回扣。">
    <relative ID="1" Relation_Pair="1--2" Center="2" times="建立关联：8.57秒；建立属性：31.73秒" Sentence="浦东开发开放是一项振兴上海，建设现代化经济、贸易、金融中心的跨世纪工程，|因此大量出现的是以前不曾遇到过的新情况、新问题。" position="0...35——36...59" ConnectiveType="显式关系" Connective="因此" Major_relationType="因果性" RelationType="因果性+;目的性-;条件性-;虚拟性-;反转性-;顺序性+;解说性-;例证性-;评价性-;并列性-;递进性-;选择性-;" ConnectivePosition="36...37" ConnectiveAttribute="待标注" RoleLocation="normal" LanguageSense="语感差"/>
    <relative ID="2" Relation_Pair="3--6" Center="2" times="建立关联：16.55秒；建立属性：55.32秒" Sentence="对此，浦东不是简单的采取“干一段时间，等积累了经验以后再制定法规条例”的做法，|积极、及时地制定和推出法规性文件，" position="60...98——131...147" ConnectiveType="显式关系" Connective="不是...而是" Major_relationType="反转性" RelationType="因果性-;目的性-;条件性-;虚拟性-;反转性+;顺序性-;解说性-;例证性-;评价性-;并列性+;递进性-;选择性+;" ConnectivePosition="65...66--99...100" ConnectiveAttribute="待标注" RoleLocation="normal" LanguageSense="语感差"/>
    <relative ID="3" Relation_Pair="4--6" Center="2" times="建立关联：8.30秒；建立属性：32.39秒" Sentence="而是借鉴发达国家和深圳等特区的经验教训，|积极、及时地制定和推出法规性文件，" position="99...118——131...147" ConnectiveType="隐式关系" Connective="" Major_relationType="条件性" RelationType="因果性+;目的性+;条件性+;虚拟性-;反转性-;顺序性+;解说性-;例证性-;评价性-;并列性-;递进性-;选择性-;" ConnectivePosition="" ConnectiveAttribute="待标注" RoleLocation="normal" LanguageSense="语感差"/>
    <relative ID="4" Relation_Pair="5--6" Center="2" times="建立关联：7.12秒；建立属性：260.03秒" Sentence="聘请国内外有关专家学者，|积极、及时地制定和推出法规性文件，" position="119...130——131...147" ConnectiveType="隐式关系" Connective="" Major_relationType="条件性" RelationType="因果性+;目的性+;条件性+;虚拟性-;反转性-;顺序性+;解说性-;例证性-;评价性-;并列性-;递进性-;选择性-;" ConnectivePosition="" ConnectiveAttribute="待标注" RoleLocation="normal" LanguageSense="语感差"/>
    <relative ID="5" Relation_Pair="6--7" Center="1" times="建立关联：8.84秒；建立属性：55.98秒" Sentence="积极、及时地制定和推出法规性文件，|使这些经济活动一出现就被纳入法制轨道。" position="131...147——148...166" ConnectiveType="显式关系" Connective="使" Major_relationType="因果性" RelationType="因果性+;目的性+;条件性+;虚拟性-;反转性-;顺序性+;解说性-;例证性-;评价性-;并列性-;递进性-;选择性-;" ConnectivePosition="148...148" ConnectiveAttribute="待标注" RoleLocation="normal" LanguageSense="语感差"/>
    <relative ID="6" Relation_Pair="7--8" Center="1" times="建立关联：20.86秒；建立属性：45.47秒" Sentence="使这些经济活动一出现就被纳入法制轨道。|去年初浦东新区诞生的中国第一家医疗机构药品采购服务中心，正因为一开始就比较规范，" position="148...166——167...206" ConnectiveType="隐式关系" Connective="" Major_relationType="例证性" RelationType="因果性-;目的性-;条件性-;虚拟性-;反转性-;顺序性-;解说性-;例证性+;评价性-;并列性-;递进性-;选择性-;" ConnectivePosition="" ConnectiveAttribute="待标注" RoleLocation="normal" LanguageSense="语感差"/>
    <relative ID="7" Relation_Pair="8--11" Center="1" times="建立关联：21.86秒；建立属性：118.84秒" Sentence="去年初浦东新区诞生的中国第一家医疗机构药品采购服务中心，正因为一开始就比较规范，|没有发现一例回扣。" position="167...206——221...229" ConnectiveType="显式关系" Connective="正因为" Major_relationType="因果性" RelationType="因果性+;目的性-;条件性+;虚拟性-;反转性-;顺序性+;解说性-;例证性-;评价性-;并列性-;递进性-;选择性-;" ConnectivePosition="195...197" ConnectiveAttribute="待标注" RoleLocation="normal" LanguageSense="语感差"/>
    <relative ID="8" Relation_Pair="9--11" Center="2" times="建立关联：9.32秒；建立属性：48.80秒" Sentence="运转至今，|没有发现一例回扣。" position="207...211——221...229" ConnectiveType="隐式关系" Connective="" Major_relationType="反转性" RelationType="因果性+;目的性-;条件性-;虚拟性-;反转性+;顺序性-;解说性-;例证性-;评价性-;并列性-;递进性-;选择性-;" ConnectivePosition="" ConnectiveAttribute="待标注" RoleLocation="normal" LanguageSense="语感差"/>
    <relative ID="9" Relation_Pair="10--11" Center="2" times="建立关联：7.11秒；建立属性：18.20秒" Sentence="成交药品一亿多元，|没有发现一例回扣。" position="212...220——221...229" ConnectiveType="隐式关系" Connective="" Major_relationType="反转性" RelationType="因果性+;目的性-;条件性-;虚拟性-;反转性+;顺序性-;解说性-;例证性-;评价性-;并列性-;递进性-;选择性-;" ConnectivePosition="" ConnectiveAttribute="待标注" RoleLocation="normal" LanguageSense="语感差"/>
    <relative ID="10" Relation_Pair="2--3" Center="2" times="建立关联：6.74秒；建立属性：171.99秒" Sentence="因此大量出现的是以前不曾遇到过的新情况、新问题。|对此，浦东不是简单的采取“干一段时间，等积累了经验以后再制定法规条例”的做法，" position="36...59——60...98" ConnectiveType="显式关系" Connective="对此" Major_relationType="因果性" RelationType="因果性+;目的性-;条件性-;虚拟性-;反转性-;顺序性+;解说性-;例证性-;评价性-;并列性-;递进性-;选择性-;" ConnectivePosition="60...61" ConnectiveAttribute="待标注" RoleLocation="normal" LanguageSense="语感差"/>
  </pragraph>
  <pragraph ID="4" content="1、建筑是开发浦东的一项主要经济活动，2、这些年有数百家建筑公司、四千余个建筑工地遍布在这片热土上。3、为规范建筑行为，4、防止出现无序现象，5、新区管委会根据国家和上海市的有关规定，6、结合浦东开发实际，7、及时出台了一系列规范建设市场的文件，8、其中包括工程施工招投标管理办法、拆迁工作若干规定、整治违章建筑实施办法、通信设施及管线配套建设意见、建设工地施工环境管理暂行办法等，9、基本做到了每个环节都有明确而又具体的规定。10、建筑公司进区，11、有关部门先送上这些法规性文件，12、然后有专门队伍进行监督检查。">
    <relative ID="1" Relation_Pair="1--2" Center="2" times="7.65" Sentence="建筑是开发浦东的一项主要经济活动，|这些年有数百家建筑公司、四千余个建筑工地遍布在这片热土上。" position="0...16——17...45" ConnectiveType="待标注" Connective="待标注" Major_relationType="待标注" RelationType="待标注" ConnectivePosition="待标注" ConnectiveAttribute="待标注" RoleLocation="待标注" LanguageSense="待标注"/>
    <relative ID="2" Relation_Pair="3--7" Center="2" times="22.05" Sentence="为规范建筑行为，|及时出台了一系列规范建设市场的文件，" position="46...53——91...108" ConnectiveType="待标注" Connective="待标注" Major_relationType="待标注" RelationType="待标注" ConnectivePosition="待标注" ConnectiveAttribute="待标注" RoleLocation="待标注" LanguageSense="待标注"/>
    <relative ID="3" Relation_Pair="4--7" Center="2" times="6.49" Sentence="防止出现无序现象，|及时出台了一系列规范建设市场的文件，" position="54...62——91...108" ConnectiveType="待标注" Connective="待标注" Major_relationType="待标注" RelationType="待标注" ConnectivePosition="待标注" ConnectiveAttribute="待标注" RoleLocation="待标注" LanguageSense="待标注"/>
    <relative ID="4" Relation_Pair="5--7" Center="2" times="10.90" Sentence="新区管委会根据国家和上海市的有关规定，|及时出台了一系列规范建设市场的文件，" position="63...81——91...108" ConnectiveType="待标注" Connective="待标注" Major_relationType="待标注" RelationType="待标注" ConnectivePosition="待标注" ConnectiveAttribute="待标注" RoleLocation="待标注" LanguageSense="待标注"/>
    <relative ID="5" Relation_Pair="6--7" Center="2" times="9.18" Sentence="结合浦东开发实际，|及时出台了一系列规范建设市场的文件，" position="82...90——91...108" ConnectiveType="待标注" Connective="待标注" Major_relationType="待标注" RelationType="待标注" ConnectivePosition="待标注" ConnectiveAttribute="待标注" RoleLocation="待标注" LanguageSense="待标注"/>
    <relative ID="6" Relation_Pair="7--8" Center="1" times="7.49" Sentence="及时出台了一系列规范建设市场的文件，|其中包括工程施工招投标管理办法、拆迁工作若干规定、整治违章建筑实施办法、通信设施及管线配套建设意见、建设工地施工环境管理暂行办法等，" position="91...108——109...174" ConnectiveType="待标注" Connective="待标注" Major_relationType="待标注" RelationType="待标注" ConnectivePosition="待标注" ConnectiveAttribute="待标注" RoleLocation="待标注" LanguageSense="待标注"/>
    <relative ID="7" Relation_Pair="7--9" Center="1" times="12.23" Sentence="及时出台了一系列规范建设市场的文件，|基本做到了每个环节都有明确而又具体的规定。" position="91...108——175...195" ConnectiveType="待标注" Connective="待标注" Major_relationType="待标注" RelationType="待标注" ConnectivePosition="待标注" ConnectiveAttribute="待标注" RoleLocation="待标注" LanguageSense="待标注"/>
    <relative ID="8" Relation_Pair="10--11" Center="2" times="20.37" Sentence="建筑公司进区，|有关部门先送上这些法规性文件，" position="196...202——203...217" ConnectiveType="待标注" Connective="待标注" Major_relationType="待标注" RelationType="待标注" ConnectivePosition="待标注" ConnectiveAttribute="待标注" RoleLocation="待标注" LanguageSense="待标注"/>
    <relative ID="9" Relation_Pair="11--12" Center="1" times="8.99" Sentence="有关部门先送上这些法规性文件，|然后有专门队伍进行监督检查。" position="203...217——218...231" ConnectiveType="待标注" Connective="待标注" Major_relationType="待标注" RelationType="待标注" ConnectivePosition="待标注" ConnectiveAttribute="待标注" RoleLocation="待标注" LanguageSense="待标注"/>
    <relative ID="10" Relation_Pair="7--11" Center="1" times="30.03" Sentence="及时出台了一系列规范建设市场的文件，|有关部门先送上这些法规性文件，" position="91...108——203...217" ConnectiveType="待标注" Connective="待标注" Major_relationType="待标注" RelationType="待标注" ConnectivePosition="待标注" ConnectiveAttribute="待标注" RoleLocation="待标注" LanguageSense="待标注"/>
    <relative ID="11" Relation_Pair="2--7" Center="2" times="14.94" Sentence="这些年有数百家建筑公司、四千余个建筑工地遍布在这片热土上。|及时出台了一系列规范建设市场的文件，" position="17...45——91...108" ConnectiveType="待标注" Connective="待标注" Major_relationType="待标注" RelationType="待标注" ConnectivePosition="待标注" ConnectiveAttribute="待标注" RoleLocation="待标注" LanguageSense="待标注"/>
  </pragraph>
  <pragraph ID="5" content="1、尽管浦东新区制定的法规性文件有些比较“粗”，2、有些还只是暂行规定，3、有待在实践中逐步完善，4、但这种法制紧跟经济和社会活动的做法，受到了国内外投资者的好评，5、他们认为，到浦东新区投资办事有章法，6、讲规矩，7、利益能得到保障。">
    <relative ID="1" Relation_Pair="1--4" Center="2" times="9.05" Sentence="尽管浦东新区制定的法规性文件有些比较“粗”，|但这种法制紧跟经济和社会活动的做法，受到了国内外投资者的好评，" position="0...21——43...73" ConnectiveType="待标注" Connective="待标注" Major_relationType="待标注" RelationType="待标注" ConnectivePosition="待标注" ConnectiveAttribute="待标注" RoleLocation="待标注" LanguageSense="待标注"/>
    <relative ID="2" Relation_Pair="2--4" Center="2" times="34.21" Sentence="有些还只是暂行规定，|但这种法制紧跟经济和社会活动的做法，受到了国内外投资者的好评，" position="22...31——43...73" ConnectiveType="待标注" Connective="待标注" Major_relationType="待标注" RelationType="待标注" ConnectivePosition="待标注" ConnectiveAttribute="待标注" RoleLocation="待标注" LanguageSense="待标注"/>
    <relative ID="3" Relation_Pair="2--3" Center="1" times="18.51" Sentence="有些还只是暂行规定，|有待在实践中逐步完善，" position="22...31——32...42" ConnectiveType="待标注" Connective="待标注" Major_relationType="待标注" RelationType="待标注" ConnectivePosition="待标注" ConnectiveAttribute="待标注" RoleLocation="待标注" LanguageSense="待标注"/>
    <relative ID="4" Relation_Pair="4--5" Center="1" times="14.46" Sentence="但这种法制紧跟经济和社会活动的做法，受到了国内外投资者的好评，|他们认为，到浦东新区投资办事有章法，" position="43...73——74...91" ConnectiveType="待标注" Connective="待标注" Major_relationType="待标注" RelationType="待标注" ConnectivePosition="待标注" ConnectiveAttribute="待标注" RoleLocation="待标注" LanguageSense="待标注"/>
    <relative ID="5" Relation_Pair="4--6" Center="1" times="10.37" Sentence="但这种法制紧跟经济和社会活动的做法，受到了国内外投资者的好评，|讲规矩，" position="43...73——92...95" ConnectiveType="待标注" Connective="待标注" Major_relationType="待标注" RelationType="待标注" ConnectivePosition="待标注" ConnectiveAttribute="待标注" RoleLocation="待标注" LanguageSense="待标注"/>
    <relative ID="6" Relation_Pair="4--7" Center="1" times="14.37" Sentence="但这种法制紧跟经济和社会活动的做法，受到了国内外投资者的好评，|利益能得到保障。" position="43...73——96...103" ConnectiveType="待标注" Connective="待标注" Major_relationType="待标注" RelationType="待标注" ConnectivePosition="待标注" ConnectiveAttribute="待标注" RoleLocation="待标注" LanguageSense="待标注"/>
  </pragraph>
</doc>
