<?xml version="1.0" encoding="UTF-8"?>

<doc>
  <pragraph ID="2" content="1、海关统计表明，“八五”期间（一九九０年—一九九五年），中国外商投资企业的进出口呈直线上升之势，2、出口年均增长百分之四十三点二，3、进口年均增长百分之三十八点六。4、去年实现进出口总值达一千零九十八点二亿美元，5、占全国进出口总值的比重由上年的百分之三十七提高到百分之三十九。">
    <relative ID="1" Relation_Pair="1--2" Center="1" times="343" Sentence="海关统计表明，“八五”期间（一九九０年—一九九五年），中国外商投资企业的进出口呈直线上升之势，|出口年均增长百分之四十三点二，" position="0...46--47...61" ConnectiveType="隐式关系" Connective="" Major_relationType="解说性" RelationType="因果性-;目的性-;条件性-;虚拟性-;反转性-;顺序性-;解说性+;例证性-;评价性-;并列性-;递进性-;选择性-" ConnectivePosition="" ConnectiveAttribute="不可添加" RoleLocation="abnormal" LanguageSense="true"/>
    <relative ID="2" Relation_Pair="1--3" Center="1" times="213" Sentence="海关统计表明，“八五”期间（一九九０年—一九九五年），中国外商投资企业的进出口呈直线上升之势，|进口年均增长百分之三十八点六。" position="0...46--62...76" ConnectiveType="隐式关系" Connective="" Major_relationType="解说性" RelationType="因果性-;目的性-;条件性-;虚拟性-;反转性-;顺序性-;解说性+;例证性-;评价性-;并列性-;递进性-;选择性-" ConnectivePosition="" ConnectiveAttribute="不可添加" RoleLocation="abnormal" LanguageSense="true"/>
    <relative ID="3" Relation_Pair="1--5" Center="1" times="294" Sentence="海关统计表明，“八五”期间（一九九０年—一九九五年），中国外商投资企业的进出口呈直线上升之势，|占全国进出口总值的比重由上年的百分之三十七提高到百分之三十九。" position="0...46--99...129" ConnectiveType="隐式关系" Connective="" Major_relationType="例证性" RelationType="因果性-;目的性-;条件性-;虚拟性-;反转性-;顺序性-;解说性-;例证性+;评价性-;并列性-;递进性-;选择性-" ConnectivePosition="" ConnectiveAttribute="不可添加" RoleLocation="abnormal" LanguageSense="true"/>
    <relative ID="4" Relation_Pair="4--5" Center="2" times="228" Sentence="去年实现进出口总值达一千零九十八点二亿美元，|占全国进出口总值的比重由上年的百分之三十七提高到百分之三十九。" position="77...98--99...129" ConnectiveType="隐式关系" Connective="" Major_relationType="评价性" RelationType="因果性-;目的性-;条件性-;虚拟性-;反转性-;顺序性-;解说性-;例证性-;评价性+;并列性+;递进性-;选择性-" ConnectivePosition="" ConnectiveAttribute="不可添加" RoleLocation="normal" LanguageSense="true"/>
  </pragraph>
  <pragraph ID="3" content="1、外商投资企业在改善中国出口商品结构中发挥了显著作用。2、去年外商投资企业出口商品中，工业制成品占九成以上，3、达四百三十八点八亿美元，4、比上年增长了百分之三十六点七，5、明显高于全国平均水平。6、外商投资企业的出口商品仍以轻纺产品为主，7、其中，出口额最大的商品是服装，8、去年为七十六点八亿美元。9、而进口商品则以机械设备和工业原材料为主。">
    <relative ID="1" Relation_Pair="1--2" Center="1" times="141" Sentence="外商投资企业在改善中国出口商品结构中发挥了显著作用。|去年外商投资企业出口商品中，工业制成品占九成以上，" position="0...25--26...50" ConnectiveType="隐式关系" Connective="" Major_relationType="例证性" RelationType="因果性-;目的性-;条件性-;虚拟性-;反转性-;顺序性-;解说性-;例证性+;评价性-;并列性-;递进性-;选择性-" ConnectivePosition="" ConnectiveAttribute="不可添加" RoleLocation="normal" LanguageSense="true"/>
    <relative ID="2" Relation_Pair="2--3" Center="1" times="449" Sentence="去年外商投资企业出口商品中，工业制成品占九成以上，|达四百三十八点八亿美元，" position="26...50--51...62" ConnectiveType="隐式关系" Connective="" Major_relationType="并列性" RelationType="因果性-;目的性-;条件性-;虚拟性-;反转性-;顺序性-;解说性-;例证性-;评价性-;并列性+;递进性-;选择性-" ConnectivePosition="" ConnectiveAttribute="不可添加" RoleLocation="normal" LanguageSense="true"/>
    <relative ID="3" Relation_Pair="3--4" Center="1" times="139" Sentence="达四百三十八点八亿美元，|比上年增长了百分之三十六点七，" position="51...62--63...77" ConnectiveType="隐式关系" Connective="" Major_relationType="并列性" RelationType="因果性-;目的性-;条件性-;虚拟性-;反转性-;顺序性-;解说性-;例证性-;评价性+;并列性+;递进性-;选择性-" ConnectivePosition="" ConnectiveAttribute="不可添加" RoleLocation="normal" LanguageSense="true"/>
    <relative ID="4" Relation_Pair="4--5" Center="1" times="41" Sentence="比上年增长了百分之三十六点七，|明显高于全国平均水平。" position="63...77--78...88" ConnectiveType="隐式关系" Connective="" Major_relationType="评价性" RelationType="因果性-;目的性-;条件性-;虚拟性-;反转性-;顺序性-;解说性-;例证性-;评价性+;并列性-;递进性-;选择性-" ConnectivePosition="" ConnectiveAttribute="不可添加" RoleLocation="normal" LanguageSense="true"/>
    <relative ID="5" Relation_Pair="6--7" Center="1" times="63" Sentence="外商投资企业的出口商品仍以轻纺产品为主，|其中，出口额最大的商品是服装，" position="89...108--109...123" ConnectiveType="显式关系" Connective="其中" Major_relationType="解说性" RelationType="因果性-;目的性-;条件性-;虚拟性-;反转性-;顺序性-;解说性+;例证性-;评价性-;并列性-;递进性-;选择性-" ConnectivePosition="115…117" ConnectiveAttribute="不可删除" RoleLocation="normal" LanguageSense="true"/>
    <relative ID="6" Relation_Pair="7--8" Center="1" times="39" Sentence="其中，出口额最大的商品是服装，|去年为七十六点八亿美元。" position="109...123--124...135" ConnectiveType="隐式关系" Connective="" Major_relationType="解说性" RelationType="因果性-;目的性-;条件性-;虚拟性-;反转性-;顺序性-;解说性+;例证性-;评价性-;并列性-;递进性-;选择性-" ConnectivePosition="" ConnectiveAttribute="不可添加" RoleLocation="normal" LanguageSense="true"/>
    <relative ID="7" Relation_Pair="2--6" Center="1" times="183" Sentence="去年外商投资企业出口商品中，工业制成品占九成以上，|外商投资企业的出口商品仍以轻纺产品为主，" position="26...50--89...108" ConnectiveType="显式关系" Connective="仍" Major_relationType="评价性" RelationType="因果性-;目的性-;条件性-;虚拟性-;反转性+;顺序性-;解说性+;例证性-;评价性+;并列性+;递进性-;选择性-" ConnectivePosition="105…106" ConnectiveAttribute="不可删除" RoleLocation="normal" LanguageSense="true"/>
    <relative ID="8" Relation_Pair="6--9" Center="1" times="35" Sentence="外商投资企业的出口商品仍以轻纺产品为主，|而进口商品则以机械设备和工业原材料为主。" position="89...108--136...155" ConnectiveType="显式关系" Connective="而;则" Major_relationType="反转性" RelationType="因果性-;目的性-;条件性-;虚拟性-;反转性+;顺序性-;解说性-;例证性-;评价性-;并列性+;递进性-;选择性-" ConnectivePosition="144…145;149…150" ConnectiveAttribute="可删除" RoleLocation="normal" LanguageSense="true"/>
  </pragraph>
</doc>
