<?xml version="1.0" encoding="UTF-8"?>

<doc>
  <pragraph ID="2" content="1、中国十四个边境对外开放城市一九九五年经济建设取得可喜成果。2、据统计，这些城市去年完成国内生产总值一百九十多亿元，3、比开放前的一九九一年增长九成多。">
    <relative ID="1" Relation_Pair="1--2" Center="1" times="284" Sentence="中国十四个边境对外开放城市一九九五年经济建设取得可喜成果。|据统计，这些城市去年完成国内生产总值一百九十多亿元，" position="0...28--29...54" ConnectiveType="显式关系" Connective="据" Major_relationType="解说性" RelationType="因果性+;目的性-;条件性-;虚拟性-;反转性-;顺序性-;解说性+;例证性+;评价性+;并列性-;递进性-;选择性-" ConnectivePosition="30…31" ConnectiveAttribute="可删除" RoleLocation="normal" LanguageSense="true"/>
    <relative ID="2" Relation_Pair="2--3" Center="1" times="243" Sentence="据统计，这些城市去年完成国内生产总值一百九十多亿元，|比开放前的一九九一年增长九成多。" position="29...54--55...70" ConnectiveType="隐式关系" Connective="" Major_relationType="评价性" RelationType="因果性-;目的性-;条件性-;虚拟性-;反转性-;顺序性-;解说性-;例证性-;评价性+;并列性+;递进性-;选择性-" ConnectivePosition="" ConnectiveAttribute="不可添加" RoleLocation="normal" LanguageSense="true"/>
  </pragraph>
  <pragraph ID="3" content="1、国务院于一九九二年先后批准了黑河、凭祥、珲春、伊宁、瑞丽等十四个边境城市为对外开放城市，2、同时还批准这些城市设立十四个边境经济合作区。3、三年多来，这些城市社会经济发展迅速，4、地方经济实力明显增强；5、经济年平均增长百分之十七，6、高于全国年平均增长速度。">
    <relative ID="1" Relation_Pair="1--3" Center="2" times="805" Sentence="国务院于一九九二年先后批准了黑河、凭祥、珲春、伊宁、瑞丽等十四个边境城市为对外开放城市，|三年多来，这些城市社会经济发展迅速，" position="0...43--66...83" ConnectiveType="隐式关系" Connective="" Major_relationType="因果性" RelationType="因果性+;目的性-;条件性+;虚拟性-;反转性-;顺序性+;解说性-;例证性-;评价性-;并列性-;递进性-;选择性-" ConnectivePosition="" ConnectiveAttribute="不可添加" RoleLocation="normal" LanguageSense="true"/>
    <relative ID="2" Relation_Pair="2--3" Center="2" times="47" Sentence="同时还批准这些城市设立十四个边境经济合作区。|三年多来，这些城市社会经济发展迅速，" position="44...65--66...83" ConnectiveType="隐式关系" Connective="" Major_relationType="因果性" RelationType="因果性+;目的性-;条件性+;虚拟性-;反转性-;顺序性+;解说性-;例证性-;评价性-;并列性-;递进性-;选择性-" ConnectivePosition="" ConnectiveAttribute="不可添加" RoleLocation="normal" LanguageSense="true"/>
    <relative ID="3" Relation_Pair="3--4" Center="1" times="25" Sentence="三年多来，这些城市社会经济发展迅速，|地方经济实力明显增强；" position="66...83--84...94" ConnectiveType="隐式关系" Connective="" Major_relationType="因果性" RelationType="因果性+;目的性-;条件性+;虚拟性-;反转性-;顺序性-;解说性-;例证性-;评价性-;并列性+;递进性-;选择性-" ConnectivePosition="" ConnectiveAttribute="不可添加" RoleLocation="normal" LanguageSense="true"/>
    <relative ID="4" Relation_Pair="3--5" Center="1" times="52" Sentence="三年多来，这些城市社会经济发展迅速，|经济年平均增长百分之十七，" position="66...83--95...107" ConnectiveType="隐式关系" Connective="" Major_relationType="解说性" RelationType="因果性-;目的性-;条件性-;虚拟性-;反转性-;顺序性-;解说性+;例证性-;评价性-;并列性-;递进性-;选择性-" ConnectivePosition="" ConnectiveAttribute="不可添加" RoleLocation="normal" LanguageSense="true"/>
    <relative ID="5" Relation_Pair="5--6" Center="1" times="53" Sentence="经济年平均增长百分之十七，|高于全国年平均增长速度。" position="95...107--108...119" ConnectiveType="隐式关系" Connective="" Major_relationType="评价性" RelationType="因果性-;目的性-;条件性-;虚拟性-;反转性-;顺序性-;解说性-;例证性-;评价性+;并列性-;递进性-;选择性-" ConnectivePosition="" ConnectiveAttribute="不可添加" RoleLocation="normal" LanguageSense="true"/>
  </pragraph>
  <pragraph ID="4" content="1、据介绍，这十四个城市的城市建设和合作区开发建设步伐加快。2、三年来，这些城市累计完成固定资产投资一百二十亿元，3、昔日边境城市的“楼不高，路不平、灯不明、水不清、通讯不畅”的状况已得到了改变。4、经济合作区内已开发二十二点六平方公里，5、引进“三资”企业二百八十七家，6、实际利用外资八点九亿美元。7、此外，还有内联企业五千一百家，8、已投产工业项目一百七十五个。">
    <relative ID="1" Relation_Pair="1--2" Center="1" times="141" Sentence="据介绍，这十四个城市的城市建设和合作区开发建设步伐加快。|三年来，这些城市累计完成固定资产投资一百二十亿元，" position="0...27--28...52" ConnectiveType="隐式关系" Connective="" Major_relationType="解说性" RelationType="因果性-;目的性-;条件性-;虚拟性-;反转性-;顺序性-;解说性+;例证性+;评价性-;并列性-;递进性-;选择性-" ConnectivePosition="" ConnectiveAttribute="不可添加" RoleLocation="normal" LanguageSense="true"/>
    <relative ID="2" Relation_Pair="2--3" Center="1" times="645" Sentence="三年来，这些城市累计完成固定资产投资一百二十亿元，|昔日边境城市的“楼不高，路不平、灯不明、水不清、通讯不畅”的状况已得到了改变。" position="28...52--53...91" ConnectiveType="隐式关系" Connective="" Major_relationType="评价性" RelationType="因果性+;目的性-;条件性+;虚拟性-;反转性-;顺序性+;解说性-;例证性-;评价性+;并列性-;递进性-;选择性-" ConnectivePosition="" ConnectiveAttribute="不可添加" RoleLocation="normal" LanguageSense="true"/>
    <relative ID="3" Relation_Pair="1--4" Center="1" times="40" Sentence="据介绍，这十四个城市的城市建设和合作区开发建设步伐加快。|经济合作区内已开发二十二点六平方公里，" position="0...27--92...110" ConnectiveType="隐式关系" Connective="" Major_relationType="解说性" RelationType="因果性-;目的性-;条件性-;虚拟性-;反转性-;顺序性-;解说性+;例证性+;评价性-;并列性-;递进性-;选择性-" ConnectivePosition="" ConnectiveAttribute="不可添加" RoleLocation="normal" LanguageSense="true"/>
    <relative ID="4" Relation_Pair="1--5" Center="1" times="141" Sentence="据介绍，这十四个城市的城市建设和合作区开发建设步伐加快。|引进“三资”企业二百八十七家，" position="0...27--111...125" ConnectiveType="隐式关系" Connective="" Major_relationType="解说性" RelationType="因果性-;目的性-;条件性-;虚拟性-;反转性-;顺序性-;解说性+;例证性+;评价性-;并列性-;递进性-;选择性-" ConnectivePosition="" ConnectiveAttribute="不可添加" RoleLocation="normal" LanguageSense="true"/>
    <relative ID="5" Relation_Pair="1--6" Center="1" times="32" Sentence="据介绍，这十四个城市的城市建设和合作区开发建设步伐加快。|实际利用外资八点九亿美元。" position="0...27--126...138" ConnectiveType="隐式关系" Connective="" Major_relationType="解说性" RelationType="因果性-;目的性-;条件性-;虚拟性-;反转性-;顺序性-;解说性+;例证性+;评价性-;并列性-;递进性-;选择性-" ConnectivePosition="" ConnectiveAttribute="不可添加" RoleLocation="normal" LanguageSense="true"/>
    <relative ID="6" Relation_Pair="1--7" Center="1" times="73" Sentence="据介绍，这十四个城市的城市建设和合作区开发建设步伐加快。|此外，还有内联企业五千一百家，" position="0...27--139...153" ConnectiveType="隐式关系" Connective="" Major_relationType="解说性" RelationType="因果性-;目的性-;条件性-;虚拟性-;反转性-;顺序性-;解说性+;例证性+;评价性-;并列性-;递进性-;选择性-" ConnectivePosition="" ConnectiveAttribute="不可添加" RoleLocation="normal" LanguageSense="true"/>
    <relative ID="7" Relation_Pair="1--8" Center="1" times="24" Sentence="据介绍，这十四个城市的城市建设和合作区开发建设步伐加快。|已投产工业项目一百七十五个。" position="0...27--154...167" ConnectiveType="隐式关系" Connective="" Major_relationType="解说性" RelationType="因果性-;目的性-;条件性-;虚拟性-;反转性-;顺序性-;解说性+;例证性+;评价性-;并列性-;递进性-;选择性-" ConnectivePosition="" ConnectiveAttribute="不可添加" RoleLocation="normal" LanguageSense="true"/>
  </pragraph>
</doc>
