<?xml version="1.0" encoding="UTF-8"?>

<doc>
  <pragraph ID="2" content="1、中国建筑市场近年来对外开放步伐进一步加快。2、据初步统计，目前在中国境内承包工程的国外承包商已有一百三十七家，3、承包的工程达一百四十一项，4、其中最大规模的项目达二十七点七亿元；5、中外合资合作的建筑企业近二千家。">
    <relative ID="1" Relation_Pair="1--2" Center="1" times="30" Sentence="中国建筑市场近年来对外开放步伐进一步加快。|据初步统计，目前在中国境内承包工程的国外承包商已有一百三十七家，" position="0...20--21...52" ConnectiveType="隐式关系" Connective="" Major_relationType="解说性" RelationType="因果性-;目的性-;条件性-;虚拟性-;反转性-;顺序性-;解说性+;例证性+;评价性-;并列性-;递进性-;选择性-" ConnectivePosition="" ConnectiveAttribute="不可添加" RoleLocation="normal" LanguageSense="true"/>
    <relative ID="2" Relation_Pair="1--3" Center="1" times="33" Sentence="中国建筑市场近年来对外开放步伐进一步加快。|承包的工程达一百四十一项，" position="0...20--53...65" ConnectiveType="隐式关系" Connective="" Major_relationType="解说性" RelationType="因果性-;目的性-;条件性-;虚拟性-;反转性-;顺序性-;解说性+;例证性+;评价性-;并列性-;递进性-;选择性-" ConnectivePosition="" ConnectiveAttribute="不可添加" RoleLocation="normal" LanguageSense="true"/>
    <relative ID="3" Relation_Pair="3--4" Center="1" times="52" Sentence="承包的工程达一百四十一项，|其中最大规模的项目达二十七点七亿元；" position="53...65--66...83" ConnectiveType="显式关系" Connective="其中" Major_relationType="解说性" RelationType="因果性-;目的性-;条件性-;虚拟性-;反转性-;顺序性-;解说性+;例证性-;评价性-;并列性-;递进性-;选择性-" ConnectivePosition="69…71" ConnectiveAttribute="可删除" RoleLocation="normal" LanguageSense="true"/>
    <relative ID="4" Relation_Pair="1--5" Center="1" times="23" Sentence="中国建筑市场近年来对外开放步伐进一步加快。|中外合资合作的建筑企业近二千家。" position="0...20--84...99" ConnectiveType="隐式关系" Connective="" Major_relationType="解说性" RelationType="因果性-;目的性-;条件性-;虚拟性-;反转性-;顺序性-;解说性+;例证性+;评价性-;并列性-;递进性-;选择性-" ConnectivePosition="" ConnectiveAttribute="不可添加" RoleLocation="normal" LanguageSense="true"/>
  </pragraph>
  <pragraph ID="3" content="1、中国建筑业对外开放始于八十年代。2、十几年来，已有美国、日本、法国、英国、德国、芬兰、意大利、新加坡、香港、台湾等十几个国家和地区的境外企业进入中国进行工程总承包或工程分包。3、世界上最大的二百二十五家国际承包商中，有十几家已进入中国，4、其中不少公司与中国公司合资合作进行建设。">
    <relative ID="1" Relation_Pair="1--2" Center="2" times="139" Sentence="中国建筑业对外开放始于八十年代。|十几年来，已有美国、日本、法国、英国、德国、芬兰、意大利、新加坡、香港、台湾等十几个国家和地区的境外企业进入中国进行工程总承包或工程分包。" position="0...15--16...84" ConnectiveType="隐式关系" Connective="" Major_relationType="顺序性" RelationType="因果性+;目的性-;条件性+;虚拟性-;反转性-;顺序性+;解说性-;例证性-;评价性-;并列性-;递进性-;选择性-" ConnectivePosition="" ConnectiveAttribute="不可添加" RoleLocation="normal" LanguageSense="true"/>
    <relative ID="2" Relation_Pair="2--3" Center="1" times="131" Sentence="十几年来，已有美国、日本、法国、英国、德国、芬兰、意大利、新加坡、香港、台湾等十几个国家和地区的境外企业进入中国进行工程总承包或工程分包。|世界上最大的二百二十五家国际承包商中，有十几家已进入中国，" position="16...84--85...113" ConnectiveType="隐式关系" Connective="" Major_relationType="解说性" RelationType="因果性-;目的性-;条件性-;虚拟性-;反转性-;顺序性-;解说性+;例证性-;评价性-;并列性+;递进性-;选择性-" ConnectivePosition="" ConnectiveAttribute="不可添加" RoleLocation="normal" LanguageSense="true"/>
    <relative ID="3" Relation_Pair="3--4" Center="1" times="32" Sentence="世界上最大的二百二十五家国际承包商中，有十几家已进入中国，|其中不少公司与中国公司合资合作进行建设。" position="85...113--114...133" ConnectiveType="显式关系" Connective="其中" Major_relationType="解说性" RelationType="因果性-;目的性-;条件性-;虚拟性-;反转性-;顺序性-;解说性+;例证性-;评价性-;并列性-;递进性-;选择性-" ConnectivePosition="117…119" ConnectiveAttribute="可删除" RoleLocation="normal" LanguageSense="true"/>
  </pragraph>
  <pragraph ID="4" content="1、根据建设部的规定，2、凡属于国际金融组织贷款并由国际公开招标的工程全部由外国投资或赠款建设的工程，以及国内企业在技术上难以单独承包的中外合资建设工程，境外建筑企业在取得中国审批的外国企业承包工程资质证后，3、皆可进入中国境内承包建设项目。4、一九九五年九月建设部和外经贸部联合发布的《关于设立外商投资建筑业企业的若干规定》，使中国的建筑市场从允许境外企业到中国承包工程进入到允许境外企业到中国办合资建筑企业。">
    <relative ID="1" Relation_Pair="1--3" Center="2" times="28" Sentence="根据建设部的规定，|皆可进入中国境内承包建设项目。" position="0...8--100...114" ConnectiveType="显式关系" Connective="根据" Major_relationType="条件性" RelationType="因果性+;目的性-;条件性+;虚拟性-;反转性-;顺序性-;解说性+;例证性-;评价性-;并列性-;递进性-;选择性-" ConnectivePosition="0…2" ConnectiveAttribute="不可删除" RoleLocation="normal" LanguageSense="true"/>
    <relative ID="2" Relation_Pair="2--3" Center="2" times="87" Sentence="凡属于国际金融组织贷款并由国际公开招标的工程全部由外国投资或赠款建设的工程，以及国内企业在技术上难以单独承包的中外合资建设工程，境外建筑企业在取得中国审批的外国企业承包工程资质证后，|皆可进入中国境内承包建设项目。" position="9...99--100...114" ConnectiveType="显式关系" Connective="在;后" Major_relationType="条件性" RelationType="因果性+;目的性-;条件性+;虚拟性-;反转性-;顺序性+;解说性-;例证性-;评价性-;并列性-;递进性-;选择性-" ConnectivePosition="80…81;99…100" ConnectiveAttribute="不可删除" RoleLocation="normal" LanguageSense="true"/>
    <relative ID="3" Relation_Pair="3--4" Center="3" times="276" Sentence="皆可进入中国境内承包建设项目。|一九九五年九月建设部和外经贸部联合发布的《关于设立外商投资建筑业企业的若干规定》，使中国的建筑市场从允许境外企业到中国承包工程进入到允许境外企业到中国办合资建筑企业。" position="100...114--115...197" ConnectiveType="隐式关系" Connective="" Major_relationType="递进性" RelationType="因果性-;目的性-;条件性-;虚拟性-;反转性-;顺序性+;解说性-;例证性-;评价性-;并列性+;递进性+;选择性-" ConnectivePosition="" ConnectiveAttribute="不可添加" RoleLocation="normal" LanguageSense="true"/>
  </pragraph>
</doc>
