<?xml version="1.0" encoding="UTF-8"?>

<doc>
  <pragraph ID="2" content="1、“八五”（一九九一至一九九五年）期间，西藏金融体制改革坚持与全国框架一致、体制衔接的方针，2、顺利完成了西藏各级人民银行的分设工作，3、实现信贷资金使用从粗放型经营方式向集约型经营方式转变。4、去年，全区各项存款首次突破了年净增二十亿元大关。">
    <relative ID="1" Relation_Pair="1--2" Center="2" times="104" Sentence="“八五”（一九九一至一九九五年）期间，西藏金融体制改革坚持与全国框架一致、体制衔接的方针，|顺利完成了西藏各级人民银行的分设工作，" position="0...44--45...63" ConnectiveType="隐式关系" Connective="" Major_relationType="因果性" RelationType="因果性+;目的性+;条件性+;虚拟性-;反转性-;顺序性+;解说性-;例证性-;评价性-;并列性-;递进性-;选择性-" ConnectivePosition="" ConnectiveAttribute="不可添加" RoleLocation="normal" LanguageSense="true"/>
    <relative ID="2" Relation_Pair="2--3" Center="2" times="69" Sentence="顺利完成了西藏各级人民银行的分设工作，|实现信贷资金使用从粗放型经营方式向集约型经营方式转变。" position="45...63--64...90" ConnectiveType="隐式关系" Connective="" Major_relationType="因果性" RelationType="因果性+;目的性+;条件性+;虚拟性-;反转性-;顺序性+;解说性-;例证性-;评价性-;并列性-;递进性-;选择性-" ConnectivePosition="" ConnectiveAttribute="不可添加" RoleLocation="normal" LanguageSense="true"/>
    <relative ID="3" Relation_Pair="3--4" Center="1" times="111" Sentence="实现信贷资金使用从粗放型经营方式向集约型经营方式转变。|去年，全区各项存款首次突破了年净增二十亿元大关。" position="64...90--91...114" ConnectiveType="隐式关系" Connective="" Major_relationType="例证性" RelationType="因果性+;目的性-;条件性-;虚拟性-;反转性-;顺序性+;解说性-;例证性+;评价性-;并列性-;递进性-;选择性-" ConnectivePosition="" ConnectiveAttribute="不可添加" RoleLocation="normal" LanguageSense="true"/>
  </pragraph>
  <pragraph ID="3" content="1、据中国人民银行西藏自治区分行行长索朗达吉介绍，“八五”期间，西藏自治区分行在全国率先撤销了人民银行县支行，2、中国农业银行西藏自治区分行于去年七月一日正式对外挂牌营业，3、实现了金融体制在框架上与全国一致。4、外汇体制改革实现了与全国接轨，5、结售制度和新的核销制度在西藏全面实施，6、有效地防止了外汇流失。7、去年全区各项存款和贷款的增幅远远高于经济发展速度，8、实现了年初金融工作会议提出的要求。">
    <relative ID="1" Relation_Pair="1--3" Center="2" times="235" Sentence="据中国人民银行西藏自治区分行行长索朗达吉介绍，“八五”期间，西藏自治区分行在全国率先撤销了人民银行县支行，|实现了金融体制在框架上与全国一致。" position="0...52--82...98" ConnectiveType="隐式关系" Connective="" Major_relationType="因果性" RelationType="因果性+;目的性+;条件性+;虚拟性-;反转性-;顺序性+;解说性-;例证性-;评价性+;并列性-;递进性-;选择性-" ConnectivePosition="" ConnectiveAttribute="不可添加" RoleLocation="normal" LanguageSense="true"/>
    <relative ID="2" Relation_Pair="2--3" Center="2" times="19" Sentence="中国农业银行西藏自治区分行于去年七月一日正式对外挂牌营业，|实现了金融体制在框架上与全国一致。" position="53...81--82...98" ConnectiveType="隐式关系" Connective="" Major_relationType="因果性" RelationType="因果性+;目的性+;条件性+;虚拟性-;反转性-;顺序性+;解说性-;例证性-;评价性+;并列性-;递进性-;选择性-" ConnectivePosition="" ConnectiveAttribute="不可添加" RoleLocation="normal" LanguageSense="true"/>
    <relative ID="3" Relation_Pair="4--5" Center="1" times="81" Sentence="外汇体制改革实现了与全国接轨，|结售制度和新的核销制度在西藏全面实施，" position="99...113--114...132" ConnectiveType="隐式关系" Connective="" Major_relationType="解说性" RelationType="因果性-;目的性-;条件性-;虚拟性-;反转性-;顺序性-;解说性+;例证性-;评价性-;并列性-;递进性-;选择性-" ConnectivePosition="" ConnectiveAttribute="不可添加" RoleLocation="normal" LanguageSense="true"/>
    <relative ID="4" Relation_Pair="5--6" Center="1" times="73" Sentence="结售制度和新的核销制度在西藏全面实施，|有效地防止了外汇流失。" position="114...132--133...143" ConnectiveType="隐式关系" Connective="" Major_relationType="因果性" RelationType="因果性+;目的性+;条件性+;虚拟性-;反转性-;顺序性+;解说性-;例证性-;评价性-;并列性-;递进性-;选择性-" ConnectivePosition="" ConnectiveAttribute="不可添加" RoleLocation="normal" LanguageSense="true"/>
    <relative ID="5" Relation_Pair="7--8" Center="1" times="103" Sentence="去年全区各项存款和贷款的增幅远远高于经济发展速度，|实现了年初金融工作会议提出的要求。" position="144...168--169...185" ConnectiveType="隐式关系" Connective="" Major_relationType="因果性" RelationType="因果性+;目的性+;条件性-;虚拟性-;反转性-;顺序性+;解说性-;例证性-;评价性-;并列性-;递进性-;选择性-" ConnectivePosition="" ConnectiveAttribute="不可添加" RoleLocation="normal" LanguageSense="true"/>
    <relative ID="6" Relation_Pair="3--4" Center="1" times="26" Sentence="实现了金融体制在框架上与全国一致。|外汇体制改革实现了与全国接轨，" position="82...98--99...113" ConnectiveType="隐式关系" Connective="" Major_relationType="解说性" RelationType="因果性-;目的性-;条件性-;虚拟性-;反转性-;顺序性-;解说性+;例证性-;评价性-;并列性-;递进性-;选择性-" ConnectivePosition="" ConnectiveAttribute="不可添加" RoleLocation="normal" LanguageSense="true"/>
    <relative ID="7" Relation_Pair="3--7" Center="1" times="24" Sentence="实现了金融体制在框架上与全国一致。|去年全区各项存款和贷款的增幅远远高于经济发展速度，" position="82...98--144...168" ConnectiveType="隐式关系" Connective="" Major_relationType="因果性" RelationType="因果性+;目的性-;条件性+;虚拟性-;反转性-;顺序性+;解说性-;例证性+;评价性-;并列性-;递进性-;选择性-" ConnectivePosition="" ConnectiveAttribute="不可添加" RoleLocation="normal" LanguageSense="true"/>
  </pragraph>
  <pragraph ID="4" content="1、西藏银行部门积极调整信贷结构，2、以确保农牧业生产等重点产业的投入，3、加大对工业、能源、交通、通信等建设的正常资金供应量。4、去年新增贷款十四点四一亿元，5、比上年增加八亿多元。6、农牧业生产贷款（包括扶贫贷款）比上年新增四点三八亿元；7、乡镇企业贷款增幅为百分之六十一点八三。">
    <relative ID="1" Relation_Pair="1--2" Center="1" times="352" Sentence="西藏银行部门积极调整信贷结构，|以确保农牧业生产等重点产业的投入，" position="0...14--15...31" ConnectiveType="显式关系" Connective="以" Major_relationType="目的性" RelationType="因果性+;目的性+;条件性-;虚拟性+;反转性-;顺序性+;解说性-;例证性-;评价性-;并列性-;递进性-;选择性-" ConnectivePosition="16…17" ConnectiveAttribute="不可删除" RoleLocation="normal" LanguageSense="true"/>
    <relative ID="2" Relation_Pair="1--3" Center="1" times="27" Sentence="西藏银行部门积极调整信贷结构，|加大对工业、能源、交通、通信等建设的正常资金供应量。" position="0...14--32...57" ConnectiveType="显式关系" Connective="以" Major_relationType="目的性" RelationType="因果性+;目的性+;条件性-;虚拟性+;反转性-;顺序性+;解说性-;例证性-;评价性-;并列性-;递进性-;选择性-" ConnectivePosition="16…17" ConnectiveAttribute="不可删除" RoleLocation="normal" LanguageSense="true"/>
    <relative ID="3" Relation_Pair="4--5" Center="1" times="177" Sentence="去年新增贷款十四点四一亿元，|比上年增加八亿多元。" position="58...71--72...81" ConnectiveType="隐式关系" Connective="" Major_relationType="并列性" RelationType="因果性-;目的性-;条件性-;虚拟性-;反转性-;顺序性-;解说性-;例证性-;评价性+;并列性+;递进性-;选择性-" ConnectivePosition="" ConnectiveAttribute="不可添加" RoleLocation="normal" LanguageSense="true"/>
    <relative ID="4" Relation_Pair="4--6" Center="1" times="53" Sentence="去年新增贷款十四点四一亿元，|农牧业生产贷款（包括扶贫贷款）比上年新增四点三八亿元；" position="58...71--82...108" ConnectiveType="隐式关系" Connective="其中" Major_relationType="解说性" RelationType="因果性-;目的性-;条件性-;虚拟性-;反转性-;顺序性-;解说性+;例证性-;评价性-;并列性-;递进性-;选择性-" ConnectivePosition="87…89" ConnectiveAttribute="可添加" RoleLocation="normal" LanguageSense="true"/>
    <relative ID="5" Relation_Pair="4--7" Center="1" times="25" Sentence="去年新增贷款十四点四一亿元，|乡镇企业贷款增幅为百分之六十一点八三。" position="58...71--109...127" ConnectiveType="隐式关系" Connective="其中" Major_relationType="解说性" RelationType="因果性-;目的性-;条件性-;虚拟性-;反转性-;顺序性-;解说性+;例证性-;评价性-;并列性-;递进性-;选择性-" ConnectivePosition="" ConnectiveAttribute="可添加" RoleLocation="normal" LanguageSense="true"/>
    <relative ID="6" Relation_Pair="1--4" Center="1" times="220" Sentence="西藏银行部门积极调整信贷结构，|去年新增贷款十四点四一亿元，" position="0...14--58...71" ConnectiveType="隐式关系" Connective="" Major_relationType="例证性" RelationType="因果性+;目的性-;条件性-;虚拟性-;反转性-;顺序性+;解说性+;例证性+;评价性-;并列性-;递进性-;选择性-" ConnectivePosition="" ConnectiveAttribute="不可添加" RoleLocation="normal" LanguageSense="true"/>
  </pragraph>
  <pragraph ID="5" content="1、到去年底，全区各项存款余额达七十一点六三亿元，2、比上年同期增长百分之四十一点七八，3、其中，城乡居民储蓄存款为十九点三七亿元，4、比上年同期增长百分之四十八点二。5、“八五”期间各项存款比“七五”（一九八六至一九九０年）末净增五十亿元，6、年平均增长百分之二十七点四九。7、在新增的储蓄存款中，定期存款占百分之七十二点一五。8、货币回笼的增加，为平抑全区物价发挥了作用。">
    <relative ID="1" Relation_Pair="1--2" Center="1" times="234" Sentence="到去年底，全区各项存款余额达七十一点六三亿元，|比上年同期增长百分之四十一点七八，" position="0...22--23...39" ConnectiveType="隐式关系" Connective="" Major_relationType="评价性" RelationType="因果性-;目的性-;条件性-;虚拟性-;反转性-;顺序性-;解说性-;例证性-;评价性+;并列性+;递进性-;选择性-" ConnectivePosition="" ConnectiveAttribute="不可添加" RoleLocation="normal" LanguageSense="true"/>
    <relative ID="2" Relation_Pair="1--3" Center="1" times="27" Sentence="到去年底，全区各项存款余额达七十一点六三亿元，|其中，城乡居民储蓄存款为十九点三七亿元，" position="0...22--40...59" ConnectiveType="显式关系" Connective="其中" Major_relationType="解说性" RelationType="因果性-;目的性-;条件性-;虚拟性-;反转性-;顺序性-;解说性+;例证性-;评价性-;并列性-;递进性-;选择性-" ConnectivePosition="42…44" ConnectiveAttribute="不可删除" RoleLocation="normal" LanguageSense="true"/>
    <relative ID="3" Relation_Pair="3--4" Center="1" times="109" Sentence="其中，城乡居民储蓄存款为十九点三七亿元，|比上年同期增长百分之四十八点二。" position="40...59--60...75" ConnectiveType="隐式关系" Connective="" Major_relationType="评价性" RelationType="因果性-;目的性-;条件性-;虚拟性-;反转性-;顺序性-;解说性-;例证性-;评价性+;并列性+;递进性-;选择性-" ConnectivePosition="" ConnectiveAttribute="不可添加" RoleLocation="normal" LanguageSense="true"/>
    <relative ID="4" Relation_Pair="5--6" Center="1" times="93" Sentence="“八五”期间各项存款比“七五”（一九八六至一九九０年）末净增五十亿元，|年平均增长百分之二十七点四九。" position="76...110--111...125" ConnectiveType="隐式关系" Connective="" Major_relationType="解说性" RelationType="因果性-;目的性-;条件性-;虚拟性-;反转性-;顺序性-;解说性+;例证性-;评价性-;并列性+;递进性-;选择性-" ConnectivePosition="" ConnectiveAttribute="不可添加" RoleLocation="normal" LanguageSense="true"/>
    <relative ID="5" Relation_Pair="5--7" Center="1" times="31" Sentence="“八五”期间各项存款比“七五”（一九八六至一九九０年）末净增五十亿元，|在新增的储蓄存款中，定期存款占百分之七十二点一五。" position="76...110--126...150" ConnectiveType="隐式关系" Connective="" Major_relationType="解说性" RelationType="因果性-;目的性-;条件性-;虚拟性-;反转性-;顺序性-;解说性+;例证性-;评价性-;并列性-;递进性-;选择性-" ConnectivePosition="" ConnectiveAttribute="不可添加" RoleLocation="normal" LanguageSense="true"/>
    <relative ID="6" Relation_Pair="5--8" Center="1" times="47" Sentence="“八五”期间各项存款比“七五”（一九八六至一九九０年）末净增五十亿元，|货币回笼的增加，为平抑全区物价发挥了作用。" position="76...110--151...171" ConnectiveType="隐式关系" Connective="" Major_relationType="评价性" RelationType="因果性-;目的性-;条件性-;虚拟性-;反转性-;顺序性-;解说性-;例证性-;评价性+;并列性-;递进性-;选择性-" ConnectivePosition="" ConnectiveAttribute="不可添加" RoleLocation="normal" LanguageSense="true"/>
    <relative ID="7" Relation_Pair="1--5" Center="2" times="55" Sentence="到去年底，全区各项存款余额达七十一点六三亿元，|“八五”期间各项存款比“七五”（一九八六至一九九０年）末净增五十亿元，" position="0...22--76...110" ConnectiveType="隐式关系" Connective="" Major_relationType="评价性" RelationType="因果性-;目的性-;条件性-;虚拟性-;反转性-;顺序性-;解说性+;例证性-;评价性+;并列性-;递进性-;选择性-" ConnectivePosition="" ConnectiveAttribute="不可添加" RoleLocation="normal" LanguageSense="true"/>
  </pragraph>
</doc>
