<?xml version="1.0" encoding="UTF-8"?>

<doc>
  <pragraph ID="2" content="1、据中国人民银行统计，截至去年底，中国金融机构对三资企业的人民币贷款余额已达九百九十五点六亿元，2、这一数字比上年末增加二百零三点三亿元，3、增长百分之二十七点六。">
    <relative ID="1" Relation_Pair="1--2" Center="1" times="221" Sentence="据中国人民银行统计，截至去年底，中国金融机构对三资企业的人民币贷款余额已达九百九十五点六亿元，|这一数字比上年末增加二百零三点三亿元，" position="0...46--47...65" ConnectiveType="隐式关系" Connective="" Major_relationType="评价性" RelationType="因果性-;目的性-;条件性-;虚拟性-;反转性-;顺序性-;解说性-;例证性-;评价性+;并列性+;递进性-;选择性-" ConnectivePosition="" ConnectiveAttribute="不可添加" RoleLocation="normal" LanguageSense="true"/>
    <relative ID="2" Relation_Pair="1--3" Center="1" times="43" Sentence="据中国人民银行统计，截至去年底，中国金融机构对三资企业的人民币贷款余额已达九百九十五点六亿元，|增长百分之二十七点六。" position="0...46--66...76" ConnectiveType="隐式关系" Connective="" Major_relationType="评价性" RelationType="因果性-;目的性-;条件性-;虚拟性-;反转性-;顺序性-;解说性-;例证性-;评价性+;并列性+;递进性-;选择性-" ConnectivePosition="" ConnectiveAttribute="不可添加" RoleLocation="normal" LanguageSense="true"/>
  </pragraph>
  <pragraph ID="3" content="1、据了解，近几年，随着中国经济的不断发展和对外开放的不断深入，外商来华投资热情很高，2、投资项目和金额增长十分迅速。3、据统计，迄今中国已累计批准外商投资项目近二十五点九万个，4、实际使用外资金额一千三百五十四亿美元。5、目前，已有十二万多家外商投资企业在中国开业，6、而且这些已开业的外商投资企业绝大部分生产经营状况较好。7、据国家税务总局统计，去年全国外商投资企业和外国企业缴纳的所得税达七十五点六七亿元，8、比上年增长百分之五十七点一。">
    <relative ID="1" Relation_Pair="1--2" Center="2" times="30" Sentence="据了解，近几年，随着中国经济的不断发展和对外开放的不断深入，外商来华投资热情很高，|投资项目和金额增长十分迅速。" position="0...40--41...54" ConnectiveType="隐式关系" Connective="" Major_relationType="因果性" RelationType="因果性+;目的性-;条件性+;虚拟性-;反转性-;顺序性+;解说性-;例证性-;评价性-;并列性-;递进性-;选择性-" ConnectivePosition="" ConnectiveAttribute="不可添加" RoleLocation="normal" LanguageSense="true"/>
    <relative ID="2" Relation_Pair="2--3" Center="1" times="68" Sentence="投资项目和金额增长十分迅速。|据统计，迄今中国已累计批准外商投资项目近二十五点九万个，" position="41...54--55...82" ConnectiveType="隐式关系" Connective="" Major_relationType="例证性" RelationType="因果性-;目的性-;条件性-;虚拟性-;反转性-;顺序性-;解说性+;例证性+;评价性-;并列性-;递进性-;选择性-" ConnectivePosition="" ConnectiveAttribute="不可添加" RoleLocation="normal" LanguageSense="true"/>
    <relative ID="3" Relation_Pair="3--4" Center="1" times="238" Sentence="据统计，迄今中国已累计批准外商投资项目近二十五点九万个，|实际使用外资金额一千三百五十四亿美元。" position="55...82--83...101" ConnectiveType="隐式关系" Connective="" Major_relationType="解说性" RelationType="因果性-;目的性-;条件性-;虚拟性-;反转性-;顺序性-;解说性+;例证性-;评价性-;并列性+;递进性-;选择性-" ConnectivePosition="" ConnectiveAttribute="不可添加" RoleLocation="normal" LanguageSense="true"/>
    <relative ID="4" Relation_Pair="5--6" Center="2" times="107" Sentence="目前，已有十二万多家外商投资企业在中国开业，|而且这些已开业的外商投资企业绝大部分生产经营状况较好。" position="102...123--124...150" ConnectiveType="显式关系" Connective="而且" Major_relationType="递进性" RelationType="因果性-;目的性-;条件性-;虚拟性-;反转性-;顺序性-;解说性+;例证性-;评价性-;并列性-;递进性+;选择性-" ConnectivePosition="130…132" ConnectiveAttribute="不可删除" RoleLocation="normal" LanguageSense="true"/>
    <relative ID="5" Relation_Pair="7--8" Center="1" times="63" Sentence="据国家税务总局统计，去年全国外商投资企业和外国企业缴纳的所得税达七十五点六七亿元，|比上年增长百分之五十七点一。" position="151...191--192...205" ConnectiveType="隐式关系" Connective="" Major_relationType="评价性" RelationType="因果性-;目的性-;条件性-;虚拟性-;反转性-;顺序性-;解说性-;例证性-;评价性+;并列性+;递进性-;选择性-" ConnectivePosition="" ConnectiveAttribute="不可添加" RoleLocation="normal" LanguageSense="true"/>
    <relative ID="6" Relation_Pair="3--5" Center="1" times="125" Sentence="据统计，迄今中国已累计批准外商投资项目近二十五点九万个，|目前，已有十二万多家外商投资企业在中国开业，" position="55...82--102...123" ConnectiveType="隐式关系" Connective="" Major_relationType="解说性" RelationType="因果性-;目的性-;条件性-;虚拟性-;反转性-;顺序性+;解说性+;例证性-;评价性-;并列性-;递进性-;选择性-" ConnectivePosition="" ConnectiveAttribute="不可添加" RoleLocation="normal" LanguageSense="true"/>
    <relative ID="7" Relation_Pair="6--7" Center="1" times="51" Sentence="而且这些已开业的外商投资企业绝大部分生产经营状况较好。|据国家税务总局统计，去年全国外商投资企业和外国企业缴纳的所得税达七十五点六七亿元，" position="124...150--151...191" ConnectiveType="显式关系" Connective="据" Major_relationType="例证性" RelationType="因果性-;目的性-;条件性-;虚拟性-;反转性-;顺序性-;解说性+;例证性+;评价性-;并列性-;递进性-;选择性-" ConnectivePosition="158…159" ConnectiveAttribute="不可删除" RoleLocation="normal" LanguageSense="true"/>
  </pragraph>
  <pragraph ID="4" content="1、据了解，目前，在外商投资企业获得的人民币贷款中，有近一半是中国银行提供的。2、仅去年中国银行就累计向外商投资企业提供了六百九十多亿元的人民币贷款，3、另外还向外商投资企业发放外汇现汇贷款四十多亿美元，4、这些贷款重点支持基础原材料、化工、机械等行业。5、据统计，到去年底，中国银行向外商投资企业累计发放的外汇现汇贷款和人民币贷款达到二百一十亿美元和二千五百九十三亿元，6、人民币贷款余额已近四百五十四亿元。7、目前，约有十五万家外商投资企业在中国银行开立帐户，8、其中二万多家获得中国银行的贷款支持。">
    <relative ID="1" Relation_Pair="1--2" Center="1" times="63" Sentence="据了解，目前，在外商投资企业获得的人民币贷款中，有近一半是中国银行提供的。|仅去年中国银行就累计向外商投资企业提供了六百九十多亿元的人民币贷款，" position="0...36--37...70" ConnectiveType="隐式关系" Connective="" Major_relationType="例证性" RelationType="因果性-;目的性-;条件性-;虚拟性-;反转性-;顺序性-;解说性+;例证性+;评价性-;并列性-;递进性-;选择性-" ConnectivePosition="" ConnectiveAttribute="不可添加" RoleLocation="normal" LanguageSense="true"/>
    <relative ID="2" Relation_Pair="1--3" Center="1" times="46" Sentence="据了解，目前，在外商投资企业获得的人民币贷款中，有近一半是中国银行提供的。|另外还向外商投资企业发放外汇现汇贷款四十多亿美元，" position="0...36--71...95" ConnectiveType="隐式关系" Connective="" Major_relationType="例证性" RelationType="因果性-;目的性-;条件性-;虚拟性-;反转性-;顺序性-;解说性+;例证性+;评价性-;并列性-;递进性-;选择性-" ConnectivePosition="" ConnectiveAttribute="不可添加" RoleLocation="normal" LanguageSense="true"/>
    <relative ID="3" Relation_Pair="2--4" Center="1" times="35" Sentence="仅去年中国银行就累计向外商投资企业提供了六百九十多亿元的人民币贷款，|这些贷款重点支持基础原材料、化工、机械等行业。" position="37...70--96...118" ConnectiveType="隐式关系" Connective="" Major_relationType="解说性" RelationType="因果性-;目的性-;条件性-;虚拟性-;反转性-;顺序性-;解说性+;例证性-;评价性-;并列性-;递进性-;选择性-" ConnectivePosition="" ConnectiveAttribute="不可添加" RoleLocation="normal" LanguageSense="true"/>
    <relative ID="4" Relation_Pair="3--4" Center="1" times="15" Sentence="另外还向外商投资企业发放外汇现汇贷款四十多亿美元，|这些贷款重点支持基础原材料、化工、机械等行业。" position="71...95--96...118" ConnectiveType="隐式关系" Connective="" Major_relationType="解说性" RelationType="因果性-;目的性-;条件性-;虚拟性-;反转性-;顺序性-;解说性+;例证性-;评价性-;并列性-;递进性-;选择性-" ConnectivePosition="" ConnectiveAttribute="不可添加" RoleLocation="normal" LanguageSense="true"/>
    <relative ID="5" Relation_Pair="1--5" Center="1" times="109" Sentence="据了解，目前，在外商投资企业获得的人民币贷款中，有近一半是中国银行提供的。|据统计，到去年底，中国银行向外商投资企业累计发放的外汇现汇贷款和人民币贷款达到二百一十亿美元和二千五百九十三亿元，" position="0...36--119...175" ConnectiveType="隐式关系" Connective="" Major_relationType="例证性" RelationType="因果性-;目的性-;条件性-;虚拟性-;反转性-;顺序性-;解说性+;例证性+;评价性-;并列性-;递进性-;选择性-" ConnectivePosition="" ConnectiveAttribute="不可添加" RoleLocation="normal" LanguageSense="true"/>
    <relative ID="6" Relation_Pair="1--6" Center="1" times="27" Sentence="据了解，目前，在外商投资企业获得的人民币贷款中，有近一半是中国银行提供的。|人民币贷款余额已近四百五十四亿元。" position="0...36--176...192" ConnectiveType="隐式关系" Connective="" Major_relationType="例证性" RelationType="因果性-;目的性-;条件性-;虚拟性-;反转性-;顺序性-;解说性+;例证性+;评价性-;并列性-;递进性-;选择性-" ConnectivePosition="" ConnectiveAttribute="不可添加" RoleLocation="normal" LanguageSense="true"/>
    <relative ID="7" Relation_Pair="7--8" Center="2" times="612" Sentence="目前，约有十五万家外商投资企业在中国银行开立帐户，|其中二万多家获得中国银行的贷款支持。" position="193...217--218...235" ConnectiveType="隐式关系" Connective="" Major_relationType="解说性" RelationType="因果性-;目的性-;条件性-;虚拟性-;反转性-;顺序性-;解说性+;例证性-;评价性-;并列性-;递进性-;选择性-" ConnectivePosition="" ConnectiveAttribute="不可添加" RoleLocation="normal" LanguageSense="true"/>
    <relative ID="8" Relation_Pair="1--8" Center="1" times="58" Sentence="据了解，目前，在外商投资企业获得的人民币贷款中，有近一半是中国银行提供的。|其中二万多家获得中国银行的贷款支持。" position="0...36--218...235" ConnectiveType="隐式关系" Connective="" Major_relationType="例证性" RelationType="因果性-;目的性-;条件性-;虚拟性-;反转性-;顺序性-;解说性+;例证性+;评价性-;并列性-;递进性-;选择性-" ConnectivePosition="" ConnectiveAttribute="不可添加" RoleLocation="normal" LanguageSense="true"/>
  </pragraph>
  <pragraph ID="5" content="1、据中国银行有关负责人透露，今年中国银行仍将继续发挥其在支持外商投资企业方面的主渠道作用，2、对投资企业的贷款规模将保持适度增长。3、贷款将向能源、交通、电力等基础设施产业倾斜，4、尤其以国外大公司在华设立的大中型企业为重点；5、此外，高技术、高科技、高出口、高利税的企业也将获得中国银行的贷款支持。">
    <relative ID="1" Relation_Pair="1--2" Center="2" times="287" Sentence="据中国银行有关负责人透露，今年中国银行仍将继续发挥其在支持外商投资企业方面的主渠道作用，|对投资企业的贷款规模将保持适度增长。" position="0...43--44...61" ConnectiveType="隐式关系" Connective="" Major_relationType="解说性" RelationType="因果性+;目的性-;条件性-;虚拟性-;反转性-;顺序性-;解说性+;例证性-;评价性-;并列性-;递进性-;选择性-" ConnectivePosition="" ConnectiveAttribute="不可添加" RoleLocation="normal" LanguageSense="true"/>
    <relative ID="2" Relation_Pair="3--4" Center="1" times="95" Sentence="贷款将向能源、交通、电力等基础设施产业倾斜，|尤其以国外大公司在华设立的大中型企业为重点；" position="62...83--84...105" ConnectiveType="显式关系" Connective="尤其" Major_relationType="递进性" RelationType="因果性-;目的性-;条件性-;虚拟性-;反转性-;顺序性-;解说性-;例证性-;评价性-;并列性-;递进性+;选择性-" ConnectivePosition="88…90" ConnectiveAttribute="不可删除" RoleLocation="normal" LanguageSense="true"/>
    <relative ID="3" Relation_Pair="2--5" Center="1" times="48" Sentence="对投资企业的贷款规模将保持适度增长。|此外，高技术、高科技、高出口、高利税的企业也将获得中国银行的贷款支持。" position="44...61--106...140" ConnectiveType="隐式关系" Connective="" Major_relationType="解说性" RelationType="因果性-;目的性-;条件性-;虚拟性-;反转性-;顺序性-;解说性+;例证性-;评价性-;并列性-;递进性-;选择性-" ConnectivePosition="" ConnectiveAttribute="不可添加" RoleLocation="normal" LanguageSense="true"/>
    <relative ID="4" Relation_Pair="2--3" Center="1" times="18" Sentence="对投资企业的贷款规模将保持适度增长。|贷款将向能源、交通、电力等基础设施产业倾斜，" position="44...61--62...83" ConnectiveType="隐式关系" Connective="" Major_relationType="解说性" RelationType="因果性-;目的性-;条件性-;虚拟性-;反转性-;顺序性-;解说性+;例证性-;评价性-;并列性-;递进性-;选择性-" ConnectivePosition="" ConnectiveAttribute="不可添加" RoleLocation="normal" LanguageSense="true"/>
  </pragraph>
</doc>
