<?xml version="1.0" encoding="UTF-8"?>

<doc>
  <pragraph ID="2" content="1、经中国海关总署批准设立的上海海关驻崇明办事处于日前成立，2、并正式对外办理业务。">
    <relative ID="1" Relation_Pair="1--2" Center="1" times="74" Sentence="经中国海关总署批准设立的上海海关驻崇明办事处于日前成立，|并正式对外办理业务。" position="0...27--28...37" ConnectiveType="隐式关系" Connective="" Major_relationType="顺序性" RelationType="因果性-;目的性-;条件性-;虚拟性-;反转性-;顺序性+;解说性-;例证性-;评价性-;并列性-;递进性-;选择性-" ConnectivePosition="" ConnectiveAttribute="不可添加" RoleLocation="normal" LanguageSense="true"/>
  </pragraph>
  <pragraph ID="4" content="1、崇明是中国第三大岛，2、具有优越的地理条件和悠久的历史，3、改革开放以来，崇明县的经济建设和对外开放发展迅猛，4、外商投资企业不断增多，5、进出口货物大量增加，6、是中国综合实力百强县之一。">
    <relative ID="1" Relation_Pair="3--4" Center="1" times="41" Sentence="改革开放以来，崇明县的经济建设和对外开放发展迅猛，|外商投资企业不断增多，" position="26...50--51...61" ConnectiveType="隐式关系" Connective="" Major_relationType="解说性" RelationType="因果性-;目的性-;条件性-;虚拟性-;反转性-;顺序性-;解说性+;例证性+;评价性-;并列性-;递进性-;选择性-" ConnectivePosition="" ConnectiveAttribute="不可添加" RoleLocation="normal" LanguageSense="true"/>
    <relative ID="2" Relation_Pair="3--5" Center="1" times="13" Sentence="改革开放以来，崇明县的经济建设和对外开放发展迅猛，|进出口货物大量增加，" position="26...50--62...71" ConnectiveType="隐式关系" Connective="" Major_relationType="解说性" RelationType="因果性-;目的性-;条件性-;虚拟性-;反转性-;顺序性-;解说性+;例证性+;评价性-;并列性-;递进性-;选择性-" ConnectivePosition="" ConnectiveAttribute="不可添加" RoleLocation="normal" LanguageSense="true"/>
    <relative ID="3" Relation_Pair="3--6" Center="1" times="193" Sentence="改革开放以来，崇明县的经济建设和对外开放发展迅猛，|是中国综合实力百强县之一。" position="26...50--72...84" ConnectiveType="隐式关系" Connective="" Major_relationType="评价性" RelationType="因果性+;目的性-;条件性-;虚拟性-;反转性-;顺序性-;解说性+;例证性-;评价性+;并列性-;递进性-;选择性-" ConnectivePosition="" ConnectiveAttribute="不可添加" RoleLocation="normal" LanguageSense="true"/>
    <relative ID="4" Relation_Pair="2--3" Center="2" times="59" Sentence="具有优越的地理条件和悠久的历史，|改革开放以来，崇明县的经济建设和对外开放发展迅猛，" position="10...25--26...50" ConnectiveType="隐式关系" Connective="" Major_relationType="因果性" RelationType="因果性+;目的性-;条件性+;虚拟性-;反转性-;顺序性-;解说性-;例证性-;评价性-;并列性-;递进性-;选择性-" ConnectivePosition="" ConnectiveAttribute="不可添加" RoleLocation="normal" LanguageSense="true"/>
    <relative ID="5" Relation_Pair="1--2" Center="2" times="77" Sentence="崇明是中国第三大岛，|具有优越的地理条件和悠久的历史，" position="0...9--10...25" ConnectiveType="隐式关系" Connective="" Major_relationType="评价性" RelationType="因果性-;目的性-;条件性-;虚拟性-;反转性-;顺序性-;解说性+;例证性-;评价性+;并列性-;递进性-;选择性-" ConnectivePosition="" ConnectiveAttribute="不可添加" RoleLocation="normal" LanguageSense="true"/>
  </pragraph>
  <pragraph ID="5" content="1、随着崇明海关办事处的设立，崇明县内的单位足不出岛就可以办理一切海关手续，2、这对进一步改善崇明县的投资环境，加快吸引外资，方便快捷地办理海关手续，把崇明建设成对外高度开放的大型贸易港口，带动出口加工、航运中转等外向型经济的发展，将起到积极的作用。">
    <relative ID="1" Relation_Pair="1--2" Center="1" times="134" Sentence="随着崇明海关办事处的设立，崇明县内的单位足不出岛就可以办理一切海关手续，|这对进一步改善崇明县的投资环境，加快吸引外资，方便快捷地办理海关手续，把崇明建设成对外高度开放的大型贸易港口，带动出口加工、航运中转等外向型经济的发展，将起到积极的作用。" position="0...35--36...120" ConnectiveType="隐式关系" Connective="" Major_relationType="评价性" RelationType="因果性+;目的性-;条件性-;虚拟性-;反转性-;顺序性-;解说性-;例证性-;评价性+;并列性-;递进性-;选择性-" ConnectivePosition="" ConnectiveAttribute="不可添加" RoleLocation="normal" LanguageSense="true"/>
  </pragraph>
</doc>
