<?xml version="1.0" encoding="UTF-8"?>

<doc>
  <pragraph ID="2" content="1、数年前，北海还是北部湾一个默默无闻的小渔村，2、然而三五年时间北海已建成了一个现代化都市的框架，3、街上客流如潮，4、楼房拔地而起。5、北海已成为中国对外开放中升起的一颗明星。">
    <relative ID="1" Relation_Pair="1--2" Center="2" times="136" Sentence="数年前，北海还是北部湾一个默默无闻的小渔村，|然而三五年时间北海已建成了一个现代化都市的框架，" position="0...21--22...45" ConnectiveType="隐式关系" Connective="" Major_relationType="反转性" RelationType="因果性+;目的性-;条件性-;虚拟性-;反转性+;顺序性+;解说性-;例证性-;评价性-;并列性-;递进性-;选择性-" ConnectivePosition="" ConnectiveAttribute="不可添加" RoleLocation="normal" LanguageSense="true"/>
    <relative ID="2" Relation_Pair="2--3" Center="1" times="59" Sentence="然而三五年时间北海已建成了一个现代化都市的框架，|街上客流如潮，" position="22...45--46...52" ConnectiveType="隐式关系" Connective="" Major_relationType="解说性" RelationType="因果性-;目的性-;条件性-;虚拟性-;反转性-;顺序性-;解说性+;例证性+;评价性-;并列性-;递进性-;选择性-" ConnectivePosition="" ConnectiveAttribute="不可添加" RoleLocation="normal" LanguageSense="true"/>
    <relative ID="3" Relation_Pair="2--4" Center="1" times="14" Sentence="然而三五年时间北海已建成了一个现代化都市的框架，|楼房拔地而起。" position="22...45--53...59" ConnectiveType="隐式关系" Connective="" Major_relationType="解说性" RelationType="因果性-;目的性-;条件性-;虚拟性-;反转性-;顺序性-;解说性+;例证性+;评价性-;并列性-;递进性-;选择性-" ConnectivePosition="" ConnectiveAttribute="不可添加" RoleLocation="normal" LanguageSense="true"/>
    <relative ID="4" Relation_Pair="2--5" Center="1" times="40" Sentence="然而三五年时间北海已建成了一个现代化都市的框架，|北海已成为中国对外开放中升起的一颗明星。" position="22...45--60...79" ConnectiveType="隐式关系" Connective="" Major_relationType="评价性" RelationType="因果性-;目的性-;条件性-;虚拟性-;反转性-;顺序性-;解说性-;例证性-;评价性+;并列性-;递进性-;选择性-" ConnectivePosition="" ConnectiveAttribute="不可添加" RoleLocation="normal" LanguageSense="true"/>
  </pragraph>
  <pragraph ID="3" content="1、北海市的崛起，是近年来广西壮族自治区对外开放取得卓著成就的重要标志之一。2、现在广西已初步形成了沿海开放城市、沿海经济开放区、边境开放城镇相结合，由沿海、沿边、沿江向腹地推进的多领域、多层次的对外开放总体格局。">
    <relative ID="1" Relation_Pair="1--2" Center="2" times="218" Sentence="北海市的崛起，是近年来广西壮族自治区对外开放取得卓著成就的重要标志之一。|现在广西已初步形成了沿海开放城市、沿海经济开放区、边境开放城镇相结合，由沿海、沿边、沿江向腹地推进的多领域、多层次的对外开放总体格局。" position="0...35--36...102" ConnectiveType="隐式关系" Connective="" Major_relationType="例证性" RelationType="因果性-;目的性-;条件性-;虚拟性-;反转性-;顺序性-;解说性-;例证性+;评价性-;并列性+;递进性-;选择性-" ConnectivePosition="" ConnectiveAttribute="不可添加" RoleLocation="abnormal" LanguageSense="true"/>
  </pragraph>
  <pragraph ID="4" content="1、统计资料显示，过去五年广西对外贸易和利用外资规模迅速扩大，2、进出口贸易额累计达到一百亿美元，3、其中出口六十八点七亿美元，4、分别比“七五”时期（一九八六至一九九０年）增长一点七八倍和一点四三倍；5、实际利用外资累计达到三十三点二四亿美元，6、占改革开放以来累计总额三十八点三九亿美元的百分之八十四点四；7、边贸成交额一百二十四亿元。">
    <relative ID="1" Relation_Pair="1--2" Center="1" times="93" Sentence="统计资料显示，过去五年广西对外贸易和利用外资规模迅速扩大，|进出口贸易额累计达到一百亿美元，" position="0...28--29...44" ConnectiveType="隐式关系" Connective="" Major_relationType="解说性" RelationType="因果性-;目的性-;条件性-;虚拟性-;反转性-;顺序性-;解说性+;例证性-;评价性-;并列性-;递进性-;选择性-" ConnectivePosition="" ConnectiveAttribute="不可添加" RoleLocation="normal" LanguageSense="true"/>
    <relative ID="2" Relation_Pair="2--3" Center="1" times="149" Sentence="进出口贸易额累计达到一百亿美元，|其中出口六十八点七亿美元，" position="29...44--45...57" ConnectiveType="显式关系" Connective="其中" Major_relationType="解说性" RelationType="因果性-;目的性-;条件性-;虚拟性-;反转性-;顺序性-;解说性+;例证性-;评价性-;并列性-;递进性-;选择性-" ConnectivePosition="47…49" ConnectiveAttribute="不可删除" RoleLocation="normal" LanguageSense="true"/>
    <relative ID="3" Relation_Pair="2--4" Center="1" times="364" Sentence="进出口贸易额累计达到一百亿美元，|分别比“七五”时期（一九八六至一九九０年）增长一点七八倍和一点四三倍；" position="29...44--58...92" ConnectiveType="隐式关系" Connective="" Major_relationType="评价性" RelationType="因果性-;目的性-;条件性-;虚拟性-;反转性-;顺序性-;解说性-;例证性-;评价性+;并列性-;递进性-;选择性-" ConnectivePosition="" ConnectiveAttribute="不可添加" RoleLocation="normal" LanguageSense="true"/>
    <relative ID="4" Relation_Pair="3--4" Center="1" times="12" Sentence="其中出口六十八点七亿美元，|分别比“七五”时期（一九八六至一九九０年）增长一点七八倍和一点四三倍；" position="45...57--58...92" ConnectiveType="隐式关系" Connective="" Major_relationType="评价性" RelationType="因果性-;目的性-;条件性-;虚拟性-;反转性-;顺序性-;解说性-;例证性-;评价性+;并列性-;递进性-;选择性-" ConnectivePosition="" ConnectiveAttribute="不可添加" RoleLocation="normal" LanguageSense="true"/>
    <relative ID="5" Relation_Pair="1--5" Center="1" times="32" Sentence="统计资料显示，过去五年广西对外贸易和利用外资规模迅速扩大，|实际利用外资累计达到三十三点二四亿美元，" position="0...28--93...112" ConnectiveType="隐式关系" Connective="" Major_relationType="解说性" RelationType="因果性-;目的性-;条件性-;虚拟性-;反转性-;顺序性-;解说性+;例证性-;评价性-;并列性-;递进性-;选择性-" ConnectivePosition="" ConnectiveAttribute="不可添加" RoleLocation="normal" LanguageSense="true"/>
    <relative ID="6" Relation_Pair="5--6" Center="1" times="50" Sentence="实际利用外资累计达到三十三点二四亿美元，|占改革开放以来累计总额三十八点三九亿美元的百分之八十四点四；" position="93...112--113...142" ConnectiveType="隐式关系" Connective="" Major_relationType="评价性" RelationType="因果性-;目的性-;条件性-;虚拟性-;反转性-;顺序性-;解说性-;例证性-;评价性+;并列性-;递进性-;选择性-" ConnectivePosition="" ConnectiveAttribute="不可添加" RoleLocation="normal" LanguageSense="true"/>
    <relative ID="7" Relation_Pair="1--7" Center="1" times="38" Sentence="统计资料显示，过去五年广西对外贸易和利用外资规模迅速扩大，|边贸成交额一百二十四亿元。" position="0...28--143...155" ConnectiveType="隐式关系" Connective="" Major_relationType="解说性" RelationType="因果性-;目的性-;条件性-;虚拟性-;反转性-;顺序性-;解说性+;例证性-;评价性-;并列性-;递进性-;选择性-" ConnectivePosition="" ConnectiveAttribute="不可添加" RoleLocation="normal" LanguageSense="true"/>
  </pragraph>
  <pragraph ID="5" content="1、近年来，广西壮族自治区政府对全区经济发展战略、发展目标和发展布局作了重大调整，2、进一步加快改革开放，3、并制定了引进外资、加强横向经济联合和对外下放权三个文件。">
    <relative ID="1" Relation_Pair="1--2" Center="1" times="189" Sentence="近年来，广西壮族自治区政府对全区经济发展战略、发展目标和发展布局作了重大调整，|进一步加快改革开放，" position="0...38--39...48" ConnectiveType="隐式关系" Connective="" Major_relationType="因果性" RelationType="因果性+;目的性+;条件性-;虚拟性-;反转性-;顺序性-;解说性-;例证性-;评价性-;并列性-;递进性-;选择性-" ConnectivePosition="" ConnectiveAttribute="不可添加" RoleLocation="normal" LanguageSense="true"/>
    <relative ID="2" Relation_Pair="1--3" Center="3" times="221" Sentence="近年来，广西壮族自治区政府对全区经济发展战略、发展目标和发展布局作了重大调整，|并制定了引进外资、加强横向经济联合和对外下放权三个文件。" position="0...38--49...76" ConnectiveType="显式关系" Connective="并" Major_relationType="并列性" RelationType="因果性-;目的性-;条件性-;虚拟性-;反转性-;顺序性-;解说性-;例证性-;评价性-;并列性+;递进性+;选择性-" ConnectivePosition="51…52" ConnectiveAttribute="不可删除" RoleLocation="normal" LanguageSense="true"/>
  </pragraph>
  <pragraph ID="6" content="1、在开放开发布局上，广西以北海、钦州、防城为对外开放重点，2、充分发挥首府南宁对外开放城市的作用，3、促进沿海、沿边、沿江进一步开放；4、办好柳州市城市综合改革试验区、玉林地区城乡综合改革试验区、桂林旅游开发试验区，5、建设右江河谷扶贫经济开发带、红水河水电为主的扶贫综合开发带。6、并投资一千三百多个亿，7、加强基础设施和基础产业建设，8、为扩大对外开放创造良好环境。">
    <relative ID="1" Relation_Pair="6--7" Center="2" times="80" Sentence="并投资一千三百多个亿，|加强基础设施和基础产业建设，" position="131...141--142...155" ConnectiveType="隐式关系" Connective="" Major_relationType="因果性" RelationType="因果性+;目的性+;条件性-;虚拟性-;反转性-;顺序性-;解说性-;例证性-;评价性-;并列性-;递进性-;选择性-" ConnectivePosition="" ConnectiveAttribute="不可添加" RoleLocation="normal" LanguageSense="true"/>
    <relative ID="2" Relation_Pair="7--8" Center="1" times="97" Sentence="加强基础设施和基础产业建设，|为扩大对外开放创造良好环境。" position="142...155--156...169" ConnectiveType="显式关系" Connective="为" Major_relationType="目的性" RelationType="因果性+;目的性+;条件性-;虚拟性+;反转性-;顺序性-;解说性-;例证性-;评价性-;并列性-;递进性-;选择性-" ConnectivePosition="165…166" ConnectiveAttribute="不可删除" RoleLocation="normal" LanguageSense="true"/>
    <relative ID="3" Relation_Pair="1--2" Center="3" times="21" Sentence="在开放开发布局上，广西以北海、钦州、防城为对外开放重点，|充分发挥首府南宁对外开放城市的作用，" position="0...27--28...45" ConnectiveType="隐式关系" Connective="" Major_relationType="并列性" RelationType="因果性-;目的性-;条件性-;虚拟性-;反转性-;顺序性-;解说性-;例证性-;评价性-;并列性+;递进性-;选择性-" ConnectivePosition="" ConnectiveAttribute="不可添加" RoleLocation="normal" LanguageSense="true"/>
    <relative ID="4" Relation_Pair="2--3" Center="3" times="9" Sentence="充分发挥首府南宁对外开放城市的作用，|促进沿海、沿边、沿江进一步开放；" position="28...45--46...61" ConnectiveType="隐式关系" Connective="" Major_relationType="并列性" RelationType="因果性-;目的性-;条件性-;虚拟性-;反转性-;顺序性-;解说性-;例证性-;评价性-;并列性+;递进性-;选择性-" ConnectivePosition="" ConnectiveAttribute="不可添加" RoleLocation="normal" LanguageSense="true"/>
    <relative ID="5" Relation_Pair="3--4" Center="3" times="12" Sentence="促进沿海、沿边、沿江进一步开放；|办好柳州市城市综合改革试验区、玉林地区城乡综合改革试验区、桂林旅游开发试验区，" position="46...61--62...100" ConnectiveType="隐式关系" Connective="" Major_relationType="并列性" RelationType="因果性-;目的性-;条件性-;虚拟性-;反转性-;顺序性-;解说性-;例证性-;评价性-;并列性+;递进性-;选择性-" ConnectivePosition="" ConnectiveAttribute="不可添加" RoleLocation="normal" LanguageSense="true"/>
    <relative ID="6" Relation_Pair="4--5" Center="3" times="11" Sentence="办好柳州市城市综合改革试验区、玉林地区城乡综合改革试验区、桂林旅游开发试验区，|建设右江河谷扶贫经济开发带、红水河水电为主的扶贫综合开发带。" position="62...100--101...130" ConnectiveType="隐式关系" Connective="" Major_relationType="并列性" RelationType="因果性-;目的性-;条件性-;虚拟性-;反转性-;顺序性-;解说性-;例证性-;评价性-;并列性+;递进性-;选择性-" ConnectivePosition="" ConnectiveAttribute="不可添加" RoleLocation="normal" LanguageSense="true"/>
    <relative ID="7" Relation_Pair="5--7" Center="3" times="18" Sentence="建设右江河谷扶贫经济开发带、红水河水电为主的扶贫综合开发带。|加强基础设施和基础产业建设，" position="101...130--142...155" ConnectiveType="隐式关系" Connective="" Major_relationType="并列性" RelationType="因果性-;目的性-;条件性-;虚拟性-;反转性-;顺序性-;解说性-;例证性-;评价性-;并列性+;递进性-;选择性-" ConnectivePosition="" ConnectiveAttribute="不可添加" RoleLocation="normal" LanguageSense="true"/>
  </pragraph>
  <pragraph ID="7" content="1、为了进一步扩大对外开放，2、推动外向型经济的发展，3、广西出台了一系列利用外资的政策。4、近几年来，外商投资广西相当活跃，5、生产性项目、大型骨干项目增多，6、实力雄厚的日本伊藤忠株式会社、韩国大宇集团和香港长江实业集团等大型公司纷纷来广西投资。7、到去年底，广西“三资”企业已突破六千家。">
    <relative ID="1" Relation_Pair="1--3" Center="2" times="46" Sentence="为了进一步扩大对外开放，|广西出台了一系列利用外资的政策。" position="0...11--23...38" ConnectiveType="显式关系" Connective="为了" Major_relationType="目的性" RelationType="因果性+;目的性+;条件性-;虚拟性+;反转性-;顺序性-;解说性-;例证性-;评价性-;并列性-;递进性-;选择性-" ConnectivePosition="0…2" ConnectiveAttribute="不可删除" RoleLocation="normal" LanguageSense="true"/>
    <relative ID="2" Relation_Pair="2--3" Center="2" times="50" Sentence="推动外向型经济的发展，|广西出台了一系列利用外资的政策。" position="12...22--23...38" ConnectiveType="显式关系" Connective="为了" Major_relationType="目的性" RelationType="因果性+;目的性+;条件性-;虚拟性+;反转性-;顺序性-;解说性-;例证性-;评价性-;并列性-;递进性-;选择性-" ConnectivePosition="0…2" ConnectiveAttribute="不可删除" RoleLocation="normal" LanguageSense="true"/>
    <relative ID="3" Relation_Pair="4--5" Center="1" times="166" Sentence="近几年来，外商投资广西相当活跃，|生产性项目、大型骨干项目增多，" position="39...54--55...69" ConnectiveType="隐式关系" Connective="" Major_relationType="解说性" RelationType="因果性-;目的性-;条件性-;虚拟性-;反转性-;顺序性-;解说性+;例证性+;评价性-;并列性-;递进性-;选择性-" ConnectivePosition="" ConnectiveAttribute="不可添加" RoleLocation="normal" LanguageSense="true"/>
    <relative ID="4" Relation_Pair="5--6" Center="1" times="68" Sentence="生产性项目、大型骨干项目增多，|实力雄厚的日本伊藤忠株式会社、韩国大宇集团和香港长江实业集团等大型公司纷纷来广西投资。" position="55...69--70...112" ConnectiveType="隐式关系" Connective="" Major_relationType="例证性" RelationType="因果性-;目的性-;条件性-;虚拟性-;反转性-;顺序性-;解说性-;例证性+;评价性-;并列性-;递进性-;选择性-" ConnectivePosition="" ConnectiveAttribute="不可添加" RoleLocation="normal" LanguageSense="true"/>
    <relative ID="5" Relation_Pair="4--7" Center="1" times="77" Sentence="近几年来，外商投资广西相当活跃，|到去年底，广西“三资”企业已突破六千家。" position="39...54--113...132" ConnectiveType="隐式关系" Connective="" Major_relationType="解说性" RelationType="因果性-;目的性-;条件性-;虚拟性-;反转性-;顺序性-;解说性+;例证性-;评价性-;并列性-;递进性-;选择性-" ConnectivePosition="" ConnectiveAttribute="不可添加" RoleLocation="normal" LanguageSense="true"/>
    <relative ID="6" Relation_Pair="3--4" Center="2" times="91" Sentence="广西出台了一系列利用外资的政策。|近几年来，外商投资广西相当活跃，" position="23...38--39...54" ConnectiveType="隐式关系" Connective="" Major_relationType="因果性" RelationType="因果性+;目的性-;条件性-;虚拟性-;反转性-;顺序性+;解说性-;例证性-;评价性-;并列性-;递进性-;选择性-" ConnectivePosition="" ConnectiveAttribute="不可添加" RoleLocation="normal" LanguageSense="true"/>
  </pragraph>
  <pragraph ID="8" content="1、利用大西南出海通道的便利，2、广西还加强与四川、云南、贵州、湖南、西藏、上海等省区市的横向经济联合。3、据不完全统计，广西仅与西南三省一区（四川、贵州、云南省和西藏自治区）实施了一千多个协作项目，4、协议资金数十亿元。">
    <relative ID="1" Relation_Pair="1--2" Center="2" times="50" Sentence="利用大西南出海通道的便利，|广西还加强与四川、云南、贵州、湖南、西藏、上海等省区市的横向经济联合。" position="0...12--13...47" ConnectiveType="隐式关系" Connective="" Major_relationType="条件性" RelationType="因果性+;目的性-;条件性+;虚拟性-;反转性-;顺序性-;解说性-;例证性-;评价性-;并列性-;递进性-;选择性-" ConnectivePosition="" ConnectiveAttribute="不可添加" RoleLocation="normal" LanguageSense="true"/>
    <relative ID="2" Relation_Pair="3--4" Center="1" times="66" Sentence="据不完全统计，广西仅与西南三省一区（四川、贵州、云南省和西藏自治区）实施了一千多个协作项目，|协议资金数十亿元。" position="48...93--94...102" ConnectiveType="隐式关系" Connective="" Major_relationType="解说性" RelationType="因果性-;目的性-;条件性-;虚拟性-;反转性-;顺序性-;解说性+;例证性-;评价性-;并列性+;递进性-;选择性-" ConnectivePosition="" ConnectiveAttribute="不可添加" RoleLocation="normal" LanguageSense="true"/>
    <relative ID="3" Relation_Pair="2--3" Center="1" times="114" Sentence="广西还加强与四川、云南、贵州、湖南、西藏、上海等省区市的横向经济联合。|据不完全统计，广西仅与西南三省一区（四川、贵州、云南省和西藏自治区）实施了一千多个协作项目，" position="13...47--48...93" ConnectiveType="隐式关系" Connective="" Major_relationType="例证性" RelationType="因果性+;目的性-;条件性-;虚拟性-;反转性-;顺序性-;解说性+;例证性+;评价性-;并列性-;递进性-;选择性-" ConnectivePosition="" ConnectiveAttribute="不可添加" RoleLocation="normal" LanguageSense="true"/>
  </pragraph>
</doc>
