<?xml version="1.0" encoding="UTF-8"?>

<doc>
  <pragraph ID="2" content="1、如今，甘肃省的外资企业已不再为投资风险担忧，2、为确保对外开放的顺利进行，3、“八五”期间（一九九一至一九九五年），甘肃省涉外保险业发展迅速，4、累计已经提供六百一十一亿元的风险保障，5、承保范围包括财产、责任、信用、人身四大类主、副六十多个险种。">
    <relative ID="1" Relation_Pair="2--3" Center="2" times="245" Sentence="为确保对外开放的顺利进行，|“八五”期间（一九九一至一九九五年），甘肃省涉外保险业发展迅速，" position="22...34--35...66" ConnectiveType="显式关系" Connective="为" Major_relationType="目的性" RelationType="因果性+;目的性+;条件性-;虚拟性+;反转性-;顺序性-;解说性-;例证性-;评价性-;并列性-;递进性-;选择性-" ConnectivePosition="23…24" ConnectiveAttribute="不可删除" RoleLocation="normal" LanguageSense="true"/>
    <relative ID="2" Relation_Pair="3--4" Center="1" times="92" Sentence="“八五”期间（一九九一至一九九五年），甘肃省涉外保险业发展迅速，|累计已经提供六百一十一亿元的风险保障，" position="35...66--67...85" ConnectiveType="隐式关系" Connective="" Major_relationType="解说性" RelationType="因果性-;目的性-;条件性-;虚拟性-;反转性-;顺序性-;解说性+;例证性-;评价性-;并列性-;递进性-;选择性-" ConnectivePosition="" ConnectiveAttribute="不可添加" RoleLocation="normal" LanguageSense="true"/>
    <relative ID="3" Relation_Pair="3--5" Center="1" times="120" Sentence="“八五”期间（一九九一至一九九五年），甘肃省涉外保险业发展迅速，|承保范围包括财产、责任、信用、人身四大类主、副六十多个险种。" position="35...66--86...115" ConnectiveType="隐式关系" Connective="" Major_relationType="解说性" RelationType="因果性-;目的性-;条件性-;虚拟性-;反转性-;顺序性-;解说性+;例证性-;评价性-;并列性-;递进性-;选择性-" ConnectivePosition="" ConnectiveAttribute="不可添加" RoleLocation="normal" LanguageSense="true"/>
    <relative ID="4" Relation_Pair="1--3" Center="2" times="89" Sentence="如今，甘肃省的外资企业已不再为投资风险担忧，|“八五”期间（一九九一至一九九五年），甘肃省涉外保险业发展迅速，" position="0...21--35...66" ConnectiveType="隐式关系" Connective="" Major_relationType="因果性" RelationType="因果性+;目的性-;条件性-;虚拟性-;反转性-;顺序性+;解说性-;例证性-;评价性-;并列性-;递进性-;选择性-" ConnectivePosition="" ConnectiveAttribute="不可添加" RoleLocation="abnormal" LanguageSense="true"/>
  </pragraph>
  <pragraph ID="3" content="1、据甘肃省有关部门介绍，“八五”以来，甘肃省利用外资蓬勃发展，2、依据经济发展和海外投资商的需要，3、中国人民保险公司甘肃省分公司适应外商要求，4、提供了设备的引进到运输、从安装到形成固定资产期间的全套保险，5、为外商解除了后顾之忧。">
    <relative ID="1" Relation_Pair="1--4" Center="2" times="82" Sentence="据甘肃省有关部门介绍，“八五”以来，甘肃省利用外资蓬勃发展，|提供了设备的引进到运输、从安装到形成固定资产期间的全套保险，" position="0...29--67...96" ConnectiveType="隐式关系" Connective="" Major_relationType="条件性" RelationType="因果性+;目的性-;条件性+;虚拟性-;反转性-;顺序性-;解说性-;例证性-;评价性-;并列性-;递进性-;选择性-" ConnectivePosition="" ConnectiveAttribute="不可添加" RoleLocation="normal" LanguageSense="true"/>
    <relative ID="2" Relation_Pair="2--4" Center="2" times="11" Sentence="依据经济发展和海外投资商的需要，|提供了设备的引进到运输、从安装到形成固定资产期间的全套保险，" position="30...45--67...96" ConnectiveType="隐式关系" Connective="" Major_relationType="条件性" RelationType="因果性+;目的性-;条件性+;虚拟性-;反转性-;顺序性-;解说性-;例证性-;评价性-;并列性-;递进性-;选择性-" ConnectivePosition="" ConnectiveAttribute="不可添加" RoleLocation="normal" LanguageSense="true"/>
    <relative ID="3" Relation_Pair="3--4" Center="2" times="17" Sentence="中国人民保险公司甘肃省分公司适应外商要求，|提供了设备的引进到运输、从安装到形成固定资产期间的全套保险，" position="46...66--67...96" ConnectiveType="隐式关系" Connective="" Major_relationType="条件性" RelationType="因果性+;目的性-;条件性+;虚拟性-;反转性-;顺序性-;解说性-;例证性-;评价性-;并列性-;递进性-;选择性-" ConnectivePosition="" ConnectiveAttribute="不可添加" RoleLocation="normal" LanguageSense="true"/>
    <relative ID="4" Relation_Pair="4--5" Center="1" times="78" Sentence="提供了设备的引进到运输、从安装到形成固定资产期间的全套保险，|为外商解除了后顾之忧。" position="67...96--97...107" ConnectiveType="隐式关系" Connective="" Major_relationType="因果性" RelationType="因果性+;目的性+;条件性-;虚拟性-;反转性-;顺序性+;解说性-;例证性-;评价性-;并列性-;递进性-;选择性-" ConnectivePosition="" ConnectiveAttribute="不可添加" RoleLocation="normal" LanguageSense="true"/>
  </pragraph>
  <pragraph ID="4" content="1、特别是为正大公司、华兴铝业公司等外商投资企业开办了常规的运输保险、资产保险、汽车保险等保险业务，2、还适时进行雇主责任险、投资保险、利润损失险等新险种，3、满足了外商投资需求，4、使外商投资企业投保率达到百分之九十以上。">
    <relative ID="1" Relation_Pair="3--4" Center="1" times="87" Sentence="满足了外商投资需求，|使外商投资企业投保率达到百分之九十以上。" position="74...83--84...103" ConnectiveType="显式关系" Connective="使" Major_relationType="因果性" RelationType="因果性+;目的性-;条件性-;虚拟性-;反转性-;顺序性+;解说性-;例证性-;评价性-;并列性-;递进性-;选择性-" ConnectivePosition="87…88" ConnectiveAttribute="不可删除" RoleLocation="normal" LanguageSense="true"/>
    <relative ID="2" Relation_Pair="1--3" Center="1" times="20" Sentence="特别是为正大公司、华兴铝业公司等外商投资企业开办了常规的运输保险、资产保险、汽车保险等保险业务，|满足了外商投资需求，" position="0...47--74...83" ConnectiveType="隐式关系" Connective="" Major_relationType="因果性" RelationType="因果性+;目的性+;条件性-;虚拟性-;反转性-;顺序性+;解说性-;例证性-;评价性-;并列性-;递进性-;选择性-" ConnectivePosition="" ConnectiveAttribute="不可添加" RoleLocation="normal" LanguageSense="true"/>
    <relative ID="3" Relation_Pair="2--3" Center="1" times="19" Sentence="还适时进行雇主责任险、投资保险、利润损失险等新险种，|满足了外商投资需求，" position="48...73--74...83" ConnectiveType="隐式关系" Connective="" Major_relationType="因果性" RelationType="因果性+;目的性+;条件性-;虚拟性-;反转性-;顺序性+;解说性-;例证性-;评价性-;并列性-;递进性-;选择性-" ConnectivePosition="" ConnectiveAttribute="不可添加" RoleLocation="normal" LanguageSense="true"/>
  </pragraph>
  <pragraph ID="5" content="1、据统计，“八五”期间，人保公司为甘肃省进出口贸易承担风险金额达七点七一亿元，2、支付赔款一千三百八十五点五万元，3、有力地促进甘肃省进出口贸易发展。">
    <relative ID="1" Relation_Pair="1--3" Center="1" times="1075" Sentence="据统计，“八五”期间，人保公司为甘肃省进出口贸易承担风险金额达七点七一亿元，|有力地促进甘肃省进出口贸易发展。" position="0...37--54...69" ConnectiveType="隐式关系" Connective="" Major_relationType="因果性" RelationType="因果性+;目的性+;条件性-;虚拟性-;反转性-;顺序性-;解说性-;例证性-;评价性-;并列性-;递进性-;选择性-" ConnectivePosition="" ConnectiveAttribute="不可添加" RoleLocation="normal" LanguageSense="true"/>
    <relative ID="2" Relation_Pair="2--3" Center="1" times="21" Sentence="支付赔款一千三百八十五点五万元，|有力地促进甘肃省进出口贸易发展。" position="38...53--54...69" ConnectiveType="隐式关系" Connective="" Major_relationType="因果性" RelationType="因果性+;目的性+;条件性-;虚拟性-;反转性-;顺序性-;解说性-;例证性-;评价性-;并列性-;递进性-;选择性-" ConnectivePosition="" ConnectiveAttribute="不可添加" RoleLocation="normal" LanguageSense="true"/>
  </pragraph>
  <pragraph ID="6" content="1、世界银行贷款的“引大入秦”工程是全国最长的自流灌溉水利工程，2、甘肃省人保公司为其中十三家中外承包商提供各类风险保障额达六点九三亿元。3、他们还为国家重点工程兰化化肥厂改扩建工程提供了一点九亿美元的安装工程保险保障。">
    <relative ID="1" Relation_Pair="1--2" Center="2" times="159" Sentence="世界银行贷款的“引大入秦”工程是全国最长的自流灌溉水利工程，|甘肃省人保公司为其中十三家中外承包商提供各类风险保障额达六点九三亿元。" position="0...29--30...64" ConnectiveType="隐式关系" Connective="" Major_relationType="递进性" RelationType="因果性-;目的性-;条件性-;虚拟性-;反转性-;顺序性-;解说性-;例证性-;评价性-;并列性-;递进性+;选择性-" ConnectivePosition="" ConnectiveAttribute="不可添加" RoleLocation="normal" LanguageSense="true"/>
    <relative ID="2" Relation_Pair="2--3" Center="3" times="44" Sentence="甘肃省人保公司为其中十三家中外承包商提供各类风险保障额达六点九三亿元。|他们还为国家重点工程兰化化肥厂改扩建工程提供了一点九亿美元的安装工程保险保障。" position="30...64--65...103" ConnectiveType="显式关系" Connective="还" Major_relationType="并列性" RelationType="因果性-;目的性-;条件性-;虚拟性-;反转性-;顺序性-;解说性-;例证性-;评价性-;并列性+;递进性-;选择性-" ConnectivePosition="69…70" ConnectiveAttribute="不可删除" RoleLocation="normal" LanguageSense="true"/>
  </pragraph>
  <pragraph ID="7" content="1、针对甘肃旅游业的发展需求，2、人保公司积极推出海外游客保险，3、还在国内首家推出海外散客保险办法，4、使“八五”期间凡到甘肃观光游览的海外游客全部得到保险保障。">
    <relative ID="1" Relation_Pair="1--2" Center="2" times="178" Sentence="针对甘肃旅游业的发展需求，|人保公司积极推出海外游客保险，" position="0...12--13...27" ConnectiveType="隐式关系" Connective="" Major_relationType="目的性" RelationType="因果性+;目的性+;条件性-;虚拟性-;反转性-;顺序性+;解说性-;例证性-;评价性-;并列性-;递进性-;选择性-" ConnectivePosition="" ConnectiveAttribute="不可添加" RoleLocation="normal" LanguageSense="true"/>
    <relative ID="2" Relation_Pair="2--4" Center="2" times="58" Sentence="人保公司积极推出海外游客保险，|使“八五”期间凡到甘肃观光游览的海外游客全部得到保险保障。" position="13...27--45...73" ConnectiveType="显式关系" Connective="使" Major_relationType="因果性" RelationType="因果性+;目的性-;条件性-;虚拟性-;反转性-;顺序性+;解说性-;例证性-;评价性-;并列性-;递进性-;选择性-" ConnectivePosition="48…49" ConnectiveAttribute="不可删除" RoleLocation="normal" LanguageSense="true"/>
    <relative ID="3" Relation_Pair="3--4" Center="2" times="20" Sentence="还在国内首家推出海外散客保险办法，|使“八五”期间凡到甘肃观光游览的海外游客全部得到保险保障。" position="28...44--45...73" ConnectiveType="显式关系" Connective="使" Major_relationType="因果性" RelationType="因果性+;目的性-;条件性-;虚拟性-;反转性-;顺序性+;解说性-;例证性-;评价性-;并列性-;递进性-;选择性-" ConnectivePosition="48…49" ConnectiveAttribute="不可删除" RoleLocation="normal" LanguageSense="true"/>
  </pragraph>
  <pragraph ID="8" content="1、甘肃省还积极探索高风险业务，2、“八五”期间，参与卫星发射的共保，3、分担的风险金额达一千万元，4、支付赔款五百万元，5、成为西北首家参与航天业务的公司。6、同时积极开拓海外市场投保业务，7、为省国际公司中标的津巴布韦公路项目提供近三千万美元的建筑工程一切险；8、为兰州石油化工机械厂海外部，新加坡石油钻井平台提供了责任限额一千三百万美元的风险保障；9、为甘肃省海外经贸洽谈会和海外劳务输出人员提供有关保险项目，10、还为省火电公司海外业务提供配套保险服务。">
    <relative ID="1" Relation_Pair="2--5" Center="2" times="56" Sentence="“八五”期间，参与卫星发射的共保，|成为西北首家参与航天业务的公司。" position="14...30--53...68" ConnectiveType="隐式关系" Connective="" Major_relationType="因果性" RelationType="因果性+;目的性-;条件性+;虚拟性-;反转性-;顺序性+;解说性-;例证性-;评价性-;并列性-;递进性-;选择性-" ConnectivePosition="" ConnectiveAttribute="不可添加" RoleLocation="normal" LanguageSense="true"/>
    <relative ID="2" Relation_Pair="2--3" Center="1" times="62" Sentence="“八五”期间，参与卫星发射的共保，|分担的风险金额达一千万元，" position="14...30--31...43" ConnectiveType="隐式关系" Connective="" Major_relationType="因果性" RelationType="因果性+;目的性-;条件性-;虚拟性-;反转性-;顺序性-;解说性+;例证性-;评价性-;并列性-;递进性-;选择性-" ConnectivePosition="" ConnectiveAttribute="不可添加" RoleLocation="normal" LanguageSense="true"/>
    <relative ID="3" Relation_Pair="2--4" Center="1" times="23" Sentence="“八五”期间，参与卫星发射的共保，|支付赔款五百万元，" position="14...30--44...52" ConnectiveType="隐式关系" Connective="" Major_relationType="因果性" RelationType="因果性+;目的性-;条件性-;虚拟性-;反转性-;顺序性-;解说性+;例证性-;评价性-;并列性-;递进性-;选择性-" ConnectivePosition="" ConnectiveAttribute="不可添加" RoleLocation="normal" LanguageSense="true"/>
    <relative ID="4" Relation_Pair="1--2" Center="1" times="18" Sentence="甘肃省还积极探索高风险业务，|“八五”期间，参与卫星发射的共保，" position="0...13--14...30" ConnectiveType="隐式关系" Connective="" Major_relationType="例证性" RelationType="因果性-;目的性-;条件性-;虚拟性-;反转性-;顺序性-;解说性-;例证性+;评价性-;并列性-;递进性-;选择性-" ConnectivePosition="" ConnectiveAttribute="不可添加" RoleLocation="normal" LanguageSense="true"/>
    <relative ID="5" Relation_Pair="1--6" Center="3" times="33" Sentence="甘肃省还积极探索高风险业务，|同时积极开拓海外市场投保业务，" position="0...13--69...83" ConnectiveType="显式关系" Connective="同时" Major_relationType="并列性" RelationType="因果性-;目的性-;条件性-;虚拟性-;反转性-;顺序性-;解说性-;例证性-;评价性-;并列性+;递进性-;选择性-" ConnectivePosition="74…76" ConnectiveAttribute="不可删除" RoleLocation="normal" LanguageSense="true"/>
    <relative ID="6" Relation_Pair="6--7" Center="1" times="41" Sentence="同时积极开拓海外市场投保业务，|为省国际公司中标的津巴布韦公路项目提供近三千万美元的建筑工程一切险；" position="69...83--84...117" ConnectiveType="隐式关系" Connective="" Major_relationType="例证性" RelationType="因果性-;目的性-;条件性-;虚拟性-;反转性-;顺序性-;解说性+;例证性+;评价性-;并列性-;递进性-;选择性-" ConnectivePosition="" ConnectiveAttribute="不可添加" RoleLocation="normal" LanguageSense="true"/>
    <relative ID="7" Relation_Pair="6--8" Center="1" times="12" Sentence="同时积极开拓海外市场投保业务，|为兰州石油化工机械厂海外部，新加坡石油钻井平台提供了责任限额一千三百万美元的风险保障；" position="69...83--118...160" ConnectiveType="隐式关系" Connective="" Major_relationType="例证性" RelationType="因果性-;目的性-;条件性-;虚拟性-;反转性-;顺序性-;解说性+;例证性+;评价性-;并列性-;递进性-;选择性-" ConnectivePosition="" ConnectiveAttribute="不可添加" RoleLocation="normal" LanguageSense="true"/>
    <relative ID="8" Relation_Pair="6--9" Center="1" times="18" Sentence="同时积极开拓海外市场投保业务，|为甘肃省海外经贸洽谈会和海外劳务输出人员提供有关保险项目，" position="69...83--161...189" ConnectiveType="隐式关系" Connective="" Major_relationType="例证性" RelationType="因果性-;目的性-;条件性-;虚拟性-;反转性-;顺序性-;解说性+;例证性+;评价性-;并列性-;递进性-;选择性-" ConnectivePosition="" ConnectiveAttribute="不可添加" RoleLocation="normal" LanguageSense="true"/>
    <relative ID="9" Relation_Pair="6--10" Center="1" times="11" Sentence="同时积极开拓海外市场投保业务，|还为省火电公司海外业务提供配套保险服务。" position="69...83--190...209" ConnectiveType="隐式关系" Connective="" Major_relationType="例证性" RelationType="因果性-;目的性-;条件性-;虚拟性-;反转性-;顺序性-;解说性+;例证性+;评价性-;并列性-;递进性-;选择性-" ConnectivePosition="" ConnectiveAttribute="不可添加" RoleLocation="normal" LanguageSense="true"/>
  </pragraph>
</doc>
