<?xml version="1.0" encoding="UTF-8"?>

<doc>
  <pragraph ID="2" content="1、中国进出口银行最近在日本取得债券信用等级ＡＡ－，2、这是日本金融市场当前对中国银行的最高债券评级。">
    <relative ID="1" Relation_Pair="1--2" Center="1" times="27" Sentence="中国进出口银行最近在日本取得债券信用等级ＡＡ－，|这是日本金融市场当前对中国银行的最高债券评级。" position="0...23--24...46" ConnectiveType="隐式关系" Connective="" Major_relationType="评价性" RelationType="因果性-;目的性-;条件性-;虚拟性-;反转性-;顺序性-;解说性+;例证性-;评价性+;并列性-;递进性-;选择性-" ConnectivePosition="" ConnectiveAttribute="不可添加" RoleLocation="normal" LanguageSense="true"/>
  </pragraph>
  <pragraph ID="3" content="1、日本公社债研究所确定中国进出口银行债券信用等级为ＡＡ－，2、与日本评级机构内部对中国主权信用等级的评级一致。">
    <relative ID="1" Relation_Pair="1--2" Center="1" times="45" Sentence="日本公社债研究所确定中国进出口银行债券信用等级为ＡＡ－，|与日本评级机构内部对中国主权信用等级的评级一致。" position="0...27--28...51" ConnectiveType="隐式关系" Connective="" Major_relationType="解说性" RelationType="因果性-;目的性-;条件性-;虚拟性-;反转性-;顺序性-;解说性+;例证性-;评价性-;并列性+;递进性-;选择性-" ConnectivePosition="" ConnectiveAttribute="不可添加" RoleLocation="normal" LanguageSense="true"/>
  </pragraph>
  <pragraph ID="4" content="1、去年十月，中国进出口银行聘请日本野村证券公司作顾问，2、向日本著名的评级机构日本公社债研究所提出正式评级申请。">
    <relative ID="1" Relation_Pair="1--2" Center="3" times="36" Sentence="去年十月，中国进出口银行聘请日本野村证券公司作顾问，|向日本著名的评级机构日本公社债研究所提出正式评级申请。" position="0...25--26...52" ConnectiveType="隐式关系" Connective="" Major_relationType="并列性" RelationType="因果性-;目的性-;条件性-;虚拟性-;反转性-;顺序性-;解说性-;例证性-;评价性-;并列性+;递进性-;选择性-" ConnectivePosition="" ConnectiveAttribute="不可添加" RoleLocation="normal" LanguageSense="true"/>
  </pragraph>
  <pragraph ID="5" content="1、进出口银行决定先在日本取得信用评级是为进入国际资本市场融资创造作准备，2、以便扩大资金来源，3、支持中国机电产品和成套设备出口。">
    <relative ID="1" Relation_Pair="1--2" Center="1" times="47" Sentence="进出口银行决定先在日本取得信用评级是为进入国际资本市场融资创造作准备，|以便扩大资金来源，" position="0...34--35...43" ConnectiveType="显式关系" Connective="以" Major_relationType="目的性" RelationType="因果性-;目的性+;条件性-;虚拟性-;反转性-;顺序性-;解说性-;例证性-;评价性-;并列性-;递进性-;选择性-" ConnectivePosition="36…37" ConnectiveAttribute="不可删除" RoleLocation="normal" LanguageSense="true"/>
    <relative ID="2" Relation_Pair="1--3" Center="1" times="50" Sentence="进出口银行决定先在日本取得信用评级是为进入国际资本市场融资创造作准备，|支持中国机电产品和成套设备出口。" position="0...34--44...59" ConnectiveType="显式关系" Connective="以" Major_relationType="目的性" RelationType="因果性-;目的性+;条件性-;虚拟性-;反转性-;顺序性-;解说性-;例证性-;评价性-;并列性-;递进性-;选择性-" ConnectivePosition="36…37" ConnectiveAttribute="不可删除" RoleLocation="normal" LanguageSense="true"/>
  </pragraph>
  <pragraph ID="6" content="1、进出口银行通过书面介绍、实地考察等形式向日本公社债研究所全面介绍了今年来中国金融体制改革的情况、银行成立的背景、银行管理和运营机制、银行业务发展现状以及以后的发展目标，2、使之对中国进出口银行有了较深的了解。">
    <relative ID="1" Relation_Pair="1--2" Center="1" times="39" Sentence="进出口银行通过书面介绍、实地考察等形式向日本公社债研究所全面介绍了今年来中国金融体制改革的情况、银行成立的背景、银行管理和运营机制、银行业务发展现状以及以后的发展目标，|使之对中国进出口银行有了较深的了解。" position="0...83--84...101" ConnectiveType="显式关系" Connective="使" Major_relationType="目的性" RelationType="因果性+;目的性+;条件性-;虚拟性-;反转性-;顺序性+;解说性+;例证性-;评价性-;并列性-;递进性-;选择性-" ConnectivePosition="85…86" ConnectiveAttribute="不可删除" RoleLocation="normal" LanguageSense="true"/>
  </pragraph>
</doc>
