<?xml version="1.0" encoding="UTF-8"?>

<doc>
  <pragraph ID="3" content="1、到目前为止，全区已有四百一十家企业，2、被认定为高新技术产业的有二百二十三家。3、其中大专院校、大型科研院所和大中企业开办的企业约占百分之七十。4、迄今已有二十多家高新企业与十多个国家和地区联合，5、兴办了七十八家外商投资企业。6、去年，开发区技工贸总收入达三十亿元，7、税利４亿元，8、出口创汇二千万美元。">
    <relative ID="1" Relation_Pair="1--2" Center="1" times="35" Sentence="到目前为止，全区已有四百一十家企业，|被认定为高新技术产业的有二百二十三家。" position="0...17--18...36" ConnectiveType="隐式关系" Connective="" Major_relationType="评价性" RelationType="因果性-;目的性-;条件性-;虚拟性-;反转性-;顺序性-;解说性+;例证性-;评价性+;并列性-;递进性-;选择性-" ConnectivePosition="" ConnectiveAttribute="不可添加" RoleLocation="abnormal" LanguageSense="true"/>
    <relative ID="2" Relation_Pair="2--3" Center="1" times="102" Sentence="被认定为高新技术产业的有二百二十三家。|其中大专院校、大型科研院所和大中企业开办的企业约占百分之七十。" position="18...36--37...67" ConnectiveType="隐式关系" Connective="" Major_relationType="解说性" RelationType="因果性-;目的性-;条件性-;虚拟性-;反转性-;顺序性-;解说性+;例证性-;评价性-;并列性-;递进性-;选择性-" ConnectivePosition="" ConnectiveAttribute="不可添加" RoleLocation="abnormal" LanguageSense="false"/>
    <relative ID="3" Relation_Pair="4--5" Center="1" times="22" Sentence="迄今已有二十多家高新企业与十多个国家和地区联合，|兴办了七十八家外商投资企业。" position="68...91--92...105" ConnectiveType="隐式关系" Connective="" Major_relationType="因果性" RelationType="因果性+;目的性-;条件性-;虚拟性-;反转性-;顺序性+;解说性-;例证性-;评价性-;并列性-;递进性-;选择性-" ConnectivePosition="" ConnectiveAttribute="不可添加" RoleLocation="abnormal" LanguageSense="true"/>
    <relative ID="4" Relation_Pair="6--7" Center="3" times="15" Sentence="去年，开发区技工贸总收入达三十亿元，|税利４亿元，" position="106...123--124...129" ConnectiveType="隐式关系" Connective="" Major_relationType="并列性" RelationType="因果性-;目的性-;条件性-;虚拟性-;反转性-;顺序性-;解说性-;例证性-;评价性-;并列性+;递进性-;选择性-" ConnectivePosition="" ConnectiveAttribute="不可添加" RoleLocation="normal" LanguageSense="true"/>
    <relative ID="5" Relation_Pair="7--8" Center="3" times="20" Sentence="税利４亿元，|出口创汇二千万美元。" position="124...129--130...139" ConnectiveType="隐式关系" Connective="" Major_relationType="并列性" RelationType="因果性-;目的性-;条件性-;虚拟性-;反转性-;顺序性-;解说性-;例证性-;评价性-;并列性+;递进性-;选择性-" ConnectivePosition="" ConnectiveAttribute="不可添加" RoleLocation="normal" LanguageSense="true"/>
    <relative ID="6" Relation_Pair="2--4" Center="1" times="22" Sentence="被认定为高新技术产业的有二百二十三家。|迄今已有二十多家高新企业与十多个国家和地区联合，" position="18...36--68...91" ConnectiveType="隐式关系" Connective="" Major_relationType="解说性" RelationType="因果性-;目的性-;条件性-;虚拟性-;反转性-;顺序性+;解说性+;例证性-;评价性-;并列性-;递进性-;选择性-" ConnectivePosition="" ConnectiveAttribute="不可添加" RoleLocation="normal" LanguageSense="true"/>
    <relative ID="7" Relation_Pair="1--6" Center="3" times="61" Sentence="到目前为止，全区已有四百一十家企业，|去年，开发区技工贸总收入达三十亿元，" position="0...17--106...123" ConnectiveType="隐式关系" Connective="" Major_relationType="并列性" RelationType="因果性-;目的性-;条件性-;虚拟性-;反转性-;顺序性-;解说性-;例证性-;评价性-;并列性+;递进性-;选择性-" ConnectivePosition="" ConnectiveAttribute="不可添加" RoleLocation="normal" LanguageSense="true"/>
  </pragraph>
  <pragraph ID="4" content="1、这个开发区位于中国著名风景旅游城——杭州市区内，2、是一九九一年国务院批准建设的国家级高新技术产业开发区。">
    <relative ID="1" Relation_Pair="1--2" Center="2" times="24" Sentence="这个开发区位于中国著名风景旅游城——杭州市区内，|是一九九一年国务院批准建设的国家级高新技术产业开发区。" position="0...23--24...50" ConnectiveType="隐式关系" Connective="" Major_relationType="解说性" RelationType="因果性-;目的性-;条件性-;虚拟性-;反转性-;顺序性-;解说性+;例证性-;评价性-;并列性-;递进性-;选择性-" ConnectivePosition="" ConnectiveAttribute="不可添加" RoleLocation="normal" LanguageSense="true"/>
  </pragraph>
  <pragraph ID="5" content="1、产品、项目水平高，2、是该区的重要特点。3、据了解，进区的每个企业都有一至多个高新技术项目或产品，4、目前区内已有五百五十多个高新技术项目或产品进入商品化生产或推广应用。5、其中五十七项被批准列入国家、省、市火炬计划，6、其数量比例在全国高新技术产业开发区中名列前茅。7、重点发展的医药与生物技术、新材料、计算机及应用、光电一体化等产业已初具规模。">
    <relative ID="1" Relation_Pair="1--2" Center="1" times="28" Sentence="产品、项目水平高，|是该区的重要特点。" position="0...8--9...17" ConnectiveType="隐式关系" Connective="" Major_relationType="评价性" RelationType="因果性-;目的性-;条件性-;虚拟性-;反转性-;顺序性-;解说性-;例证性-;评价性+;并列性-;递进性-;选择性-" ConnectivePosition="" ConnectiveAttribute="不可添加" RoleLocation="normal" LanguageSense="true"/>
    <relative ID="2" Relation_Pair="1--3" Center="1" times="22" Sentence="产品、项目水平高，|据了解，进区的每个企业都有一至多个高新技术项目或产品，" position="0...8--18...44" ConnectiveType="隐式关系" Connective="" Major_relationType="解说性" RelationType="因果性-;目的性-;条件性-;虚拟性-;反转性-;顺序性-;解说性+;例证性-;评价性-;并列性-;递进性-;选择性-" ConnectivePosition="" ConnectiveAttribute="不可添加" RoleLocation="normal" LanguageSense="true"/>
    <relative ID="3" Relation_Pair="3--4" Center="1" times="96" Sentence="据了解，进区的每个企业都有一至多个高新技术项目或产品，|目前区内已有五百五十多个高新技术项目或产品进入商品化生产或推广应用。" position="18...44--45...78" ConnectiveType="隐式关系" Connective="" Major_relationType="解说性" RelationType="因果性-;目的性-;条件性-;虚拟性-;反转性-;顺序性-;解说性+;例证性-;评价性-;并列性-;递进性-;选择性-" ConnectivePosition="" ConnectiveAttribute="不可添加" RoleLocation="normal" LanguageSense="true"/>
    <relative ID="4" Relation_Pair="5--6" Center="1" times="40" Sentence="其中五十七项被批准列入国家、省、市火炬计划，|其数量比例在全国高新技术产业开发区中名列前茅。" position="79...100--101...123" ConnectiveType="隐式关系" Connective="" Major_relationType="评价性" RelationType="因果性-;目的性-;条件性-;虚拟性-;反转性-;顺序性-;解说性+;例证性-;评价性+;并列性-;递进性-;选择性-" ConnectivePosition="" ConnectiveAttribute="不可添加" RoleLocation="normal" LanguageSense="true"/>
    <relative ID="5" Relation_Pair="4--5" Center="1" times="51" Sentence="目前区内已有五百五十多个高新技术项目或产品进入商品化生产或推广应用。|其中五十七项被批准列入国家、省、市火炬计划，" position="45...78--79...100" ConnectiveType="隐式关系" Connective="" Major_relationType="解说性" RelationType="因果性-;目的性-;条件性-;虚拟性-;反转性-;顺序性-;解说性+;例证性-;评价性-;并列性-;递进性-;选择性-" ConnectivePosition="" ConnectiveAttribute="不可添加" RoleLocation="normal" LanguageSense="true"/>
    <relative ID="6" Relation_Pair="5--7" Center="1" times="79" Sentence="其中五十七项被批准列入国家、省、市火炬计划，|重点发展的医药与生物技术、新材料、计算机及应用、光电一体化等产业已初具规模。" position="79...100--124...161" ConnectiveType="隐式关系" Connective="" Major_relationType="解说性" RelationType="因果性-;目的性-;条件性-;虚拟性-;反转性-;顺序性-;解说性+;例证性-;评价性-;并列性-;递进性-;选择性-" ConnectivePosition="" ConnectiveAttribute="不可添加" RoleLocation="normal" LanguageSense="true"/>
  </pragraph>
  <pragraph ID="6" content="1、重大科技成果迅速转化为现实生产力，是这个开发区的突出特点。2、由浙江医科院院长、中国科学院士毛江森主持在世界上率先研究成功，3、并具有国际先进水平的甲肝减毒活疫苗，4、去年经卫生部批准正式投入生产和使用，5、目前该区生产此疫苗的普康公司已形成年产五百万人份的生产规模，6、这对有效地控制甲肝流行具有重大意义。">
    <relative ID="1" Relation_Pair="2--3" Center="2" times="75" Sentence="由浙江医科院院长、中国科学院士毛江森主持在世界上率先研究成功，|并具有国际先进水平的甲肝减毒活疫苗，" position="29...59--60...77" ConnectiveType="隐式关系" Connective="" Major_relationType="评价性" RelationType="因果性-;目的性-;条件性-;虚拟性-;反转性-;顺序性-;解说性+;例证性-;评价性+;并列性+;递进性-;选择性-" ConnectivePosition="" ConnectiveAttribute="不可添加" RoleLocation="normal" LanguageSense="true"/>
    <relative ID="2" Relation_Pair="3--4" Center="1" times="60" Sentence="并具有国际先进水平的甲肝减毒活疫苗，|去年经卫生部批准正式投入生产和使用，" position="60...77--78...95" ConnectiveType="隐式关系" Connective="" Major_relationType="因果性" RelationType="因果性+;目的性-;条件性-;虚拟性-;反转性-;顺序性+;解说性-;例证性-;评价性-;并列性-;递进性-;选择性-" ConnectivePosition="" ConnectiveAttribute="不可添加" RoleLocation="normal" LanguageSense="true"/>
    <relative ID="3" Relation_Pair="4--5" Center="1" times="31" Sentence="去年经卫生部批准正式投入生产和使用，|目前该区生产此疫苗的普康公司已形成年产五百万人份的生产规模，" position="78...95--96...125" ConnectiveType="隐式关系" Connective="" Major_relationType="因果性" RelationType="因果性+;目的性-;条件性-;虚拟性-;反转性-;顺序性+;解说性+;例证性-;评价性-;并列性-;递进性-;选择性-" ConnectivePosition="" ConnectiveAttribute="不可添加" RoleLocation="normal" LanguageSense="true"/>
    <relative ID="4" Relation_Pair="5--6" Center="1" times="27" Sentence="目前该区生产此疫苗的普康公司已形成年产五百万人份的生产规模，|这对有效地控制甲肝流行具有重大意义。" position="96...125--126...143" ConnectiveType="隐式关系" Connective="" Major_relationType="评价性" RelationType="因果性-;目的性-;条件性-;虚拟性-;反转性-;顺序性-;解说性+;例证性-;评价性+;并列性-;递进性-;选择性-" ConnectivePosition="" ConnectiveAttribute="不可添加" RoleLocation="normal" LanguageSense="true"/>
    <relative ID="5" Relation_Pair="1--4" Center="1" times="40" Sentence="重大科技成果迅速转化为现实生产力，是这个开发区的突出特点。|去年经卫生部批准正式投入生产和使用，" position="0...28--78...95" ConnectiveType="隐式关系" Connective="" Major_relationType="例证性" RelationType="因果性-;目的性-;条件性-;虚拟性-;反转性-;顺序性-;解说性+;例证性+;评价性-;并列性-;递进性-;选择性-" ConnectivePosition="" ConnectiveAttribute="不可添加" RoleLocation="normal" LanguageSense="true"/>
  </pragraph>
  <pragraph ID="7" content="1、新材料重大成果的转化在该区尤为突出。2、曾荣获国家重大发明奖的以氮作保护气直拉硅单晶技术，已由该区浙大半导体厂转化为国内外同类产品中的佼佼者，3、目前硅单晶年产已达二十多吨，4、居全国第一，5、其销售市场已从国内和东南亚扩展欧美许多国家。">
    <relative ID="1" Relation_Pair="2--3" Center="1" times="52" Sentence="曾荣获国家重大发明奖的以氮作保护气直拉硅单晶技术，已由该区浙大半导体厂转化为国内外同类产品中的佼佼者，|目前硅单晶年产已达二十多吨，" position="18...68--69...82" ConnectiveType="隐式关系" Connective="" Major_relationType="解说性" RelationType="因果性+;目的性-;条件性-;虚拟性-;反转性-;顺序性-;解说性+;例证性-;评价性-;并列性-;递进性-;选择性-" ConnectivePosition="" ConnectiveAttribute="不可添加" RoleLocation="normal" LanguageSense="true"/>
    <relative ID="2" Relation_Pair="3--4" Center="1" times="18" Sentence="目前硅单晶年产已达二十多吨，|居全国第一，" position="69...82--83...88" ConnectiveType="隐式关系" Connective="" Major_relationType="评价性" RelationType="因果性-;目的性-;条件性-;虚拟性-;反转性-;顺序性-;解说性-;例证性-;评价性+;并列性-;递进性-;选择性-" ConnectivePosition="" ConnectiveAttribute="不可添加" RoleLocation="normal" LanguageSense="true"/>
    <relative ID="3" Relation_Pair="2--5" Center="1" times="60" Sentence="曾荣获国家重大发明奖的以氮作保护气直拉硅单晶技术，已由该区浙大半导体厂转化为国内外同类产品中的佼佼者，|其销售市场已从国内和东南亚扩展欧美许多国家。" position="18...68--89...110" ConnectiveType="隐式关系" Connective="" Major_relationType="解说性" RelationType="因果性+;目的性-;条件性-;虚拟性-;反转性-;顺序性-;解说性+;例证性-;评价性-;并列性-;递进性-;选择性-" ConnectivePosition="" ConnectiveAttribute="不可添加" RoleLocation="normal" LanguageSense="true"/>
    <relative ID="4" Relation_Pair="1--2" Center="1" times="18" Sentence="新材料重大成果的转化在该区尤为突出。|曾荣获国家重大发明奖的以氮作保护气直拉硅单晶技术，已由该区浙大半导体厂转化为国内外同类产品中的佼佼者，" position="0...17--18...68" ConnectiveType="隐式关系" Connective="" Major_relationType="例证性" RelationType="因果性-;目的性-;条件性-;虚拟性-;反转性-;顺序性-;解说性-;例证性+;评价性-;并列性-;递进性-;选择性-" ConnectivePosition="" ConnectiveAttribute="不可添加" RoleLocation="normal" LanguageSense="true"/>
  </pragraph>
</doc>
