<?xml version="1.0" encoding="UTF-8"?>

<doc>
  <pragraph ID="2" content="1、据台“经济部”统计，去年两岸贸易额为二百零九亿美元。2、其中，台湾对祖国大陆输出值为一百七十八亿美元，3、比上一年增长百分之二十；4、输入值为三十一亿美元，5、比上年增长百分之七十四。6、台湾在两岸贸易中顺差一百四十七亿美元。">
    <relative ID="1" Relation_Pair="1--2" Center="1" times="27" Sentence="据台“经济部”统计，去年两岸贸易额为二百零九亿美元。|其中，台湾对祖国大陆输出值为一百七十八亿美元，" position="0...25--26...48" ConnectiveType="显式关系" Connective="其中" Major_relationType="解说性" RelationType="因果性-;目的性-;条件性-;虚拟性-;反转性-;顺序性-;解说性+;例证性-;评价性-;并列性-;递进性-;选择性-" ConnectivePosition="27…29" ConnectiveAttribute="不可删除" RoleLocation="normal" LanguageSense="true"/>
    <relative ID="2" Relation_Pair="2--3" Center="1" times="17" Sentence="其中，台湾对祖国大陆输出值为一百七十八亿美元，|比上一年增长百分之二十；" position="26...48--49...60" ConnectiveType="隐式关系" Connective="" Major_relationType="评价性" RelationType="因果性-;目的性-;条件性-;虚拟性-;反转性-;顺序性-;解说性+;例证性-;评价性+;并列性-;递进性-;选择性-" ConnectivePosition="" ConnectiveAttribute="不可添加" RoleLocation="normal" LanguageSense="true"/>
    <relative ID="3" Relation_Pair="4--5" Center="1" times="14" Sentence="输入值为三十一亿美元，|比上年增长百分之七十四。" position="61...71--72...83" ConnectiveType="隐式关系" Connective="" Major_relationType="评价性" RelationType="因果性-;目的性-;条件性-;虚拟性-;反转性-;顺序性-;解说性+;例证性-;评价性+;并列性-;递进性-;选择性-" ConnectivePosition="" ConnectiveAttribute="不可添加" RoleLocation="normal" LanguageSense="true"/>
    <relative ID="4" Relation_Pair="1--4" Center="1" times="11" Sentence="据台“经济部”统计，去年两岸贸易额为二百零九亿美元。|输入值为三十一亿美元，" position="0...25--61...71" ConnectiveType="隐式关系" Connective="" Major_relationType="解说性" RelationType="因果性-;目的性-;条件性-;虚拟性-;反转性-;顺序性-;解说性+;例证性-;评价性-;并列性-;递进性-;选择性-" ConnectivePosition="" ConnectiveAttribute="不可添加" RoleLocation="normal" LanguageSense="true"/>
    <relative ID="5" Relation_Pair="1--6" Center="1" times="16" Sentence="据台“经济部”统计，去年两岸贸易额为二百零九亿美元。|台湾在两岸贸易中顺差一百四十七亿美元。" position="0...25--84...102" ConnectiveType="隐式关系" Connective="" Major_relationType="解说性" RelationType="因果性-;目的性-;条件性-;虚拟性-;反转性-;顺序性-;解说性+;例证性-;评价性-;并列性-;递进性-;选择性-" ConnectivePosition="" ConnectiveAttribute="不可添加" RoleLocation="normal" LanguageSense="true"/>
  </pragraph>
  <pragraph ID="3" content="1、统计还显示，台商投资祖国大陆正趋向大型化。2、去年经台当局核准的台商投资案共四百九十项，3、金额为十点九二亿美元。4、在投资项目上比上年减少四百四十四件，5、但投资金额却比上年增加一点三亿多美元。">
    <relative ID="1" Relation_Pair="2--3" Center="2" times="42" Sentence="去年经台当局核准的台商投资案共四百九十项，|金额为十点九二亿美元。" position="21...41--42...52" ConnectiveType="隐式关系" Connective="" Major_relationType="解说性" RelationType="因果性-;目的性-;条件性-;虚拟性-;反转性-;顺序性-;解说性+;例证性-;评价性-;并列性+;递进性-;选择性-" ConnectivePosition="" ConnectiveAttribute="不可添加" RoleLocation="normal" LanguageSense="true"/>
    <relative ID="2" Relation_Pair="4--5" Center="2" times="34" Sentence="在投资项目上比上年减少四百四十四件，|但投资金额却比上年增加一点三亿多美元。" position="53...70--71...89" ConnectiveType="显式关系" Connective="但" Major_relationType="反转性" RelationType="因果性-;目的性-;条件性-;虚拟性-;反转性+;顺序性-;解说性-;例证性-;评价性-;并列性-;递进性-;选择性-" ConnectivePosition="75…76" ConnectiveAttribute="不可删除" RoleLocation="normal" LanguageSense="true"/>
    <relative ID="3" Relation_Pair="1--5" Center="1" times="20" Sentence="统计还显示，台商投资祖国大陆正趋向大型化。|但投资金额却比上年增加一点三亿多美元。" position="0...20--71...89" ConnectiveType="隐式关系" Connective="" Major_relationType="例证性" RelationType="因果性-;目的性-;条件性-;虚拟性-;反转性-;顺序性-;解说性+;例证性+;评价性-;并列性-;递进性-;选择性-" ConnectivePosition="" ConnectiveAttribute="不可添加" RoleLocation="normal" LanguageSense="true"/>
    <relative ID="4" Relation_Pair="1--3" Center="1" times="17" Sentence="统计还显示，台商投资祖国大陆正趋向大型化。|金额为十点九二亿美元。" position="0...20--42...52" ConnectiveType="隐式关系" Connective="" Major_relationType="例证性" RelationType="因果性-;目的性-;条件性-;虚拟性-;反转性-;顺序性-;解说性+;例证性+;评价性-;并列性-;递进性-;选择性-" ConnectivePosition="" ConnectiveAttribute="不可添加" RoleLocation="normal" LanguageSense="true"/>
  </pragraph>
</doc>
