<?xml version="1.0" encoding="UTF-8"?>

<doc>
  <pragraph ID="2" content="1、古老的京杭大运河如今不仅在贯通南北运输方面发挥重要作用，2、而且带动起一条欣欣向荣的工业走廊，3、形成了大运河经济带。">
    <relative ID="1" Relation_Pair="1--2" Center="3" times="30" Sentence="古老的京杭大运河如今不仅在贯通南北运输方面发挥重要作用，|而且带动起一条欣欣向荣的工业走廊，" position="0...27--28...44" ConnectiveType="显式关系" Connective="而且" Major_relationType="并列性" RelationType="因果性-;目的性-;条件性-;虚拟性-;反转性-;顺序性-;解说性-;例证性-;评价性-;并列性+;递进性-;选择性-" ConnectivePosition="29…31" ConnectiveAttribute="不可删除" RoleLocation="normal" LanguageSense="true"/>
    <relative ID="2" Relation_Pair="2--3" Center="2" times="48" Sentence="而且带动起一条欣欣向荣的工业走廊，|形成了大运河经济带。" position="28...44--45...54" ConnectiveType="隐式关系" Connective="" Major_relationType="因果性" RelationType="因果性+;目的性-;条件性-;虚拟性-;反转性-;顺序性+;解说性-;例证性-;评价性-;并列性-;递进性-;选择性-" ConnectivePosition="" ConnectiveAttribute="不可添加" RoleLocation="normal" LanguageSense="true"/>
  </pragraph>
  <pragraph ID="3" content="1、京杭运河古来繁华，2、两岸商贾云集，3、贸易发达。4、随着中国对大运河的整治，运河航道状况得到极大改善，5、许多企业纷纷看好这条“黄金水道”，6、积极在此投资建厂，7、沿河企业星罗棋布。8、据初步统计，仅运量在万吨上的企业就有二千多家，9、小的乡镇企业则不计其数。">
    <relative ID="1" Relation_Pair="1--2" Center="1" times="38" Sentence="京杭运河古来繁华，|两岸商贾云集，" position="0...8--9...15" ConnectiveType="隐式关系" Connective="" Major_relationType="例证性" RelationType="因果性-;目的性-;条件性-;虚拟性-;反转性-;顺序性-;解说性+;例证性+;评价性-;并列性-;递进性-;选择性-" ConnectivePosition="" ConnectiveAttribute="不可添加" RoleLocation="normal" LanguageSense="true"/>
    <relative ID="2" Relation_Pair="1--3" Center="1" times="10" Sentence="京杭运河古来繁华，|贸易发达。" position="0...8--16...20" ConnectiveType="隐式关系" Connective="" Major_relationType="例证性" RelationType="因果性-;目的性-;条件性-;虚拟性-;反转性-;顺序性-;解说性+;例证性+;评价性-;并列性-;递进性-;选择性-" ConnectivePosition="" ConnectiveAttribute="不可添加" RoleLocation="normal" LanguageSense="true"/>
    <relative ID="3" Relation_Pair="4--5" Center="2" times="29" Sentence="随着中国对大运河的整治，运河航道状况得到极大改善，|许多企业纷纷看好这条“黄金水道”，" position="21...45--46...62" ConnectiveType="隐式关系" Connective="" Major_relationType="因果性" RelationType="因果性+;目的性-;条件性+;虚拟性-;反转性-;顺序性+;解说性-;例证性-;评价性-;并列性-;递进性-;选择性-" ConnectivePosition="" ConnectiveAttribute="不可添加" RoleLocation="normal" LanguageSense="true"/>
    <relative ID="4" Relation_Pair="5--6" Center="2" times="17" Sentence="许多企业纷纷看好这条“黄金水道”，|积极在此投资建厂，" position="46...62--63...71" ConnectiveType="隐式关系" Connective="" Major_relationType="因果性" RelationType="因果性+;目的性-;条件性-;虚拟性-;反转性-;顺序性+;解说性-;例证性-;评价性-;并列性-;递进性-;选择性-" ConnectivePosition="" ConnectiveAttribute="不可添加" RoleLocation="normal" LanguageSense="true"/>
    <relative ID="5" Relation_Pair="6--7" Center="2" times="20" Sentence="积极在此投资建厂，|沿河企业星罗棋布。" position="63...71--72...80" ConnectiveType="隐式关系" Connective="" Major_relationType="因果性" RelationType="因果性+;目的性-;条件性-;虚拟性-;反转性-;顺序性-;解说性-;例证性-;评价性-;并列性-;递进性-;选择性-" ConnectivePosition="" ConnectiveAttribute="不可添加" RoleLocation="normal" LanguageSense="true"/>
    <relative ID="6" Relation_Pair="8--9" Center="3" times="24" Sentence="据初步统计，仅运量在万吨上的企业就有二千多家，|小的乡镇企业则不计其数。" position="81...103--104...115" ConnectiveType="隐式关系" Connective="" Major_relationType="并列性" RelationType="因果性-;目的性-;条件性-;虚拟性-;反转性-;顺序性-;解说性-;例证性-;评价性-;并列性+;递进性-;选择性-" ConnectivePosition="" ConnectiveAttribute="不可添加" RoleLocation="normal" LanguageSense="true"/>
    <relative ID="7" Relation_Pair="1--4" Center="3" times="16" Sentence="京杭运河古来繁华，|随着中国对大运河的整治，运河航道状况得到极大改善，" position="0...8--21...45" ConnectiveType="隐式关系" Connective="" Major_relationType="并列性" RelationType="因果性-;目的性-;条件性-;虚拟性-;反转性-;顺序性-;解说性-;例证性-;评价性-;并列性+;递进性-;选择性-" ConnectivePosition="" ConnectiveAttribute="不可添加" RoleLocation="normal" LanguageSense="true"/>
    <relative ID="8" Relation_Pair="7--8" Center="1" times="22" Sentence="沿河企业星罗棋布。|据初步统计，仅运量在万吨上的企业就有二千多家，" position="72...80--81...103" ConnectiveType="隐式关系" Connective="" Major_relationType="解说性" RelationType="因果性-;目的性-;条件性-;虚拟性-;反转性-;顺序性-;解说性+;例证性+;评价性-;并列性-;递进性-;选择性-" ConnectivePosition="" ConnectiveAttribute="不可添加" RoleLocation="normal" LanguageSense="true"/>
  </pragraph>
  <pragraph ID="4" content="1、大运河作为一条水运大动脉，2、为沿岸企业提供了运输和给排水之便，3、成为企业发展的生命通道。4、据江苏苏钢集团公司负责人介绍，苏钢每年要靠大运河运输原料、成品一百五十万吨。5、其中煤炭从徐州运来，6、走运河比走陆路运费每吨便宜十五元，7、仅此一项大运河每年就为厂家节约成本二千多万元。8、运河整治后，9、苏钢在运河对岸建了新厂区，10、并自筹资金建设了一座跨运河大桥，11、把新厂、老厂连为一体。">
    <relative ID="1" Relation_Pair="1--2" Center="2" times="18" Sentence="大运河作为一条水运大动脉，|为沿岸企业提供了运输和给排水之便，" position="0...12--13...29" ConnectiveType="显式关系" Connective="为" Major_relationType="因果性" RelationType="因果性+;目的性-;条件性-;虚拟性-;反转性-;顺序性-;解说性+;例证性-;评价性+;并列性-;递进性-;选择性-" ConnectivePosition="14…15" ConnectiveAttribute="不可删除" RoleLocation="normal" LanguageSense="true"/>
    <relative ID="2" Relation_Pair="2--3" Center="2" times="24" Sentence="为沿岸企业提供了运输和给排水之便，|成为企业发展的生命通道。" position="13...29--30...41" ConnectiveType="显式关系" Connective="为" Major_relationType="评价性" RelationType="因果性+;目的性-;条件性-;虚拟性-;反转性-;顺序性-;解说性+;例证性-;评价性+;并列性-;递进性-;选择性-" ConnectivePosition="14…15" ConnectiveAttribute="不可删除" RoleLocation="normal" LanguageSense="true"/>
    <relative ID="3" Relation_Pair="5--6" Center="1" times="209" Sentence="其中煤炭从徐州运来，|走运河比走陆路运费每吨便宜十五元，" position="80...89--90...106" ConnectiveType="隐式关系" Connective="" Major_relationType="解说性" RelationType="因果性-;目的性-;条件性-;虚拟性-;反转性-;顺序性-;解说性+;例证性-;评价性-;并列性-;递进性-;选择性-" ConnectivePosition="" ConnectiveAttribute="不可添加" RoleLocation="normal" LanguageSense="true"/>
    <relative ID="4" Relation_Pair="6--7" Center="2" times="66" Sentence="走运河比走陆路运费每吨便宜十五元，|仅此一项大运河每年就为厂家节约成本二千多万元。" position="90...106--107...129" ConnectiveType="隐式关系" Connective="" Major_relationType="因果性" RelationType="因果性+;目的性-;条件性-;虚拟性-;反转性-;顺序性-;解说性+;例证性-;评价性+;并列性-;递进性-;选择性-" ConnectivePosition="" ConnectiveAttribute="不可添加" RoleLocation="normal" LanguageSense="true"/>
    <relative ID="5" Relation_Pair="4--5" Center="1" times="108" Sentence="据江苏苏钢集团公司负责人介绍，苏钢每年要靠大运河运输原料、成品一百五十万吨。|其中煤炭从徐州运来，" position="42...79--80...89" ConnectiveType="显式关系" Connective="其中" Major_relationType="解说性" RelationType="因果性-;目的性-;条件性-;虚拟性-;反转性-;顺序性-;解说性+;例证性-;评价性-;并列性-;递进性-;选择性-" ConnectivePosition="84…86" ConnectiveAttribute="不可删除" RoleLocation="normal" LanguageSense="true"/>
    <relative ID="6" Relation_Pair="8--9" Center="2" times="104" Sentence="运河整治后，|苏钢在运河对岸建了新厂区，" position="130...135--136...148" ConnectiveType="隐式关系" Connective="" Major_relationType="条件性" RelationType="因果性+;目的性-;条件性+;虚拟性-;反转性-;顺序性+;解说性-;例证性-;评价性-;并列性-;递进性-;选择性-" ConnectivePosition="" ConnectiveAttribute="不可添加" RoleLocation="normal" LanguageSense="true"/>
    <relative ID="7" Relation_Pair="9--10" Center="3" times="21" Sentence="苏钢在运河对岸建了新厂区，|并自筹资金建设了一座跨运河大桥，" position="136...148--149...164" ConnectiveType="显式关系" Connective="并" Major_relationType="并列性" RelationType="因果性-;目的性-;条件性-;虚拟性-;反转性-;顺序性-;解说性-;例证性-;评价性-;并列性+;递进性-;选择性-" ConnectivePosition="158…159" ConnectiveAttribute="不可删除" RoleLocation="normal" LanguageSense="true"/>
    <relative ID="8" Relation_Pair="10--11" Center="1" times="24" Sentence="并自筹资金建设了一座跨运河大桥，|把新厂、老厂连为一体。" position="149...164--165...175" ConnectiveType="隐式关系" Connective="" Major_relationType="目的性" RelationType="因果性-;目的性+;条件性-;虚拟性-;反转性-;顺序性-;解说性-;例证性-;评价性-;并列性-;递进性-;选择性-" ConnectivePosition="" ConnectiveAttribute="不可添加" RoleLocation="normal" LanguageSense="true"/>
    <relative ID="9" Relation_Pair="3--4" Center="1" times="22" Sentence="成为企业发展的生命通道。|据江苏苏钢集团公司负责人介绍，苏钢每年要靠大运河运输原料、成品一百五十万吨。" position="30...41--42...79" ConnectiveType="隐式关系" Connective="" Major_relationType="例证性" RelationType="因果性-;目的性-;条件性-;虚拟性-;反转性-;顺序性-;解说性-;例证性+;评价性-;并列性-;递进性-;选择性-" ConnectivePosition="" ConnectiveAttribute="不可添加" RoleLocation="normal" LanguageSense="true"/>
    <relative ID="10" Relation_Pair="4--9" Center="1" times="22" Sentence="据江苏苏钢集团公司负责人介绍，苏钢每年要靠大运河运输原料、成品一百五十万吨。|苏钢在运河对岸建了新厂区，" position="42...79--136...148" ConnectiveType="隐式关系" Connective="" Major_relationType="解说性" RelationType="因果性-;目的性-;条件性-;虚拟性-;反转性-;顺序性-;解说性+;例证性-;评价性-;并列性-;递进性-;选择性-" ConnectivePosition="" ConnectiveAttribute="不可添加" RoleLocation="normal" LanguageSense="true"/>
  </pragraph>
  <pragraph ID="5" content="1、运河沿岸企业涉及钢铁、电力、建材、机械等行业，2、多为当地经济支柱。3、常州市沿运河两岸零点五平方公里范围内，大型厂矿企业有一百八十六家。4、在常州重点培育的十大支柱产业中，动力机械工业、汽车工业、工程机械工业、输变电设备工业等七大产业均沿河分布。5、无锡市沿运河企业有五百多家，6、超亿元产值的大型企业有五十多家，7、成为无锡市经济发展的主骨架。8、镇江市沿运河分布各类企业四百三十五家，9、年产值二十二亿元，10、利税一点六八亿元，11、是镇江经济的主要支柱。12、扬州市傍河而建的各类企业一百三十余家，13、该市的名牌产品、支柱产业、外向型经济大多沿河分布，14、成为扬州经济新的生长点。">
    <relative ID="1" Relation_Pair="1--2" Center="2" times="71" Sentence="运河沿岸企业涉及钢铁、电力、建材、机械等行业，|多为当地经济支柱。" position="0...22--23...31" ConnectiveType="隐式关系" Connective="" Major_relationType="评价性" RelationType="因果性-;目的性-;条件性-;虚拟性-;反转性-;顺序性-;解说性-;例证性-;评价性+;并列性-;递进性-;选择性-" ConnectivePosition="" ConnectiveAttribute="不可添加" RoleLocation="normal" LanguageSense="true"/>
    <relative ID="2" Relation_Pair="5--6" Center="2" times="73" Sentence="无锡市沿运河企业有五百多家，|超亿元产值的大型企业有五十多家，" position="118...131--132...147" ConnectiveType="隐式关系" Connective="" Major_relationType="解说性" RelationType="因果性-;目的性-;条件性-;虚拟性-;反转性-;顺序性-;解说性+;例证性-;评价性-;并列性-;递进性-;选择性-" ConnectivePosition="" ConnectiveAttribute="不可添加" RoleLocation="normal" LanguageSense="true"/>
    <relative ID="3" Relation_Pair="6--7" Center="2" times="21" Sentence="超亿元产值的大型企业有五十多家，|成为无锡市经济发展的主骨架。" position="132...147--148...161" ConnectiveType="隐式关系" Connective="" Major_relationType="评价性" RelationType="因果性-;目的性-;条件性-;虚拟性-;反转性-;顺序性-;解说性-;例证性-;评价性+;并列性-;递进性-;选择性-" ConnectivePosition="" ConnectiveAttribute="不可添加" RoleLocation="normal" LanguageSense="true"/>
    <relative ID="4" Relation_Pair="2--7" Center="1" times="52" Sentence="多为当地经济支柱。|成为无锡市经济发展的主骨架。" position="23...31--148...161" ConnectiveType="隐式关系" Connective="" Major_relationType="例证性" RelationType="因果性-;目的性-;条件性-;虚拟性-;反转性-;顺序性-;解说性-;例证性+;评价性-;并列性-;递进性-;选择性-" ConnectivePosition="" ConnectiveAttribute="不可添加" RoleLocation="normal" LanguageSense="true"/>
    <relative ID="5" Relation_Pair="2--4" Center="1" times="15" Sentence="多为当地经济支柱。|在常州重点培育的十大支柱产业中，动力机械工业、汽车工业、工程机械工业、输变电设备工业等七大产业均沿河分布。" position="23...31--65...117" ConnectiveType="隐式关系" Connective="" Major_relationType="例证性" RelationType="因果性-;目的性-;条件性-;虚拟性-;反转性-;顺序性-;解说性-;例证性+;评价性-;并列性-;递进性-;选择性-" ConnectivePosition="" ConnectiveAttribute="不可添加" RoleLocation="normal" LanguageSense="true"/>
    <relative ID="6" Relation_Pair="3--4" Center="2" times="22" Sentence="常州市沿运河两岸零点五平方公里范围内，大型厂矿企业有一百八十六家。|在常州重点培育的十大支柱产业中，动力机械工业、汽车工业、工程机械工业、输变电设备工业等七大产业均沿河分布。" position="32...64--65...117" ConnectiveType="隐式关系" Connective="" Major_relationType="解说性" RelationType="因果性-;目的性-;条件性-;虚拟性-;反转性-;顺序性-;解说性+;例证性-;评价性-;并列性-;递进性-;选择性-" ConnectivePosition="" ConnectiveAttribute="不可添加" RoleLocation="normal" LanguageSense="true"/>
    <relative ID="7" Relation_Pair="8--9" Center="3" times="95" Sentence="镇江市沿运河分布各类企业四百三十五家，|年产值二十二亿元，" position="162...180--181...189" ConnectiveType="隐式关系" Connective="" Major_relationType="并列性" RelationType="因果性-;目的性-;条件性-;虚拟性-;反转性-;顺序性-;解说性-;例证性-;评价性-;并列性+;递进性-;选择性-" ConnectivePosition="" ConnectiveAttribute="不可添加" RoleLocation="normal" LanguageSense="true"/>
    <relative ID="8" Relation_Pair="9--10" Center="3" times="9" Sentence="年产值二十二亿元，|利税一点六八亿元，" position="181...189--190...198" ConnectiveType="隐式关系" Connective="" Major_relationType="并列性" RelationType="因果性-;目的性-;条件性-;虚拟性-;反转性-;顺序性-;解说性-;例证性-;评价性-;并列性+;递进性-;选择性-" ConnectivePosition="" ConnectiveAttribute="不可添加" RoleLocation="normal" LanguageSense="true"/>
    <relative ID="9" Relation_Pair="8--11" Center="2" times="12" Sentence="镇江市沿运河分布各类企业四百三十五家，|是镇江经济的主要支柱。" position="162...180--199...209" ConnectiveType="隐式关系" Connective="" Major_relationType="评价性" RelationType="因果性-;目的性-;条件性-;虚拟性-;反转性-;顺序性-;解说性-;例证性-;评价性+;并列性-;递进性-;选择性-" ConnectivePosition="" ConnectiveAttribute="不可添加" RoleLocation="normal" LanguageSense="true"/>
    <relative ID="10" Relation_Pair="2--11" Center="1" times="18" Sentence="多为当地经济支柱。|是镇江经济的主要支柱。" position="23...31--199...209" ConnectiveType="隐式关系" Connective="" Major_relationType="例证性" RelationType="因果性-;目的性-;条件性-;虚拟性-;反转性-;顺序性-;解说性-;例证性+;评价性-;并列性-;递进性-;选择性-" ConnectivePosition="" ConnectiveAttribute="不可添加" RoleLocation="normal" LanguageSense="true"/>
    <relative ID="11" Relation_Pair="12--13" Center="2" times="15" Sentence="扬州市傍河而建的各类企业一百三十余家，|该市的名牌产品、支柱产业、外向型经济大多沿河分布，" position="210...228--229...253" ConnectiveType="隐式关系" Connective="" Major_relationType="解说性" RelationType="因果性-;目的性-;条件性-;虚拟性-;反转性-;顺序性-;解说性+;例证性-;评价性-;并列性-;递进性-;选择性-" ConnectivePosition="" ConnectiveAttribute="不可添加" RoleLocation="normal" LanguageSense="true"/>
    <relative ID="12" Relation_Pair="13--14" Center="2" times="10" Sentence="该市的名牌产品、支柱产业、外向型经济大多沿河分布，|成为扬州经济新的生长点。" position="229...253--254...265" ConnectiveType="隐式关系" Connective="" Major_relationType="评价性" RelationType="因果性-;目的性-;条件性-;虚拟性-;反转性-;顺序性-;解说性-;例证性-;评价性+;并列性-;递进性-;选择性-" ConnectivePosition="" ConnectiveAttribute="不可添加" RoleLocation="normal" LanguageSense="true"/>
    <relative ID="13" Relation_Pair="2--14" Center="1" times="16" Sentence="多为当地经济支柱。|成为扬州经济新的生长点。" position="23...31--254...265" ConnectiveType="隐式关系" Connective="" Major_relationType="例证性" RelationType="因果性-;目的性-;条件性-;虚拟性-;反转性-;顺序性-;解说性-;例证性+;评价性-;并列性-;递进性-;选择性-" ConnectivePosition="" ConnectiveAttribute="不可添加" RoleLocation="normal" LanguageSense="true"/>
  </pragraph>
  <pragraph ID="6" content="1、大运河的大规模整治，2、改善了沿河市县的投资环境，3、以良好的水运优势吸引外商投资，4、促进了外向型经济的发展。5、常州市的大多数重点推进利用外资项目和招商项目分布在运河两岸。6、镇江市近年依托大运河建厂的外商独资企业就有八家，7、合资企业更多。">
    <relative ID="1" Relation_Pair="1--2" Center="2" times="62" Sentence="大运河的大规模整治，|改善了沿河市县的投资环境，" position="0...9--10...22" ConnectiveType="隐式关系" Connective="" Major_relationType="因果性" RelationType="因果性+;目的性-;条件性+;虚拟性-;反转性-;顺序性+;解说性-;例证性-;评价性-;并列性-;递进性-;选择性-" ConnectivePosition="" ConnectiveAttribute="不可添加" RoleLocation="normal" LanguageSense="true"/>
    <relative ID="2" Relation_Pair="2--3" Center="2" times="50" Sentence="改善了沿河市县的投资环境，|以良好的水运优势吸引外商投资，" position="10...22--23...37" ConnectiveType="隐式关系" Connective="" Major_relationType="因果性" RelationType="因果性+;目的性-;条件性+;虚拟性-;反转性-;顺序性+;解说性-;例证性-;评价性-;并列性-;递进性-;选择性-" ConnectivePosition="" ConnectiveAttribute="不可添加" RoleLocation="normal" LanguageSense="true"/>
    <relative ID="3" Relation_Pair="3--4" Center="1" times="12" Sentence="以良好的水运优势吸引外商投资，|促进了外向型经济的发展。" position="23...37--38...49" ConnectiveType="隐式关系" Connective="" Major_relationType="因果性" RelationType="因果性+;目的性-;条件性-;虚拟性-;反转性-;顺序性+;解说性-;例证性-;评价性-;并列性-;递进性-;选择性-" ConnectivePosition="" ConnectiveAttribute="不可添加" RoleLocation="normal" LanguageSense="true"/>
    <relative ID="4" Relation_Pair="3--5" Center="1" times="10" Sentence="以良好的水运优势吸引外商投资，|常州市的大多数重点推进利用外资项目和招商项目分布在运河两岸。" position="23...37--50...79" ConnectiveType="隐式关系" Connective="" Major_relationType="例证性" RelationType="因果性-;目的性-;条件性-;虚拟性-;反转性-;顺序性-;解说性-;例证性+;评价性-;并列性-;递进性-;选择性-" ConnectivePosition="" ConnectiveAttribute="不可添加" RoleLocation="normal" LanguageSense="true"/>
    <relative ID="5" Relation_Pair="6--7" Center="3" times="8" Sentence="镇江市近年依托大运河建厂的外商独资企业就有八家，|合资企业更多。" position="80...103--104...110" ConnectiveType="隐式关系" Connective="" Major_relationType="并列性" RelationType="因果性-;目的性-;条件性-;虚拟性-;反转性-;顺序性-;解说性-;例证性-;评价性-;并列性+;递进性-;选择性-" ConnectivePosition="" ConnectiveAttribute="不可添加" RoleLocation="normal" LanguageSense="true"/>
    <relative ID="6" Relation_Pair="3--6" Center="1" times="10" Sentence="以良好的水运优势吸引外商投资，|镇江市近年依托大运河建厂的外商独资企业就有八家，" position="23...37--80...103" ConnectiveType="隐式关系" Connective="" Major_relationType="例证性" RelationType="因果性-;目的性-;条件性-;虚拟性-;反转性-;顺序性-;解说性-;例证性+;评价性-;并列性-;递进性-;选择性-" ConnectivePosition="" ConnectiveAttribute="不可添加" RoleLocation="normal" LanguageSense="true"/>
  </pragraph>
</doc>
