<?xml version="1.0" encoding="UTF-8"?>

<doc>
  <pragraph ID="2" content="1、正值中国与韩国双边贸易额大幅增长之际，一项大型的中韩经贸研讨会将于今年四月十八日至十九日在北京举行。2、这是中韩双方首次举办的专门讨论两国经贸交流与合作的大型研讨会。3、业内人士认为，它将为中韩两国经贸界提供一次扩大交流与合作的良机。">
    <relative ID="1" Relation_Pair="1--2" Center="1" times="84" Sentence="正值中国与韩国双边贸易额大幅增长之际，一项大型的中韩经贸研讨会将于今年四月十八日至十九日在北京举行。|这是中韩双方首次举办的专门讨论两国经贸交流与合作的大型研讨会。" position="0...49--50...80" ConnectiveType="隐式关系" Connective="" Major_relationType="评价性" RelationType="因果性-;目的性-;条件性-;虚拟性-;反转性-;顺序性-;解说性+;例证性-;评价性+;并列性-;递进性-;选择性-" ConnectivePosition="" ConnectiveAttribute="不可添加" RoleLocation="normal" LanguageSense="true"/>
    <relative ID="2" Relation_Pair="1--3" Center="1" times="30" Sentence="正值中国与韩国双边贸易额大幅增长之际，一项大型的中韩经贸研讨会将于今年四月十八日至十九日在北京举行。|业内人士认为，它将为中韩两国经贸界提供一次扩大交流与合作的良机。" position="0...49--81...112" ConnectiveType="隐式关系" Connective="" Major_relationType="评价性" RelationType="因果性-;目的性-;条件性-;虚拟性+;反转性-;顺序性-;解说性-;例证性-;评价性+;并列性-;递进性-;选择性-" ConnectivePosition="" ConnectiveAttribute="不可添加" RoleLocation="normal" LanguageSense="true"/>
  </pragraph>
  <pragraph ID="3" content="1、近年来，中韩两国之间的经贸往来发展迅速。2、截止去年九月，韩国在华投资企业总数为五千八百八十三家，3、中国已成为韩国最大的投资对象国。4、据中国海关统计，一九九五年两国贸易额已达一百六十九点八亿美元，5、比前年增长百分之四十四点八。6、经济专家预计，今年中韩两国贸易额将增至二百五十亿美元。">
    <relative ID="1" Relation_Pair="2--3" Center="1" times="66" Sentence="截止去年九月，韩国在华投资企业总数为五千八百八十三家，|中国已成为韩国最大的投资对象国。" position="20...46--47...62" ConnectiveType="隐式关系" Connective="" Major_relationType="因果性" RelationType="因果性+;目的性-;条件性-;虚拟性-;反转性-;顺序性-;解说性-;例证性-;评价性+;并列性-;递进性-;选择性-" ConnectivePosition="" ConnectiveAttribute="不可添加" RoleLocation="normal" LanguageSense="true"/>
    <relative ID="2" Relation_Pair="1--2" Center="1" times="11" Sentence="近年来，中韩两国之间的经贸往来发展迅速。|截止去年九月，韩国在华投资企业总数为五千八百八十三家，" position="0...19--20...46" ConnectiveType="隐式关系" Connective="" Major_relationType="例证性" RelationType="因果性-;目的性-;条件性-;虚拟性-;反转性-;顺序性-;解说性-;例证性+;评价性-;并列性-;递进性-;选择性-" ConnectivePosition="" ConnectiveAttribute="不可添加" RoleLocation="normal" LanguageSense="true"/>
    <relative ID="3" Relation_Pair="4--5" Center="1" times="20" Sentence="据中国海关统计，一九九五年两国贸易额已达一百六十九点八亿美元，|比前年增长百分之四十四点八。" position="63...93--94...107" ConnectiveType="隐式关系" Connective="" Major_relationType="评价性" RelationType="因果性-;目的性-;条件性-;虚拟性-;反转性-;顺序性-;解说性-;例证性-;评价性+;并列性+;递进性-;选择性-" ConnectivePosition="" ConnectiveAttribute="不可添加" RoleLocation="normal" LanguageSense="true"/>
    <relative ID="4" Relation_Pair="1--4" Center="1" times="11" Sentence="近年来，中韩两国之间的经贸往来发展迅速。|据中国海关统计，一九九五年两国贸易额已达一百六十九点八亿美元，" position="0...19--63...93" ConnectiveType="隐式关系" Connective="" Major_relationType="例证性" RelationType="因果性-;目的性-;条件性-;虚拟性-;反转性-;顺序性-;解说性+;例证性+;评价性-;并列性-;递进性-;选择性-" ConnectivePosition="" ConnectiveAttribute="不可添加" RoleLocation="normal" LanguageSense="true"/>
    <relative ID="5" Relation_Pair="1--6" Center="1" times="24" Sentence="近年来，中韩两国之间的经贸往来发展迅速。|经济专家预计，今年中韩两国贸易额将增至二百五十亿美元。" position="0...19--108...134" ConnectiveType="隐式关系" Connective="" Major_relationType="解说性" RelationType="因果性-;目的性-;条件性-;虚拟性+;反转性-;顺序性-;解说性+;例证性-;评价性-;并列性-;递进性-;选择性-" ConnectivePosition="" ConnectiveAttribute="不可添加" RoleLocation="normal" LanguageSense="true"/>
  </pragraph>
  <pragraph ID="4" content="1、据悉，在中韩首次举办的专门讨论两国经贸交流与合作的大型研讨会上，中国有关部委的权威人士将在会上着重介绍中国即将公布的一系列对外贸易及合作的新政策，2、其中包括有关降低进口产品关税、外资企业出口产品退税、外资企业进口设备取消减免税以及加工贸易保证金台帐制度等海外投资者十分关注的问题。">
    <relative ID="1" Relation_Pair="1--2" Center="1" times="19" Sentence="据悉，在中韩首次举办的专门讨论两国经贸交流与合作的大型研讨会上，中国有关部委的权威人士将在会上着重介绍中国即将公布的一系列对外贸易及合作的新政策，|其中包括有关降低进口产品关税、外资企业出口产品退税、外资企业进口设备取消减免税以及加工贸易保证金台帐制度等海外投资者十分关注的问题。" position="0...72--73...138" ConnectiveType="显式关系" Connective="其中" Major_relationType="解说性" RelationType="因果性-;目的性-;条件性-;虚拟性-;反转性-;顺序性-;解说性+;例证性-;评价性-;并列性-;递进性-;选择性-" ConnectivePosition="74…76" ConnectiveAttribute="不可删除" RoleLocation="normal" LanguageSense="true"/>
  </pragraph>
  <pragraph ID="5" content="1、此外，经贸界人士关心的中韩在汽车、民用航空、高清晰度电视和程控交换机四大领域的合作谈判进展情况，2、也是此次研讨会主要议题之一。">
    <relative ID="1" Relation_Pair="1--2" Center="1" times="34" Sentence="此外，经贸界人士关心的中韩在汽车、民用航空、高清晰度电视和程控交换机四大领域的合作谈判进展情况，|也是此次研讨会主要议题之一。" position="0...47--48...61" ConnectiveType="隐式关系" Connective="" Major_relationType="解说性" RelationType="因果性-;目的性-;条件性-;虚拟性-;反转性-;顺序性-;解说性+;例证性-;评价性-;并列性-;递进性-;选择性-" ConnectivePosition="" ConnectiveAttribute="不可添加" RoleLocation="normal" LanguageSense="true"/>
  </pragraph>
  <pragraph ID="6" content="1、这次中韩经贸研讨会由中国新华通讯社对外部、对外贸易经济合作部亚洲司与韩国驻华使馆、大韩贸易振兴公社联合举办。2、据称，研讨会上还将介绍韩国中小企业家们尤为关注的中国国内流通领域的对外开放问题。">
    <relative ID="1" Relation_Pair="1--2" Center="3" times="29" Sentence="这次中韩经贸研讨会由中国新华通讯社对外部、对外贸易经济合作部亚洲司与韩国驻华使馆、大韩贸易振兴公社联合举办。|据称，研讨会上还将介绍韩国中小企业家们尤为关注的中国国内流通领域的对外开放问题。" position="0...53--54...93" ConnectiveType="隐式关系" Connective="" Major_relationType="并列性" RelationType="因果性-;目的性-;条件性-;虚拟性+;反转性-;顺序性-;解说性-;例证性-;评价性-;并列性+;递进性-;选择性-" ConnectivePosition="" ConnectiveAttribute="不可添加" RoleLocation="normal" LanguageSense="true"/>
  </pragraph>
</doc>
