<?xml version="1.0" encoding="UTF-8"?>

<doc>
  <pragraph ID="2" content="1、深圳市沙头角保税区今后五年将充分发挥保税区的区位优势和政策优势，2、以高新技术产业为先导，3、积极调整产品结构，4、实施以转口贸易和仓储业为辅助的经营战略，5、把沙头角保税区建成按国际惯例运作、国内领先的特殊综合经济区域，6、使其成为该市外向型经济的快速增长点。">
    <relative ID="1" Relation_Pair="1--2" Center="1" times="90" Sentence="深圳市沙头角保税区今后五年将充分发挥保税区的区位优势和政策优势，|以高新技术产业为先导，" position="0...31--32...42" ConnectiveType="隐式关系" Connective="" Major_relationType="解说性" RelationType="因果性-;目的性-;条件性-;虚拟性+;反转性-;顺序性-;解说性+;例证性-;评价性-;并列性-;递进性-;选择性-" ConnectivePosition="" ConnectiveAttribute="不可添加" RoleLocation="normal" LanguageSense="true"/>
    <relative ID="2" Relation_Pair="1--3" Center="1" times="27" Sentence="深圳市沙头角保税区今后五年将充分发挥保税区的区位优势和政策优势，|积极调整产品结构，" position="0...31--43...51" ConnectiveType="隐式关系" Connective="" Major_relationType="解说性" RelationType="因果性-;目的性-;条件性-;虚拟性+;反转性-;顺序性-;解说性+;例证性-;评价性-;并列性-;递进性-;选择性-" ConnectivePosition="" ConnectiveAttribute="不可添加" RoleLocation="normal" LanguageSense="true"/>
    <relative ID="3" Relation_Pair="1--4" Center="1" times="14" Sentence="深圳市沙头角保税区今后五年将充分发挥保税区的区位优势和政策优势，|实施以转口贸易和仓储业为辅助的经营战略，" position="0...31--52...71" ConnectiveType="隐式关系" Connective="" Major_relationType="解说性" RelationType="因果性-;目的性-;条件性-;虚拟性+;反转性-;顺序性-;解说性+;例证性-;评价性-;并列性-;递进性-;选择性-" ConnectivePosition="" ConnectiveAttribute="不可添加" RoleLocation="normal" LanguageSense="true"/>
    <relative ID="4" Relation_Pair="1--5" Center="1" times="27" Sentence="深圳市沙头角保税区今后五年将充分发挥保税区的区位优势和政策优势，|把沙头角保税区建成按国际惯例运作、国内领先的特殊综合经济区域，" position="0...31--72...102" ConnectiveType="隐式关系" Connective="" Major_relationType="目的性" RelationType="因果性+;目的性+;条件性-;虚拟性+;反转性-;顺序性-;解说性-;例证性-;评价性-;并列性-;递进性-;选择性-" ConnectivePosition="" ConnectiveAttribute="不可添加" RoleLocation="normal" LanguageSense="true"/>
    <relative ID="5" Relation_Pair="1--6" Center="1" times="44" Sentence="深圳市沙头角保税区今后五年将充分发挥保税区的区位优势和政策优势，|使其成为该市外向型经济的快速增长点。" position="0...31--103...120" ConnectiveType="隐式关系" Connective="" Major_relationType="目的性" RelationType="因果性+;目的性+;条件性-;虚拟性+;反转性-;顺序性-;解说性-;例证性-;评价性-;并列性-;递进性-;选择性-" ConnectivePosition="" ConnectiveAttribute="不可添加" RoleLocation="normal" LanguageSense="true"/>
  </pragraph>
  <pragraph ID="3" content="1、为实现上述规划，2、沙头角保税区除继续完备相应的物质条件和政策法规、管理体制、运作机制、人才等条件外，3、并推出下列措施予以保障。">
    <relative ID="1" Relation_Pair="1--2" Center="2" times="77" Sentence="为实现上述规划，|沙头角保税区除继续完备相应的物质条件和政策法规、管理体制、运作机制、人才等条件外，" position="0...7--8...48" ConnectiveType="显式关系" Connective="为" Major_relationType="目的性" RelationType="因果性+;目的性+;条件性-;虚拟性+;反转性-;顺序性-;解说性+;例证性-;评价性-;并列性-;递进性-;选择性-" ConnectivePosition="0…1" ConnectiveAttribute="不可删除" RoleLocation="normal" LanguageSense="true"/>
    <relative ID="2" Relation_Pair="2--3" Center="3" times="21" Sentence="沙头角保税区除继续完备相应的物质条件和政策法规、管理体制、运作机制、人才等条件外，|并推出下列措施予以保障。" position="8...48--49...60" ConnectiveType="隐式关系" Connective="" Major_relationType="并列性" RelationType="因果性-;目的性-;条件性-;虚拟性-;反转性-;顺序性-;解说性-;例证性-;评价性-;并列性+;递进性-;选择性-" ConnectivePosition="" ConnectiveAttribute="不可添加" RoleLocation="normal" LanguageSense="true"/>
  </pragraph>
  <pragraph ID="4" content="1、－－真正按照国际惯例运作，2、以国际上通行的“自由贸易区”为参照目标，3、以“境内关外”为监管模式，4、逐步做到区内的人员、货物、资金与境外自由流动，5、实现与国际市场的充分对接。">
    <relative ID="1" Relation_Pair="1--2" Center="1" times="37" Sentence="－－真正按照国际惯例运作，|以国际上通行的“自由贸易区”为参照目标，" position="0...12--13...32" ConnectiveType="隐式关系" Connective="" Major_relationType="例证性" RelationType="因果性-;目的性-;条件性-;虚拟性-;反转性-;顺序性-;解说性+;例证性+;评价性-;并列性-;递进性-;选择性-" ConnectivePosition="" ConnectiveAttribute="不可添加" RoleLocation="normal" LanguageSense="true"/>
    <relative ID="2" Relation_Pair="1--3" Center="1" times="11" Sentence="－－真正按照国际惯例运作，|以“境内关外”为监管模式，" position="0...12--33...45" ConnectiveType="隐式关系" Connective="" Major_relationType="例证性" RelationType="因果性-;目的性-;条件性-;虚拟性-;反转性-;顺序性-;解说性+;例证性+;评价性-;并列性-;递进性-;选择性-" ConnectivePosition="" ConnectiveAttribute="不可添加" RoleLocation="normal" LanguageSense="true"/>
    <relative ID="3" Relation_Pair="1--4" Center="1" times="64" Sentence="－－真正按照国际惯例运作，|逐步做到区内的人员、货物、资金与境外自由流动，" position="0...12--46...68" ConnectiveType="显式关系" Connective="逐步" Major_relationType="顺序性" RelationType="因果性-;目的性-;条件性-;虚拟性-;反转性-;顺序性+;解说性+;例证性-;评价性-;并列性-;递进性-;选择性-" ConnectivePosition="49…51" ConnectiveAttribute="不可删除" RoleLocation="normal" LanguageSense="true"/>
    <relative ID="4" Relation_Pair="4--5" Center="1" times="43" Sentence="逐步做到区内的人员、货物、资金与境外自由流动，|实现与国际市场的充分对接。" position="46...68--69...81" ConnectiveType="隐式关系" Connective="" Major_relationType="目的性" RelationType="因果性-;目的性+;条件性-;虚拟性+;反转性-;顺序性+;解说性-;例证性-;评价性-;并列性-;递进性-;选择性-" ConnectivePosition="" ConnectiveAttribute="不可添加" RoleLocation="normal" LanguageSense="true"/>
  </pragraph>
  <pragraph ID="5" content="1、－－继续优化投资硬环境和软环境。2、以建立保税区管理局为契机，3、实现领导一元化、机构一体化、工作“一站式”、服务“一条龙”。">
    <relative ID="1" Relation_Pair="1--2" Center="1" times="25" Sentence="－－继续优化投资硬环境和软环境。|以建立保税区管理局为契机，" position="0...15--16...28" ConnectiveType="隐式关系" Connective="" Major_relationType="例证性" RelationType="因果性-;目的性-;条件性-;虚拟性-;反转性-;顺序性-;解说性+;例证性+;评价性-;并列性-;递进性-;选择性-" ConnectivePosition="" ConnectiveAttribute="不可添加" RoleLocation="normal" LanguageSense="true"/>
    <relative ID="2" Relation_Pair="2--3" Center="1" times="30" Sentence="以建立保税区管理局为契机，|实现领导一元化、机构一体化、工作“一站式”、服务“一条龙”。" position="16...28--29...58" ConnectiveType="隐式关系" Connective="" Major_relationType="目的性" RelationType="因果性+;目的性+;条件性-;虚拟性+;反转性-;顺序性-;解说性-;例证性-;评价性-;并列性-;递进性-;选择性-" ConnectivePosition="" ConnectiveAttribute="不可添加" RoleLocation="normal" LanguageSense="true"/>
  </pragraph>
  <pragraph ID="6" content="1、－－积极做好招商引资工作。2、今后五年要加快引资步伐，3、逐步调整产业结构、产品结构和企业结构，4、实现“三个转变”，5、即从单一的出口加工向综合性功能发展，6、从以传统的产业为主转变为重点发展新技术产业；7、从零散状态的小规模引进为主转变为积极引进国外跨国公司和集团的大型工贸项目。">
    <relative ID="1" Relation_Pair="2--3" Center="1" times="86" Sentence="今后五年要加快引资步伐，|逐步调整产业结构、产品结构和企业结构，" position="13...24--25...43" ConnectiveType="隐式关系" Connective="" Major_relationType="顺序性" RelationType="因果性-;目的性-;条件性-;虚拟性+;反转性-;顺序性+;解说性-;例证性-;评价性-;并列性+;递进性-;选择性-" ConnectivePosition="" ConnectiveAttribute="不可添加" RoleLocation="normal" LanguageSense="true"/>
    <relative ID="2" Relation_Pair="3--4" Center="1" times="27" Sentence="逐步调整产业结构、产品结构和企业结构，|实现“三个转变”，" position="25...43--44...52" ConnectiveType="隐式关系" Connective="" Major_relationType="目的性" RelationType="因果性-;目的性+;条件性-;虚拟性+;反转性-;顺序性+;解说性-;例证性-;评价性-;并列性-;递进性-;选择性-" ConnectivePosition="" ConnectiveAttribute="不可添加" RoleLocation="normal" LanguageSense="true"/>
    <relative ID="3" Relation_Pair="4--5" Center="1" times="55" Sentence="实现“三个转变”，|即从单一的出口加工向综合性功能发展，" position="44...52--53...70" ConnectiveType="显式关系" Connective="即" Major_relationType="解说性" RelationType="因果性-;目的性-;条件性-;虚拟性-;反转性-;顺序性-;解说性+;例证性-;评价性-;并列性-;递进性-;选择性-" ConnectivePosition="57…58" ConnectiveAttribute="不可删除" RoleLocation="normal" LanguageSense="true"/>
    <relative ID="4" Relation_Pair="4--6" Center="1" times="30" Sentence="实现“三个转变”，|从以传统的产业为主转变为重点发展新技术产业；" position="44...52--71...92" ConnectiveType="显式关系" Connective="即" Major_relationType="解说性" RelationType="因果性-;目的性-;条件性-;虚拟性-;反转性-;顺序性-;解说性+;例证性-;评价性-;并列性-;递进性-;选择性-" ConnectivePosition="57…58" ConnectiveAttribute="不可删除" RoleLocation="normal" LanguageSense="true"/>
    <relative ID="5" Relation_Pair="4--7" Center="1" times="48" Sentence="实现“三个转变”，|从零散状态的小规模引进为主转变为积极引进国外跨国公司和集团的大型工贸项目。" position="44...52--93...129" ConnectiveType="显式关系" Connective="即" Major_relationType="解说性" RelationType="因果性-;目的性-;条件性-;虚拟性-;反转性-;顺序性-;解说性+;例证性-;评价性-;并列性-;递进性-;选择性-" ConnectivePosition="57…58" ConnectiveAttribute="不可删除" RoleLocation="normal" LanguageSense="true"/>
    <relative ID="6" Relation_Pair="1--2" Center="1" times="15" Sentence="－－积极做好招商引资工作。|今后五年要加快引资步伐，" position="0...12--13...24" ConnectiveType="隐式关系" Connective="" Major_relationType="解说性" RelationType="因果性-;目的性-;条件性-;虚拟性+;反转性-;顺序性-;解说性+;例证性-;评价性-;并列性-;递进性-;选择性-" ConnectivePosition="" ConnectiveAttribute="不可添加" RoleLocation="normal" LanguageSense="true"/>
  </pragraph>
  <pragraph ID="7" content="1、根据沙头角保税区的“九五”计划，到本世纪末，保税区的出口加工年产值将达一百五十亿元，2、年出口创汇十五亿美元，3、年进口贸易总额二亿美元，4、年仓储能力达到二十万吨。">
    <relative ID="1" Relation_Pair="1--2" Center="3" times="15" Sentence="根据沙头角保税区的“九五”计划，到本世纪末，保税区的出口加工年产值将达一百五十亿元，|年出口创汇十五亿美元，" position="0...41--42...52" ConnectiveType="隐式关系" Connective="" Major_relationType="并列性" RelationType="因果性-;目的性-;条件性-;虚拟性-;反转性-;顺序性-;解说性-;例证性-;评价性-;并列性+;递进性-;选择性-" ConnectivePosition="" ConnectiveAttribute="不可添加" RoleLocation="normal" LanguageSense="true"/>
    <relative ID="2" Relation_Pair="2--3" Center="3" times="20" Sentence="年出口创汇十五亿美元，|年进口贸易总额二亿美元，" position="42...52--53...64" ConnectiveType="隐式关系" Connective="" Major_relationType="并列性" RelationType="因果性-;目的性-;条件性-;虚拟性-;反转性-;顺序性-;解说性-;例证性-;评价性-;并列性+;递进性-;选择性-" ConnectivePosition="" ConnectiveAttribute="不可添加" RoleLocation="normal" LanguageSense="true"/>
    <relative ID="3" Relation_Pair="3--4" Center="3" times="14" Sentence="年进口贸易总额二亿美元，|年仓储能力达到二十万吨。" position="53...64--65...76" ConnectiveType="隐式关系" Connective="" Major_relationType="并列性" RelationType="因果性-;目的性-;条件性-;虚拟性-;反转性-;顺序性-;解说性-;例证性-;评价性-;并列性+;递进性-;选择性-" ConnectivePosition="" ConnectiveAttribute="不可添加" RoleLocation="normal" LanguageSense="true"/>
  </pragraph>
  <pragraph ID="8" content="1、沙头角保税区是中国目前最早创办的保税区，2、各项经济指标仍居全国同行前列。3、去年实现工业产值二十点五亿元，4、出口创汇一点五亿美元。5、八年来，先后有十多个国家和地区的客商进保税区投资，6、到去年十二月底，已累计批准外商投资企业二百一十六家。">
    <relative ID="1" Relation_Pair="1--2" Center="3" times="101" Sentence="沙头角保税区是中国目前最早创办的保税区，|各项经济指标仍居全国同行前列。" position="0...19--20...34" ConnectiveType="隐式关系" Connective="" Major_relationType="并列性" RelationType="因果性-;目的性-;条件性-;虚拟性-;反转性-;顺序性-;解说性-;例证性-;评价性-;并列性+;递进性-;选择性-" ConnectivePosition="" ConnectiveAttribute="不可添加" RoleLocation="normal" LanguageSense="true"/>
    <relative ID="2" Relation_Pair="2--3" Center="1" times="36" Sentence="各项经济指标仍居全国同行前列。|去年实现工业产值二十点五亿元，" position="20...34--35...49" ConnectiveType="隐式关系" Connective="" Major_relationType="解说性" RelationType="因果性-;目的性-;条件性-;虚拟性-;反转性-;顺序性-;解说性+;例证性-;评价性-;并列性-;递进性-;选择性-" ConnectivePosition="" ConnectiveAttribute="不可添加" RoleLocation="normal" LanguageSense="true"/>
    <relative ID="3" Relation_Pair="2--4" Center="1" times="13" Sentence="各项经济指标仍居全国同行前列。|出口创汇一点五亿美元。" position="20...34--50...60" ConnectiveType="隐式关系" Connective="" Major_relationType="解说性" RelationType="因果性-;目的性-;条件性-;虚拟性-;反转性-;顺序性-;解说性+;例证性-;评价性-;并列性-;递进性-;选择性-" ConnectivePosition="" ConnectiveAttribute="不可添加" RoleLocation="normal" LanguageSense="true"/>
    <relative ID="4" Relation_Pair="5--6" Center="1" times="86" Sentence="八年来，先后有十多个国家和地区的客商进保税区投资，|到去年十二月底，已累计批准外商投资企业二百一十六家。" position="61...85--86...111" ConnectiveType="隐式关系" Connective="" Major_relationType="解说性" RelationType="因果性-;目的性-;条件性-;虚拟性-;反转性-;顺序性-;解说性+;例证性-;评价性-;并列性-;递进性-;选择性-" ConnectivePosition="" ConnectiveAttribute="不可添加" RoleLocation="normal" LanguageSense="true"/>
    <relative ID="5" Relation_Pair="2--5" Center="1" times="19" Sentence="各项经济指标仍居全国同行前列。|八年来，先后有十多个国家和地区的客商进保税区投资，" position="20...34--61...85" ConnectiveType="隐式关系" Connective="" Major_relationType="解说性" RelationType="因果性-;目的性-;条件性-;虚拟性-;反转性-;顺序性-;解说性+;例证性-;评价性-;并列性-;递进性-;选择性-" ConnectivePosition="" ConnectiveAttribute="不可添加" RoleLocation="normal" LanguageSense="true"/>
  </pragraph>
</doc>
