<?xml version="1.0" encoding="UTF-8"?>

<doc>
  <pragraph ID="2" content="1、国家统计局预测，一九九六年全球经济将继续保持增长，2、这种良好的态势对中国的发展十分有利，3、使其面临很多发展机遇。">
    <relative ID="1" Relation_Pair="1--2" Center="2" times="32" Sentence="国家统计局预测，一九九六年全球经济将继续保持增长，|这种良好的态势对中国的发展十分有利，" position="0...24--25...42" ConnectiveType="隐式关系" Connective="" Major_relationType="因果性" RelationType="因果性+;目的性-;条件性-;虚拟性+;反转性-;顺序性+;解说性-;例证性-;评价性-;并列性-;递进性-;选择性-" ConnectivePosition="" ConnectiveAttribute="不可添加" RoleLocation="normal" LanguageSense="true"/>
    <relative ID="2" Relation_Pair="2--3" Center="2" times="14" Sentence="这种良好的态势对中国的发展十分有利，|使其面临很多发展机遇。" position="25...42--43...53" ConnectiveType="显式关系" Connective="使" Major_relationType="因果性" RelationType="因果性+;目的性-;条件性-;虚拟性+;反转性-;顺序性+;解说性-;例证性-;评价性-;并列性-;递进性-;选择性-" ConnectivePosition="45…46" ConnectiveAttribute="不可删除" RoleLocation="normal" LanguageSense="true"/>
  </pragraph>
  <pragraph ID="3" content="1、据预测，今年全球经济增长幅度可达到百分之四点一。2、推动经济增长的主要因素是亚洲地区经济发展依然强劲有力，3、全地区经济增长速度将达到百分之七点九，4、而中国增长速度可高达百分之九点七。5、国家统计局分析，对中国经济发展十分有利的条件主要有两方面：6、一是世界经济和国际贸易持续增长，7、标志国际市场需求的稳步扩大，8、为中国出口贸易发展提供了比较有利的国际环境。9、二是一九九六年中国大幅度降低关税，10、将进一步改善中国的投资环境，11、吸引更多外商前来投资。">
    <relative ID="1" Relation_Pair="1--2" Center="2" times="45" Sentence="据预测，今年全球经济增长幅度可达到百分之四点一。|推动经济增长的主要因素是亚洲地区经济发展依然强劲有力，" position="0...23--24...50" ConnectiveType="隐式关系" Connective="" Major_relationType="解说性" RelationType="因果性+;目的性-;条件性-;虚拟性-;反转性-;顺序性-;解说性+;例证性-;评价性-;并列性-;递进性-;选择性-" ConnectivePosition="" ConnectiveAttribute="不可添加" RoleLocation="normal" LanguageSense="true"/>
    <relative ID="2" Relation_Pair="2--3" Center="2" times="14" Sentence="推动经济增长的主要因素是亚洲地区经济发展依然强劲有力，|全地区经济增长速度将达到百分之七点九，" position="24...50--51...69" ConnectiveType="隐式关系" Connective="" Major_relationType="因果性" RelationType="因果性+;目的性-;条件性-;虚拟性+;反转性-;顺序性-;解说性-;例证性-;评价性-;并列性-;递进性-;选择性-" ConnectivePosition="" ConnectiveAttribute="不可添加" RoleLocation="normal" LanguageSense="true"/>
    <relative ID="3" Relation_Pair="3--4" Center="2" times="24" Sentence="全地区经济增长速度将达到百分之七点九，|而中国增长速度可高达百分之九点七。" position="51...69--70...86" ConnectiveType="显式关系" Connective="而" Major_relationType="反转性" RelationType="因果性-;目的性-;条件性-;虚拟性-;反转性+;顺序性-;解说性-;例证性-;评价性-;并列性+;递进性-;选择性-" ConnectivePosition="73…74" ConnectiveAttribute="不可删除" RoleLocation="normal" LanguageSense="true"/>
    <relative ID="4" Relation_Pair="4--5" Center="2" times="16" Sentence="而中国增长速度可高达百分之九点七。|国家统计局分析，对中国经济发展十分有利的条件主要有两方面：" position="70...86--87...115" ConnectiveType="隐式关系" Connective="" Major_relationType="解说性" RelationType="因果性-;目的性-;条件性-;虚拟性-;反转性-;顺序性-;解说性+;例证性-;评价性-;并列性-;递进性-;选择性-" ConnectivePosition="" ConnectiveAttribute="不可添加" RoleLocation="normal" LanguageSense="true"/>
    <relative ID="5" Relation_Pair="6--7" Center="1" times="21" Sentence="一是世界经济和国际贸易持续增长，|标志国际市场需求的稳步扩大，" position="116...131--132...145" ConnectiveType="隐式关系" Connective="" Major_relationType="评价性" RelationType="因果性-;目的性-;条件性-;虚拟性-;反转性-;顺序性-;解说性+;例证性-;评价性+;并列性-;递进性-;选择性-" ConnectivePosition="" ConnectiveAttribute="不可添加" RoleLocation="normal" LanguageSense="true"/>
    <relative ID="6" Relation_Pair="7--8" Center="1" times="38" Sentence="标志国际市场需求的稳步扩大，|为中国出口贸易发展提供了比较有利的国际环境。" position="132...145--146...167" ConnectiveType="显式关系" Connective="为" Major_relationType="因果性" RelationType="因果性+;目的性-;条件性+;虚拟性-;反转性-;顺序性-;解说性+;例证性-;评价性-;并列性-;递进性-;选择性-" ConnectivePosition="153…154" ConnectiveAttribute="不可删除" RoleLocation="normal" LanguageSense="true"/>
    <relative ID="7" Relation_Pair="9--10" Center="1" times="30" Sentence="二是一九九六年中国大幅度降低关税，|将进一步改善中国的投资环境，" position="168...184--185...198" ConnectiveType="隐式关系" Connective="" Major_relationType="因果性" RelationType="因果性+;目的性-;条件性-;虚拟性+;反转性-;顺序性+;解说性-;例证性-;评价性-;并列性-;递进性-;选择性-" ConnectivePosition="" ConnectiveAttribute="不可添加" RoleLocation="normal" LanguageSense="true"/>
    <relative ID="8" Relation_Pair="10--11" Center="1" times="16" Sentence="将进一步改善中国的投资环境，|吸引更多外商前来投资。" position="185...198--199...209" ConnectiveType="隐式关系" Connective="" Major_relationType="因果性" RelationType="因果性+;目的性-;条件性-;虚拟性+;反转性-;顺序性+;解说性-;例证性-;评价性-;并列性-;递进性-;选择性-" ConnectivePosition="" ConnectiveAttribute="不可添加" RoleLocation="normal" LanguageSense="true"/>
    <relative ID="9" Relation_Pair="5--6" Center="2" times="15" Sentence="国家统计局分析，对中国经济发展十分有利的条件主要有两方面：|一是世界经济和国际贸易持续增长，" position="87...115--116...131" ConnectiveType="隐式关系" Connective="" Major_relationType="解说性" RelationType="因果性-;目的性-;条件性-;虚拟性-;反转性-;顺序性-;解说性+;例证性-;评价性-;并列性-;递进性-;选择性-" ConnectivePosition="" ConnectiveAttribute="不可添加" RoleLocation="normal" LanguageSense="true"/>
    <relative ID="10" Relation_Pair="5--9" Center="2" times="10" Sentence="国家统计局分析，对中国经济发展十分有利的条件主要有两方面：|二是一九九六年中国大幅度降低关税，" position="87...115--168...184" ConnectiveType="隐式关系" Connective="" Major_relationType="解说性" RelationType="因果性-;目的性-;条件性-;虚拟性-;反转性-;顺序性-;解说性+;例证性-;评价性-;并列性-;递进性-;选择性-" ConnectivePosition="" ConnectiveAttribute="不可添加" RoleLocation="normal" LanguageSense="true"/>
  </pragraph>
  <pragraph ID="4" content="1、分析表明，在机遇良多、国际形势十分有利的情况下，中国今年经济发展仍面临严竣挑战。2、在经济快速增长的背后还存在不少困难，3、其中突出问题是通货膨胀、农业基础薄弱、国有企业活力不足等。4、在进行全球贸易自由化的同时，5、中国必须对国有企业进行改革，6、增强本身的竞争力。7、当前一些国有企业经营困难，8、而且国有企业负债高达七千亿元，9、其产品质量也参差不齐，10、如无改进，11、很难在海外市场参与竞争。">
    <relative ID="1" Relation_Pair="1--2" Center="2" times="31" Sentence="分析表明，在机遇良多、国际形势十分有利的情况下，中国今年经济发展仍面临严竣挑战。|在经济快速增长的背后还存在不少困难，" position="0...39--40...57" ConnectiveType="隐式关系" Connective="" Major_relationType="解说性" RelationType="因果性-;目的性-;条件性-;虚拟性-;反转性-;顺序性-;解说性+;例证性-;评价性-;并列性+;递进性-;选择性-" ConnectivePosition="" ConnectiveAttribute="不可添加" RoleLocation="normal" LanguageSense="true"/>
    <relative ID="2" Relation_Pair="2--3" Center="1" times="15" Sentence="在经济快速增长的背后还存在不少困难，|其中突出问题是通货膨胀、农业基础薄弱、国有企业活力不足等。" position="40...57--58...86" ConnectiveType="显式关系" Connective="其中" Major_relationType="解说性" RelationType="因果性-;目的性-;条件性-;虚拟性-;反转性-;顺序性-;解说性+;例证性+;评价性-;并列性-;递进性-;选择性-" ConnectivePosition="60…62" ConnectiveAttribute="不可删除" RoleLocation="normal" LanguageSense="true"/>
    <relative ID="3" Relation_Pair="2--4" Center="1" times="16" Sentence="在经济快速增长的背后还存在不少困难，|在进行全球贸易自由化的同时，" position="40...57--87...100" ConnectiveType="隐式关系" Connective="" Major_relationType="解说性" RelationType="因果性-;目的性-;条件性-;虚拟性-;反转性-;顺序性-;解说性+;例证性-;评价性-;并列性-;递进性-;选择性-" ConnectivePosition="" ConnectiveAttribute="不可添加" RoleLocation="normal" LanguageSense="true"/>
    <relative ID="4" Relation_Pair="4--5" Center="1" times="19" Sentence="在进行全球贸易自由化的同时，|中国必须对国有企业进行改革，" position="87...100--101...114" ConnectiveType="显式关系" Connective="同时" Major_relationType="并列性" RelationType="因果性-;目的性-;条件性-;虚拟性-;反转性-;顺序性-;解说性-;例证性-;评价性-;并列性+;递进性-;选择性-" ConnectivePosition="101…103" ConnectiveAttribute="不可删除" RoleLocation="normal" LanguageSense="true"/>
    <relative ID="5" Relation_Pair="5--6" Center="1" times="34" Sentence="中国必须对国有企业进行改革，|增强本身的竞争力。" position="101...114--115...123" ConnectiveType="隐式关系" Connective="" Major_relationType="目的性" RelationType="因果性-;目的性+;条件性-;虚拟性-;反转性-;顺序性+;解说性+;例证性-;评价性-;并列性-;递进性-;选择性-" ConnectivePosition="" ConnectiveAttribute="不可添加" RoleLocation="normal" LanguageSense="true"/>
    <relative ID="6" Relation_Pair="7--8" Center="1" times="47" Sentence="当前一些国有企业经营困难，|而且国有企业负债高达七千亿元，" position="124...136--137...151" ConnectiveType="显式关系" Connective="而且" Major_relationType="反转性" RelationType="因果性-;目的性-;条件性-;虚拟性-;反转性+;顺序性-;解说性-;例证性-;评价性-;并列性+;递进性-;选择性-" ConnectivePosition="144…146" ConnectiveAttribute="不可删除" RoleLocation="normal" LanguageSense="true"/>
    <relative ID="7" Relation_Pair="7--9" Center="1" times="24" Sentence="当前一些国有企业经营困难，|其产品质量也参差不齐，" position="124...136--152...162" ConnectiveType="显式关系" Connective="而且" Major_relationType="反转性" RelationType="因果性-;目的性-;条件性-;虚拟性-;反转性+;顺序性-;解说性+;例证性-;评价性-;并列性-;递进性-;选择性-" ConnectivePosition="144…146" ConnectiveAttribute="不可删除" RoleLocation="normal" LanguageSense="true"/>
    <relative ID="8" Relation_Pair="7--10" Center="1" times="24" Sentence="当前一些国有企业经营困难，|如无改进，" position="124...136--163...167" ConnectiveType="隐式关系" Connective="" Major_relationType="条件性" RelationType="因果性-;目的性-;条件性+;虚拟性+;反转性-;顺序性-;解说性-;例证性-;评价性-;并列性-;递进性-;选择性-" ConnectivePosition="" ConnectiveAttribute="不可添加" RoleLocation="normal" LanguageSense="true"/>
    <relative ID="9" Relation_Pair="10--11" Center="2" times="22" Sentence="如无改进，|很难在海外市场参与竞争。" position="163...167--168...179" ConnectiveType="隐式关系" Connective="" Major_relationType="因果性" RelationType="因果性+;目的性-;条件性+;虚拟性+;反转性-;顺序性-;解说性-;例证性-;评价性-;并列性-;递进性-;选择性-" ConnectivePosition="" ConnectiveAttribute="不可添加" RoleLocation="normal" LanguageSense="true"/>
    <relative ID="10" Relation_Pair="5--7" Center="1" times="17" Sentence="中国必须对国有企业进行改革，|当前一些国有企业经营困难，" position="101...114--124...136" ConnectiveType="隐式关系" Connective="" Major_relationType="例证性" RelationType="因果性-;目的性-;条件性-;虚拟性-;反转性-;顺序性-;解说性+;例证性+;评价性-;并列性-;递进性-;选择性-" ConnectivePosition="" ConnectiveAttribute="不可添加" RoleLocation="normal" LanguageSense="true"/>
  </pragraph>
  <pragraph ID="5" content="1、据分析，当前发展中国家经济的迅速崛起，2、使中国在吸引外资、引进技术、拓展市场及发展高科技等领域也面临激烈的国际竞争。">
    <relative ID="1" Relation_Pair="1--2" Center="2" times="20" Sentence="据分析，当前发展中国家经济的迅速崛起，|使中国在吸引外资、引进技术、拓展市场及发展高科技等领域也面临激烈的国际竞争。" position="0...18--19...56" ConnectiveType="显式关系" Connective="使" Major_relationType="因果性" RelationType="因果性+;目的性+;条件性-;虚拟性-;反转性-;顺序性+;解说性-;例证性-;评价性+;并列性-;递进性-;选择性-" ConnectivePosition="20…21" ConnectiveAttribute="不可删除" RoleLocation="normal" LanguageSense="true"/>
  </pragraph>
</doc>
