<?xml version="1.0" encoding="UTF-8"?>

<doc>
  <pragraph ID="3" content="1、这是国家开发银行首次在国际资本市场发行债券，2、由日本野村证券株式会社和日本兴业银行证券株式会社作为联合主干事，3、发行期限十年，4、到期一次偿还。">
    <relative ID="1" Relation_Pair="1--2" Center="1" times="34" Sentence="这是国家开发银行首次在国际资本市场发行债券，|由日本野村证券株式会社和日本兴业银行证券株式会社作为联合主干事，" position="0...21--22...53" ConnectiveType="隐式关系" Connective="" Major_relationType="解说性" RelationType="因果性-;目的性-;条件性-;虚拟性-;反转性-;顺序性-;解说性+;例证性-;评价性-;并列性-;递进性-;选择性-" ConnectivePosition="" ConnectiveAttribute="不可添加" RoleLocation="normal" LanguageSense="true"/>
    <relative ID="2" Relation_Pair="1--3" Center="1" times="15" Sentence="这是国家开发银行首次在国际资本市场发行债券，|发行期限十年，" position="0...21--54...60" ConnectiveType="隐式关系" Connective="" Major_relationType="解说性" RelationType="因果性-;目的性-;条件性-;虚拟性-;反转性-;顺序性-;解说性+;例证性-;评价性-;并列性-;递进性-;选择性-" ConnectivePosition="" ConnectiveAttribute="不可添加" RoleLocation="normal" LanguageSense="true"/>
    <relative ID="3" Relation_Pair="1--4" Center="1" times="15" Sentence="这是国家开发银行首次在国际资本市场发行债券，|到期一次偿还。" position="0...21--61...67" ConnectiveType="隐式关系" Connective="" Major_relationType="解说性" RelationType="因果性-;目的性-;条件性-;虚拟性-;反转性-;顺序性-;解说性+;例证性-;评价性-;并列性-;递进性-;选择性-" ConnectivePosition="" ConnectiveAttribute="不可添加" RoleLocation="normal" LanguageSense="true"/>
  </pragraph>
  <pragraph ID="4" content="1、据了解，这次发行武士债券的条件是近几年来比较优惠的，2、筹集的资金将主要用于广东岭澳核电工程、伊敏电厂和绥中电厂等国家重点建设项目。">
    <relative ID="1" Relation_Pair="1--2" Center="1" times="23" Sentence="据了解，这次发行武士债券的条件是近几年来比较优惠的，|筹集的资金将主要用于广东岭澳核电工程、伊敏电厂和绥中电厂等国家重点建设项目。" position="0...25--26...63" ConnectiveType="隐式关系" Connective="" Major_relationType="解说性" RelationType="因果性-;目的性-;条件性-;虚拟性-;反转性-;顺序性-;解说性+;例证性-;评价性-;并列性-;递进性-;选择性-" ConnectivePosition="" ConnectiveAttribute="不可添加" RoleLocation="normal" LanguageSense="true"/>
  </pragraph>
  <pragraph ID="6" content="1、一九九五年，国家开发银行成功地组织了首次五千万美元外国银团贷款，2、同时承做了岭澳核电工程、秦山二期核电等项目的国外出口信贷的转贷，3、从内资和外资两个方面不断加大对重点建设项目的支持力度，4、为推动中国经济发展发挥了积极的作用。">
    <relative ID="1" Relation_Pair="1--3" Center="2" times="63" Sentence="一九九五年，国家开发银行成功地组织了首次五千万美元外国银团贷款，|从内资和外资两个方面不断加大对重点建设项目的支持力度，" position="0...31--64...90" ConnectiveType="隐式关系" Connective="" Major_relationType="解说性" RelationType="因果性-;目的性+;条件性-;虚拟性-;反转性-;顺序性-;解说性+;例证性-;评价性-;并列性-;递进性-;选择性-" ConnectivePosition="" ConnectiveAttribute="不可添加" RoleLocation="normal" LanguageSense="true"/>
    <relative ID="2" Relation_Pair="2--3" Center="2" times="19" Sentence="同时承做了岭澳核电工程、秦山二期核电等项目的国外出口信贷的转贷，|从内资和外资两个方面不断加大对重点建设项目的支持力度，" position="32...63--64...90" ConnectiveType="隐式关系" Connective="" Major_relationType="目的性" RelationType="因果性-;目的性+;条件性-;虚拟性-;反转性-;顺序性-;解说性+;例证性-;评价性-;并列性-;递进性-;选择性-" ConnectivePosition="" ConnectiveAttribute="不可添加" RoleLocation="normal" LanguageSense="true"/>
    <relative ID="3" Relation_Pair="3--4" Center="1" times="65" Sentence="从内资和外资两个方面不断加大对重点建设项目的支持力度，|为推动中国经济发展发挥了积极的作用。" position="64...90--91...108" ConnectiveType="显式关系" Connective="为" Major_relationType="评价性" RelationType="因果性+;目的性-;条件性-;虚拟性-;反转性-;顺序性-;解说性-;例证性-;评价性+;并列性-;递进性-;选择性-" ConnectivePosition="94…95" ConnectiveAttribute="不可删除" RoleLocation="normal" LanguageSense="true"/>
  </pragraph>
</doc>
