<?xml version="1.0" encoding="UTF-8"?>

<doc>
  <pragraph ID="3" content="1、专家们认为，在中国的五个经济特区中，海南的地理位置、资源条件、经济发展状况较为特殊，2、应进一步扩大对外开放，3、率先实现与亚太区域经济一体化和国际贸易自由化的对接。">
    <relative ID="1" Relation_Pair="1--2" Center="2" times="34" Sentence="专家们认为，在中国的五个经济特区中，海南的地理位置、资源条件、经济发展状况较为特殊，|应进一步扩大对外开放，" position="0...41--42...52" ConnectiveType="隐式关系" Connective="" Major_relationType="因果性" RelationType="因果性+;目的性-;条件性+;虚拟性+;反转性-;顺序性-;解说性-;例证性-;评价性-;并列性-;递进性-;选择性-" ConnectivePosition="" ConnectiveAttribute="不可添加" RoleLocation="normal" LanguageSense="true"/>
    <relative ID="2" Relation_Pair="2--3" Center="1" times="40" Sentence="应进一步扩大对外开放，|率先实现与亚太区域经济一体化和国际贸易自由化的对接。" position="42...52--53...78" ConnectiveType="隐式关系" Connective="" Major_relationType="目的性" RelationType="因果性-;目的性+;条件性-;虚拟性+;反转性-;顺序性+;解说性-;例证性-;评价性-;并列性-;递进性-;选择性-" ConnectivePosition="" ConnectiveAttribute="不可添加" RoleLocation="normal" LanguageSense="true"/>
  </pragraph>
  <pragraph ID="4" content="1、建议提出海南应在近期采取以下措施，2、一是继续鼓励和支持外来投资，3、加速实现中央提出的以利用外来投资为主加速开发建设的要求；4、二是在一定时期内采用优惠政策，5、大力发展现代农业和国际旅游业；6、三是以建设洋浦保税区和三亚国际性旅游城市为突破，7、带动全岛的对外开放。">
    <relative ID="1" Relation_Pair="1--2" Center="2" times="41" Sentence="建议提出海南应在近期采取以下措施，|一是继续鼓励和支持外来投资，" position="0...16--17...30" ConnectiveType="隐式关系" Connective="" Major_relationType="解说性" RelationType="因果性-;目的性-;条件性-;虚拟性-;反转性-;顺序性-;解说性+;例证性-;评价性-;并列性-;递进性-;选择性-" ConnectivePosition="" ConnectiveAttribute="不可添加" RoleLocation="normal" LanguageSense="true"/>
    <relative ID="2" Relation_Pair="2--4" Center="3" times="15" Sentence="一是继续鼓励和支持外来投资，|二是在一定时期内采用优惠政策，" position="17...30--59...73" ConnectiveType="隐式关系" Connective="" Major_relationType="并列性" RelationType="因果性-;目的性-;条件性-;虚拟性-;反转性-;顺序性-;解说性-;例证性-;评价性-;并列性+;递进性-;选择性-" ConnectivePosition="" ConnectiveAttribute="不可添加" RoleLocation="normal" LanguageSense="true"/>
    <relative ID="3" Relation_Pair="4--6" Center="3" times="9" Sentence="二是在一定时期内采用优惠政策，|三是以建设洋浦保税区和三亚国际性旅游城市为突破，" position="59...73--89...112" ConnectiveType="隐式关系" Connective="" Major_relationType="并列性" RelationType="因果性-;目的性-;条件性-;虚拟性-;反转性-;顺序性-;解说性-;例证性-;评价性-;并列性+;递进性-;选择性-" ConnectivePosition="" ConnectiveAttribute="不可添加" RoleLocation="normal" LanguageSense="true"/>
    <relative ID="4" Relation_Pair="2--3" Center="1" times="26" Sentence="一是继续鼓励和支持外来投资，|加速实现中央提出的以利用外来投资为主加速开发建设的要求；" position="17...30--31...58" ConnectiveType="隐式关系" Connective="" Major_relationType="条件性" RelationType="因果性-;目的性-;条件性+;虚拟性+;反转性-;顺序性+;解说性-;例证性-;评价性-;并列性-;递进性-;选择性-" ConnectivePosition="" ConnectiveAttribute="不可添加" RoleLocation="normal" LanguageSense="true"/>
    <relative ID="5" Relation_Pair="4--5" Center="1" times="21" Sentence="二是在一定时期内采用优惠政策，|大力发展现代农业和国际旅游业；" position="59...73--74...88" ConnectiveType="隐式关系" Connective="" Major_relationType="目的性" RelationType="因果性-;目的性+;条件性-;虚拟性+;反转性-;顺序性-;解说性-;例证性-;评价性-;并列性-;递进性-;选择性-" ConnectivePosition="" ConnectiveAttribute="不可添加" RoleLocation="normal" LanguageSense="true"/>
    <relative ID="6" Relation_Pair="6--7" Center="1" times="17" Sentence="三是以建设洋浦保税区和三亚国际性旅游城市为突破，|带动全岛的对外开放。" position="89...112--113...122" ConnectiveType="隐式关系" Connective="" Major_relationType="目的性" RelationType="因果性-;目的性+;条件性-;虚拟性+;反转性-;顺序性+;解说性-;例证性-;评价性-;并列性-;递进性-;选择性-" ConnectivePosition="" ConnectiveAttribute="不可添加" RoleLocation="normal" LanguageSense="true"/>
  </pragraph>
  <pragraph ID="5" content="1、这些建议分为六个部分，2、分别是：按照“一线放开，二线隔离”的原则加速洋浦保税区的开发建设；3、借鉴国际经验，4、尽快把三亚建设成国际性旅游城市；5、采取优惠政策扶持和鼓励海南热带农业及加工业的发展；6、努力争取实现琼台农业项下的自由贸易；7、鼓励和支持海南与外资合作，8、开发南海海洋资源；9、按照扩大对外开放的要求，10、允许和鼓励海南大胆进行各项改革试验等。">
    <relative ID="1" Relation_Pair="2--3" Center="3" times="51" Sentence="分别是：按照“一线放开，二线隔离”的原则加速洋浦保税区的开发建设；|借鉴国际经验，" position="11...43--44...50" ConnectiveType="隐式关系" Connective="" Major_relationType="并列性" RelationType="因果性-;目的性-;条件性-;虚拟性-;反转性-;顺序性-;解说性-;例证性-;评价性-;并列性+;递进性-;选择性-" ConnectivePosition="" ConnectiveAttribute="不可添加" RoleLocation="normal" LanguageSense="true"/>
    <relative ID="2" Relation_Pair="3--5" Center="3" times="23" Sentence="借鉴国际经验，|采取优惠政策扶持和鼓励海南热带农业及加工业的发展；" position="44...50--67...91" ConnectiveType="隐式关系" Connective="" Major_relationType="并列性" RelationType="因果性-;目的性-;条件性-;虚拟性-;反转性-;顺序性-;解说性-;例证性-;评价性-;并列性+;递进性-;选择性-" ConnectivePosition="" ConnectiveAttribute="不可添加" RoleLocation="normal" LanguageSense="true"/>
    <relative ID="3" Relation_Pair="5--6" Center="3" times="7" Sentence="采取优惠政策扶持和鼓励海南热带农业及加工业的发展；|努力争取实现琼台农业项下的自由贸易；" position="67...91--92...109" ConnectiveType="隐式关系" Connective="" Major_relationType="并列性" RelationType="因果性-;目的性-;条件性-;虚拟性-;反转性-;顺序性-;解说性-;例证性-;评价性-;并列性+;递进性-;选择性-" ConnectivePosition="" ConnectiveAttribute="不可添加" RoleLocation="normal" LanguageSense="true"/>
    <relative ID="4" Relation_Pair="6--7" Center="3" times="8" Sentence="努力争取实现琼台农业项下的自由贸易；|鼓励和支持海南与外资合作，" position="92...109--110...122" ConnectiveType="隐式关系" Connective="" Major_relationType="并列性" RelationType="因果性-;目的性-;条件性-;虚拟性-;反转性-;顺序性-;解说性-;例证性-;评价性-;并列性+;递进性-;选择性-" ConnectivePosition="" ConnectiveAttribute="不可添加" RoleLocation="normal" LanguageSense="true"/>
    <relative ID="5" Relation_Pair="7--9" Center="3" times="46" Sentence="鼓励和支持海南与外资合作，|按照扩大对外开放的要求，" position="110...122--132...143" ConnectiveType="隐式关系" Connective="" Major_relationType="并列性" RelationType="因果性-;目的性-;条件性-;虚拟性-;反转性-;顺序性-;解说性-;例证性-;评价性-;并列性+;递进性-;选择性-" ConnectivePosition="" ConnectiveAttribute="不可添加" RoleLocation="normal" LanguageSense="true"/>
    <relative ID="6" Relation_Pair="3--4" Center="1" times="23" Sentence="借鉴国际经验，|尽快把三亚建设成国际性旅游城市；" position="44...50--51...66" ConnectiveType="隐式关系" Connective="" Major_relationType="目的性" RelationType="因果性-;目的性+;条件性-;虚拟性+;反转性-;顺序性+;解说性-;例证性-;评价性-;并列性-;递进性-;选择性-" ConnectivePosition="" ConnectiveAttribute="不可添加" RoleLocation="normal" LanguageSense="true"/>
    <relative ID="7" Relation_Pair="7--8" Center="1" times="32" Sentence="鼓励和支持海南与外资合作，|开发南海海洋资源；" position="110...122--123...131" ConnectiveType="隐式关系" Connective="" Major_relationType="目的性" RelationType="因果性-;目的性+;条件性-;虚拟性-;反转性-;顺序性-;解说性-;例证性-;评价性-;并列性-;递进性-;选择性-" ConnectivePosition="" ConnectiveAttribute="不可添加" RoleLocation="normal" LanguageSense="true"/>
    <relative ID="8" Relation_Pair="9--10" Center="1" times="31" Sentence="按照扩大对外开放的要求，|允许和鼓励海南大胆进行各项改革试验等。" position="132...143--144...162" ConnectiveType="隐式关系" Connective="" Major_relationType="条件性" RelationType="因果性+;目的性-;条件性+;虚拟性+;反转性-;顺序性-;解说性-;例证性-;评价性-;并列性-;递进性-;选择性-" ConnectivePosition="" ConnectiveAttribute="不可添加" RoleLocation="normal" LanguageSense="true"/>
    <relative ID="9" Relation_Pair="1--2" Center="2" times="24" Sentence="这些建议分为六个部分，|分别是：按照“一线放开，二线隔离”的原则加速洋浦保税区的开发建设；" position="0...10--11...43" ConnectiveType="显式关系" Connective="分别是" Major_relationType="解说性" RelationType="因果性-;目的性-;条件性-;虚拟性-;反转性-;顺序性-;解说性+;例证性-;评价性-;并列性-;递进性-;选择性-" ConnectivePosition="12…15" ConnectiveAttribute="不可删除" RoleLocation="normal" LanguageSense="true"/>
  </pragraph>
</doc>
