<?xml version="1.0" encoding="UTF-8"?>

<doc>
  <pragraph ID="2" content="1、总面积二点三平方公里的宁波保税区，经过三年建设，2、已取得丰硕成果。">
    <relative ID="1" Relation_Pair="1--2" Center="2" times="27" Sentence="总面积二点三平方公里的宁波保税区，经过三年建设，|已取得丰硕成果。" position="0...23--24...31" ConnectiveType="隐式关系" Connective="" Major_relationType="因果性" RelationType="因果性+;目的性-;条件性-;虚拟性-;反转性-;顺序性-;解说性-;例证性-;评价性+;并列性-;递进性-;选择性-" ConnectivePosition="" ConnectiveAttribute="不可添加" RoleLocation="normal" LanguageSense="true"/>
  </pragraph>
  <pragraph ID="3" content="1、宁波保税区是中国十三个保税区之一，2、于一九九二年经国务院批准设立。3、目前，保税区的各项功能已初具规模，4、开发水平在中国各保税区中名列前茅。">
    <relative ID="1" Relation_Pair="1--2" Center="1" times="13" Sentence="宁波保税区是中国十三个保税区之一，|于一九九二年经国务院批准设立。" position="0...16--17...31" ConnectiveType="隐式关系" Connective="" Major_relationType="解说性" RelationType="因果性-;目的性-;条件性-;虚拟性-;反转性-;顺序性-;解说性+;例证性-;评价性-;并列性-;递进性-;选择性-" ConnectivePosition="" ConnectiveAttribute="不可添加" RoleLocation="normal" LanguageSense="true"/>
    <relative ID="2" Relation_Pair="1--3" Center="1" times="12" Sentence="宁波保税区是中国十三个保税区之一，|目前，保税区的各项功能已初具规模，" position="0...16--32...48" ConnectiveType="隐式关系" Connective="" Major_relationType="解说性" RelationType="因果性-;目的性-;条件性-;虚拟性-;反转性-;顺序性-;解说性+;例证性-;评价性-;并列性-;递进性-;选择性-" ConnectivePosition="" ConnectiveAttribute="不可添加" RoleLocation="normal" LanguageSense="true"/>
    <relative ID="3" Relation_Pair="1--4" Center="1" times="26" Sentence="宁波保税区是中国十三个保税区之一，|开发水平在中国各保税区中名列前茅。" position="0...16--49...65" ConnectiveType="隐式关系" Connective="" Major_relationType="解说性" RelationType="因果性-;目的性-;条件性-;虚拟性-;反转性-;顺序性-;解说性+;例证性-;评价性+;并列性-;递进性-;选择性-" ConnectivePosition="" ConnectiveAttribute="不可添加" RoleLocation="normal" LanguageSense="true"/>
  </pragraph>
  <pragraph ID="4" content="1、据统计，至去年年底，宁波保税区累计完成进出口贸易额八点一二亿美元，2、仅去年一年通过保税区海关的进出口贸易额就达三点六五亿美元。3、目前，区内已有十个保税仓库，4、仓储面积达八万多平方米；5、仅去年一年，区内储有货物就达二十六点二七亿元人民币。">
    <relative ID="1" Relation_Pair="3--4" Center="1" times="49" Sentence="目前，区内已有十个保税仓库，|仓储面积达八万多平方米；" position="62...75--76...87" ConnectiveType="隐式关系" Connective="" Major_relationType="解说性" RelationType="因果性-;目的性-;条件性-;虚拟性-;反转性-;顺序性-;解说性+;例证性-;评价性-;并列性+;递进性-;选择性-" ConnectivePosition="" ConnectiveAttribute="不可添加" RoleLocation="normal" LanguageSense="true"/>
    <relative ID="2" Relation_Pair="3--5" Center="1" times="20" Sentence="目前，区内已有十个保税仓库，|仅去年一年，区内储有货物就达二十六点二七亿元人民币。" position="62...75--88...113" ConnectiveType="隐式关系" Connective="" Major_relationType="解说性" RelationType="因果性-;目的性-;条件性-;虚拟性-;反转性-;顺序性-;解说性+;例证性-;评价性-;并列性+;递进性-;选择性-" ConnectivePosition="" ConnectiveAttribute="不可添加" RoleLocation="normal" LanguageSense="true"/>
    <relative ID="3" Relation_Pair="1--2" Center="1" times="20" Sentence="据统计，至去年年底，宁波保税区累计完成进出口贸易额八点一二亿美元，|仅去年一年通过保税区海关的进出口贸易额就达三点六五亿美元。" position="0...32--33...61" ConnectiveType="显式关系" Connective="仅" Major_relationType="递进性" RelationType="因果性-;目的性-;条件性-;虚拟性-;反转性-;顺序性-;解说性-;例证性-;评价性-;并列性-;递进性+;选择性-" ConnectivePosition="34…35" ConnectiveAttribute="不可删除" RoleLocation="normal" LanguageSense="true"/>
    <relative ID="4" Relation_Pair="1--3" Center="3" times="21" Sentence="据统计，至去年年底，宁波保税区累计完成进出口贸易额八点一二亿美元，|目前，区内已有十个保税仓库，" position="0...32--62...75" ConnectiveType="隐式关系" Connective="" Major_relationType="并列性" RelationType="因果性-;目的性-;条件性-;虚拟性-;反转性-;顺序性-;解说性-;例证性-;评价性-;并列性+;递进性-;选择性-" ConnectivePosition="" ConnectiveAttribute="不可添加" RoleLocation="normal" LanguageSense="true"/>
  </pragraph>
  <pragraph ID="5" content="1、随着从今年四月开始中国对保税区外有关特殊政策的调整，保税区免证、免税，2、保税政策的稳定性优势显得更为明显，3、国内外一大批实业加工项目相继在区内落户。4、到去年十二月底，区内已累计设立企业一千六百一十四家，5、总投资达十二亿美元，6、其中外商投资企业二百六十家，7、实际利用外资一点一三亿美元。8、另外，众多国内企业也通过保税区与国际市场接轨。">
    <relative ID="1" Relation_Pair="1--2" Center="2" times="93" Sentence="随着从今年四月开始中国对保税区外有关特殊政策的调整，保税区免证、免税，|保税政策的稳定性优势显得更为明显，" position="0...34--35...51" ConnectiveType="隐式关系" Connective="" Major_relationType="评价性" RelationType="因果性+;目的性-;条件性+;虚拟性-;反转性-;顺序性-;解说性-;例证性-;评价性+;并列性-;递进性-;选择性-" ConnectivePosition="" ConnectiveAttribute="不可添加" RoleLocation="normal" LanguageSense="true"/>
    <relative ID="2" Relation_Pair="2--3" Center="1" times="29" Sentence="保税政策的稳定性优势显得更为明显，|国内外一大批实业加工项目相继在区内落户。" position="35...51--52...71" ConnectiveType="隐式关系" Connective="" Major_relationType="例证性" RelationType="因果性+;目的性-;条件性-;虚拟性-;反转性-;顺序性+;解说性-;例证性+;评价性-;并列性-;递进性-;选择性-" ConnectivePosition="" ConnectiveAttribute="不可添加" RoleLocation="normal" LanguageSense="true"/>
    <relative ID="3" Relation_Pair="4--5" Center="3" times="67" Sentence="到去年十二月底，区内已累计设立企业一千六百一十四家，|总投资达十二亿美元，" position="72...97--98...107" ConnectiveType="隐式关系" Connective="" Major_relationType="并列性" RelationType="因果性-;目的性-;条件性-;虚拟性-;反转性-;顺序性-;解说性-;例证性-;评价性-;并列性+;递进性-;选择性-" ConnectivePosition="" ConnectiveAttribute="不可添加" RoleLocation="normal" LanguageSense="true"/>
    <relative ID="4" Relation_Pair="4--6" Center="1" times="53" Sentence="到去年十二月底，区内已累计设立企业一千六百一十四家，|其中外商投资企业二百六十家，" position="72...97--108...121" ConnectiveType="显式关系" Connective="其中" Major_relationType="解说性" RelationType="因果性-;目的性-;条件性-;虚拟性-;反转性-;顺序性-;解说性+;例证性-;评价性-;并列性-;递进性-;选择性-" ConnectivePosition="113…115" ConnectiveAttribute="不可删除" RoleLocation="normal" LanguageSense="true"/>
    <relative ID="5" Relation_Pair="6--7" Center="3" times="13" Sentence="其中外商投资企业二百六十家，|实际利用外资一点一三亿美元。" position="108...121--122...135" ConnectiveType="隐式关系" Connective="" Major_relationType="并列性" RelationType="因果性-;目的性-;条件性-;虚拟性-;反转性-;顺序性-;解说性-;例证性-;评价性-;并列性+;递进性-;选择性-" ConnectivePosition="" ConnectiveAttribute="不可添加" RoleLocation="normal" LanguageSense="true"/>
    <relative ID="6" Relation_Pair="3--4" Center="1" times="21" Sentence="国内外一大批实业加工项目相继在区内落户。|到去年十二月底，区内已累计设立企业一千六百一十四家，" position="52...71--72...97" ConnectiveType="隐式关系" Connective="" Major_relationType="解说性" RelationType="因果性-;目的性-;条件性-;虚拟性-;反转性-;顺序性-;解说性+;例证性-;评价性-;并列性-;递进性-;选择性-" ConnectivePosition="" ConnectiveAttribute="不可添加" RoleLocation="normal" LanguageSense="true"/>
    <relative ID="7" Relation_Pair="3--8" Center="1" times="79" Sentence="国内外一大批实业加工项目相继在区内落户。|另外，众多国内企业也通过保税区与国际市场接轨。" position="52...71--136...158" ConnectiveType="隐式关系" Connective="" Major_relationType="解说性" RelationType="因果性-;目的性-;条件性-;虚拟性-;反转性-;顺序性-;解说性+;例证性-;评价性-;并列性-;递进性-;选择性-" ConnectivePosition="143…145" ConnectiveAttribute="不可添加" RoleLocation="normal" LanguageSense="true"/>
  </pragraph>
  <pragraph ID="6" content="1、为了在运行机制上与保税区相配套，2、宁波保税区率先在中国实施了企业依法注册直接登记制的试行一站式管理，一次性办理。3、同时，保税区大力抓好区内信息高速公路的网络体系建设，4、为实现现代化管理创造良好的配套条件。">
    <relative ID="1" Relation_Pair="1--2" Center="2" times="27" Sentence="为了在运行机制上与保税区相配套，|宁波保税区率先在中国实施了企业依法注册直接登记制的试行一站式管理，一次性办理。" position="0...15--16...54" ConnectiveType="显式关系" Connective="为了" Major_relationType="目的性" RelationType="因果性+;目的性+;条件性-;虚拟性+;反转性-;顺序性-;解说性-;例证性-;评价性-;并列性-;递进性-;选择性-" ConnectivePosition="0…2" ConnectiveAttribute="不可删除" RoleLocation="normal" LanguageSense="true"/>
    <relative ID="2" Relation_Pair="3--4" Center="1" times="23" Sentence="同时，保税区大力抓好区内信息高速公路的网络体系建设，|为实现现代化管理创造良好的配套条件。" position="55...80--81...98" ConnectiveType="显式关系" Connective="为" Major_relationType="目的性" RelationType="因果性+;目的性+;条件性-;虚拟性+;反转性-;顺序性-;解说性-;例证性-;评价性-;并列性-;递进性-;选择性-" ConnectivePosition="84…85" ConnectiveAttribute="不可删除" RoleLocation="normal" LanguageSense="true"/>
    <relative ID="3" Relation_Pair="2--3" Center="3" times="11" Sentence="宁波保税区率先在中国实施了企业依法注册直接登记制的试行一站式管理，一次性办理。|同时，保税区大力抓好区内信息高速公路的网络体系建设，" position="16...54--55...80" ConnectiveType="显式关系" Connective="同时" Major_relationType="并列性" RelationType="因果性-;目的性-;条件性-;虚拟性-;反转性-;顺序性-;解说性-;例证性-;评价性-;并列性+;递进性-;选择性-" ConnectivePosition="57…59" ConnectiveAttribute="不可删除" RoleLocation="normal" LanguageSense="true"/>
  </pragraph>
</doc>
