<?xml version="1.0" encoding="UTF-8"?>

<doc>
  <pragraph ID="2" content="1、位于中国山西、陕西、河南三省交界处，人称黄河“金三角”的风陵渡经济开发区，日益受到中外客商的注目，2、成为新的投资热点。">
    <relative ID="1" Relation_Pair="1--2" Center="2" times="28" Sentence="位于中国山西、陕西、河南三省交界处，人称黄河“金三角”的风陵渡经济开发区，日益受到中外客商的注目，|成为新的投资热点。" position="0...48--49...57" ConnectiveType="隐式关系" Connective="" Major_relationType="因果性" RelationType="因果性+;目的性-;条件性-;虚拟性-;反转性-;顺序性+;解说性-;例证性-;评价性-;并列性-;递进性-;选择性-" ConnectivePosition="" ConnectiveAttribute="不可添加" RoleLocation="normal" LanguageSense="true"/>
  </pragraph>
  <pragraph ID="3" content="1、风陵渡经济开发区是中国境内唯一一个依托小城镇建成的开发区，2、也是内陆省份山西省对外联系的新通道。3、经过三年多的建设，这一开发区已初具规模，4、成为木材、药材、烟草、服装、粮油、工业品等多种商品流通的综合性批发市场。">
    <relative ID="1" Relation_Pair="1--2" Center="3" times="24" Sentence="风陵渡经济开发区是中国境内唯一一个依托小城镇建成的开发区，|也是内陆省份山西省对外联系的新通道。" position="0...28--29...46" ConnectiveType="显式关系" Connective="也" Major_relationType="并列性" RelationType="因果性-;目的性-;条件性-;虚拟性-;反转性-;顺序性-;解说性-;例证性-;评价性-;并列性+;递进性-;选择性-" ConnectivePosition="30…31" ConnectiveAttribute="不可删除" RoleLocation="normal" LanguageSense="true"/>
    <relative ID="2" Relation_Pair="3--4" Center="1" times="19" Sentence="经过三年多的建设，这一开发区已初具规模，|成为木材、药材、烟草、服装、粮油、工业品等多种商品流通的综合性批发市场。" position="47...66--67...102" ConnectiveType="隐式关系" Connective="" Major_relationType="评价性" RelationType="因果性-;目的性-;条件性-;虚拟性-;反转性-;顺序性-;解说性-;例证性-;评价性+;并列性-;递进性-;选择性-" ConnectivePosition="" ConnectiveAttribute="不可添加" RoleLocation="normal" LanguageSense="true"/>
    <relative ID="3" Relation_Pair="2--3" Center="2" times="32" Sentence="也是内陆省份山西省对外联系的新通道。|经过三年多的建设，这一开发区已初具规模，" position="29...46--47...66" ConnectiveType="隐式关系" Connective="" Major_relationType="因果性" RelationType="因果性+;目的性-;条件性-;虚拟性-;反转性-;顺序性-;解说性-;例证性-;评价性-;并列性-;递进性-;选择性-" ConnectivePosition="" ConnectiveAttribute="不可添加" RoleLocation="normal" LanguageSense="true"/>
  </pragraph>
  <pragraph ID="4" content="1、目前，开发区内楼房林立、商贾云集，2、一座投资六千万元的多功能现代化商城——金三角新庄的建设已近尾声，3、二千门程控电话已投入使用4、，十千伏高压电路运转正常，5、吸引着大批投资者，6、柠檬厂、香料厂、特种油漆厂等三十余家工厂的产品源源不断地输送到内陆各地，7、新建的骨科、妇科、儿科三个专科医院，设备先进，8、已开门应诊。">
    <relative ID="1" Relation_Pair="1--2" Center="1" times="19" Sentence="目前，开发区内楼房林立、商贾云集，|一座投资六千万元的多功能现代化商城——金三角新庄的建设已近尾声，" position="0...16--17...48" ConnectiveType="隐式关系" Connective="" Major_relationType="例证性" RelationType="因果性-;目的性-;条件性-;虚拟性-;反转性-;顺序性-;解说性+;例证性+;评价性-;并列性-;递进性-;选择性-" ConnectivePosition="" ConnectiveAttribute="不可添加" RoleLocation="normal" LanguageSense="true"/>
    <relative ID="2" Relation_Pair="2--3" Center="3" times="9" Sentence="一座投资六千万元的多功能现代化商城——金三角新庄的建设已近尾声，|二千门程控电话已投入使用" position="17...48--49...60" ConnectiveType="隐式关系" Connective="" Major_relationType="并列性" RelationType="因果性-;目的性-;条件性-;虚拟性-;反转性-;顺序性-;解说性-;例证性-;评价性-;并列性+;递进性-;选择性-" ConnectivePosition="" ConnectiveAttribute="不可添加" RoleLocation="normal" LanguageSense="true"/>
    <relative ID="3" Relation_Pair="3--4" Center="3" times="9" Sentence="二千门程控电话已投入使用|，十千伏高压电路运转正常，" position="49...60--61...73" ConnectiveType="隐式关系" Connective="" Major_relationType="并列性" RelationType="因果性-;目的性-;条件性-;虚拟性-;反转性-;顺序性-;解说性-;例证性-;评价性-;并列性+;递进性-;选择性-" ConnectivePosition="" ConnectiveAttribute="不可添加" RoleLocation="normal" LanguageSense="true"/>
    <relative ID="4" Relation_Pair="4--5" Center="1" times="35" Sentence="，十千伏高压电路运转正常，|吸引着大批投资者，" position="61...73--74...82" ConnectiveType="隐式关系" Connective="" Major_relationType="因果性" RelationType="因果性+;目的性-;条件性+;虚拟性-;反转性-;顺序性+;解说性-;例证性-;评价性-;并列性-;递进性-;选择性-" ConnectivePosition="" ConnectiveAttribute="不可添加" RoleLocation="normal" LanguageSense="true"/>
    <relative ID="5" Relation_Pair="4--6" Center="3" times="11" Sentence="，十千伏高压电路运转正常，|柠檬厂、香料厂、特种油漆厂等三十余家工厂的产品源源不断地输送到内陆各地，" position="61...73--83...118" ConnectiveType="隐式关系" Connective="" Major_relationType="并列性" RelationType="因果性-;目的性-;条件性-;虚拟性-;反转性-;顺序性-;解说性-;例证性-;评价性-;并列性+;递进性-;选择性-" ConnectivePosition="" ConnectiveAttribute="不可添加" RoleLocation="normal" LanguageSense="true"/>
    <relative ID="6" Relation_Pair="6--7" Center="3" times="13" Sentence="柠檬厂、香料厂、特种油漆厂等三十余家工厂的产品源源不断地输送到内陆各地，|新建的骨科、妇科、儿科三个专科医院，设备先进，" position="83...118--119...141" ConnectiveType="隐式关系" Connective="" Major_relationType="并列性" RelationType="因果性-;目的性-;条件性-;虚拟性-;反转性-;顺序性-;解说性-;例证性-;评价性-;并列性+;递进性-;选择性-" ConnectivePosition="" ConnectiveAttribute="不可添加" RoleLocation="normal" LanguageSense="true"/>
    <relative ID="7" Relation_Pair="7--8" Center="1" times="17" Sentence="新建的骨科、妇科、儿科三个专科医院，设备先进，|已开门应诊。" position="119...141--142...147" ConnectiveType="隐式关系" Connective="" Major_relationType="解说性" RelationType="因果性-;目的性-;条件性-;虚拟性-;反转性-;顺序性-;解说性+;例证性-;评价性-;并列性-;递进性-;选择性-" ConnectivePosition="" ConnectiveAttribute="不可添加" RoleLocation="normal" LanguageSense="true"/>
  </pragraph>
  <pragraph ID="5" content="1、迅速崛起的金三角引起了境外客商的注视，2、目前已有美、法、日、韩、台等国家和地区的五十多家财团与客商正在对三十一个项目进行洽谈，3、投资总额高达三点二亿元。">
    <relative ID="1" Relation_Pair="1--2" Center="2" times="28" Sentence="迅速崛起的金三角引起了境外客商的注视，|目前已有美、法、日、韩、台等国家和地区的五十多家财团与客商正在对三十一个项目进行洽谈，" position="0...18--19...61" ConnectiveType="隐式关系" Connective="" Major_relationType="解说性" RelationType="因果性-;目的性-;条件性-;虚拟性-;反转性-;顺序性-;解说性+;例证性-;评价性-;并列性-;递进性-;选择性-" ConnectivePosition="" ConnectiveAttribute="不可添加" RoleLocation="normal" LanguageSense="true"/>
    <relative ID="2" Relation_Pair="2--3" Center="3" times="46" Sentence="目前已有美、法、日、韩、台等国家和地区的五十多家财团与客商正在对三十一个项目进行洽谈，|投资总额高达三点二亿元。" position="19...61--62...73" ConnectiveType="隐式关系" Connective="" Major_relationType="并列性" RelationType="因果性-;目的性-;条件性-;虚拟性-;反转性-;顺序性-;解说性-;例证性-;评价性-;并列性+;递进性-;选择性-" ConnectivePosition="" ConnectiveAttribute="不可添加" RoleLocation="normal" LanguageSense="true"/>
  </pragraph>
</doc>
