<?xml version="1.0" encoding="UTF-8"?>

<doc>
  <pragraph ID="2" content="1、长江三峡工程近日引进第一笔外资。2、这笔数额为一千二百五十万美元的贷款是加拿大政府向三峡工程提供的出口信贷，3、主要用于三峡工程的管理系统。">
    <relative ID="1" Relation_Pair="2--3" Center="1" times="23" Sentence="这笔数额为一千二百五十万美元的贷款是加拿大政府向三峡工程提供的出口信贷，|主要用于三峡工程的管理系统。" position="16...51--52...65" ConnectiveType="隐式关系" Connective="" Major_relationType="目的性" RelationType="因果性-;目的性+;条件性-;虚拟性-;反转性-;顺序性-;解说性+;例证性-;评价性-;并列性-;递进性-;选择性-" ConnectivePosition="" ConnectiveAttribute="不可添加" RoleLocation="normal" LanguageSense="true"/>
    <relative ID="2" Relation_Pair="1--2" Center="1" times="10" Sentence="长江三峡工程近日引进第一笔外资。|这笔数额为一千二百五十万美元的贷款是加拿大政府向三峡工程提供的出口信贷，" position="0...15--16...51" ConnectiveType="隐式关系" Connective="" Major_relationType="解说性" RelationType="因果性-;目的性-;条件性-;虚拟性-;反转性-;顺序性-;解说性+;例证性-;评价性-;并列性-;递进性-;选择性-" ConnectivePosition="" ConnectiveAttribute="不可添加" RoleLocation="normal" LanguageSense="true"/>
  </pragraph>
  <pragraph ID="3" content="1、三峡工程管理系统将引进加拿大ＭＡＩ公司科学的管理办法和先进的计算机技术，2、以工程数据库管理系统为核心，对三峡工程的各分项工程的设计、计划、合同、财务、物资、设备、施工、安装的全过程进行控制和管理。">
    <relative ID="1" Relation_Pair="1--2" Center="2" times="19" Sentence="三峡工程管理系统将引进加拿大ＭＡＩ公司科学的管理办法和先进的计算机技术，|以工程数据库管理系统为核心，对三峡工程的各分项工程的设计、计划、合同、财务、物资、设备、施工、安装的全过程进行控制和管理。" position="0...35--36...96" ConnectiveType="隐式关系" Connective="" Major_relationType="目的性" RelationType="因果性-;目的性+;条件性-;虚拟性-;反转性-;顺序性-;解说性+;例证性-;评价性-;并列性-;递进性-;选择性-" ConnectivePosition="" ConnectiveAttribute="不可添加" RoleLocation="normal" LanguageSense="true"/>
  </pragraph>
  <pragraph ID="4" content="1、一九九五年十月，中国长江三峡工程开发总公司总经理陆佑楣赴加拿大签定了有关商务合同。2、这个出口信贷项目委托中国银行为代理银行，3、商务代理为中国电子进出口总公司。4、二月二十八日，中国银行三峡分行与中国长江三峡工程开发总公司签订了项目转贷协议合同。">
    <relative ID="1" Relation_Pair="1--2" Center="2" times="33" Sentence="一九九五年十月，中国长江三峡工程开发总公司总经理陆佑楣赴加拿大签定了有关商务合同。|这个出口信贷项目委托中国银行为代理银行，" position="0...40--41...60" ConnectiveType="隐式关系" Connective="" Major_relationType="解说性" RelationType="因果性-;目的性-;条件性-;虚拟性-;反转性-;顺序性-;解说性+;例证性-;评价性-;并列性-;递进性-;选择性-" ConnectivePosition="" ConnectiveAttribute="不可添加" RoleLocation="normal" LanguageSense="true"/>
    <relative ID="2" Relation_Pair="2--3" Center="3" times="16" Sentence="这个出口信贷项目委托中国银行为代理银行，|商务代理为中国电子进出口总公司。" position="41...60--61...76" ConnectiveType="隐式关系" Connective="" Major_relationType="并列性" RelationType="因果性-;目的性-;条件性-;虚拟性-;反转性-;顺序性-;解说性-;例证性-;评价性-;并列性+;递进性-;选择性-" ConnectivePosition="" ConnectiveAttribute="不可添加" RoleLocation="normal" LanguageSense="true"/>
    <relative ID="3" Relation_Pair="3--4" Center="3" times="16" Sentence="商务代理为中国电子进出口总公司。|二月二十八日，中国银行三峡分行与中国长江三峡工程开发总公司签订了项目转贷协议合同。" position="61...76--77...117" ConnectiveType="隐式关系" Connective="" Major_relationType="解说性" RelationType="因果性-;目的性-;条件性-;虚拟性-;反转性-;顺序性-;解说性+;例证性-;评价性-;并列性-;递进性-;选择性-" ConnectivePosition="" ConnectiveAttribute="不可添加" RoleLocation="normal" LanguageSense="true"/>
  </pragraph>
</doc>
