<?xml version="1.0" encoding="UTF-8"?>

<doc>
  <pragraph ID="2" content="1、浙江省今后将进一步提高对外开放水平，2、努力扩大对外贸易、利用外资和国际经济技术合作，3、并逐步完善对外经贸营销网络。">
    <relative ID="1" Relation_Pair="1--2" Center="3" times="57" Sentence="浙江省今后将进一步提高对外开放水平，|努力扩大对外贸易、利用外资和国际经济技术合作，" position="0...17--18...40" ConnectiveType="隐式关系" Connective="" Major_relationType="并列性" RelationType="因果性-;目的性-;条件性-;虚拟性-;反转性-;顺序性-;解说性-;例证性-;评价性-;并列性+;递进性-;选择性-" ConnectivePosition="" ConnectiveAttribute="不可添加" RoleLocation="normal" LanguageSense="true"/>
    <relative ID="2" Relation_Pair="2--3" Center="3" times="7" Sentence="努力扩大对外贸易、利用外资和国际经济技术合作，|并逐步完善对外经贸营销网络。" position="18...40--41...54" ConnectiveType="隐式关系" Connective="" Major_relationType="并列性" RelationType="因果性-;目的性-;条件性-;虚拟性-;反转性-;顺序性-;解说性-;例证性-;评价性-;并列性+;递进性-;选择性-" ConnectivePosition="" ConnectiveAttribute="不可添加" RoleLocation="normal" LanguageSense="true"/>
  </pragraph>
  <pragraph ID="4" content="1、到目前为止，该省共有三十四个市、县被列为沿海经济开放市县，2、占全省总面积的百分之四十四，3、其中国家级的各种开发区七个，4、还有一批省级经济开发区和省级农业开发区。5、此外，经国务院批准成片开发建设的宁波大榭岛实行经济技术开发区的优惠政策。">
    <relative ID="1" Relation_Pair="1--2" Center="1" times="49" Sentence="到目前为止，该省共有三十四个市、县被列为沿海经济开放市县，|占全省总面积的百分之四十四，" position="0...28--29...42" ConnectiveType="隐式关系" Connective="" Major_relationType="解说性" RelationType="因果性-;目的性-;条件性-;虚拟性-;反转性-;顺序性-;解说性+;例证性-;评价性-;并列性-;递进性-;选择性-" ConnectivePosition="" ConnectiveAttribute="不可添加" RoleLocation="normal" LanguageSense="true"/>
    <relative ID="2" Relation_Pair="1--3" Center="1" times="8" Sentence="到目前为止，该省共有三十四个市、县被列为沿海经济开放市县，|其中国家级的各种开发区七个，" position="0...28--43...56" ConnectiveType="隐式关系" Connective="" Major_relationType="解说性" RelationType="因果性-;目的性-;条件性-;虚拟性-;反转性-;顺序性-;解说性+;例证性-;评价性-;并列性-;递进性-;选择性-" ConnectivePosition="" ConnectiveAttribute="不可添加" RoleLocation="normal" LanguageSense="true"/>
    <relative ID="3" Relation_Pair="1--4" Center="1" times="7" Sentence="到目前为止，该省共有三十四个市、县被列为沿海经济开放市县，|还有一批省级经济开发区和省级农业开发区。" position="0...28--57...76" ConnectiveType="隐式关系" Connective="" Major_relationType="解说性" RelationType="因果性-;目的性-;条件性-;虚拟性-;反转性-;顺序性-;解说性+;例证性-;评价性-;并列性-;递进性-;选择性-" ConnectivePosition="" ConnectiveAttribute="不可添加" RoleLocation="normal" LanguageSense="true"/>
    <relative ID="4" Relation_Pair="1--5" Center="1" times="36" Sentence="到目前为止，该省共有三十四个市、县被列为沿海经济开放市县，|此外，经国务院批准成片开发建设的宁波大榭岛实行经济技术开发区的优惠政策。" position="0...28--77...112" ConnectiveType="隐式关系" Connective="" Major_relationType="解说性" RelationType="因果性-;目的性-;条件性-;虚拟性-;反转性-;顺序性-;解说性+;例证性-;评价性-;并列性-;递进性-;选择性-" ConnectivePosition="" ConnectiveAttribute="不可添加" RoleLocation="normal" LanguageSense="true"/>
  </pragraph>
  <pragraph ID="5" content="1、浙江“九五”经贸发展规划还决定，2、今后要把全面推进对外开放向高层次、宽领域、纵深化发展作为重点。3、围绕发挥杭州、宁波、温州等中心城市对外开放的先导作用，4、加快浙江中西部地区和农业、海岛、海洋的对外开放力度，5、探索扩大金融和零售商业进行中外合资、合作的试点，6、争取在长江三角洲经济带的开发开放中创造新优势。">
    <relative ID="1" Relation_Pair="1--2" Center="2" times="25" Sentence="浙江“九五”经贸发展规划还决定，|今后要把全面推进对外开放向高层次、宽领域、纵深化发展作为重点。" position="0...15--16...46" ConnectiveType="隐式关系" Connective="" Major_relationType="解说性" RelationType="因果性-;目的性-;条件性-;虚拟性-;反转性-;顺序性-;解说性+;例证性-;评价性-;并列性-;递进性-;选择性-" ConnectivePosition="" ConnectiveAttribute="不可添加" RoleLocation="normal" LanguageSense="true"/>
    <relative ID="2" Relation_Pair="2--3" Center="1" times="9" Sentence="今后要把全面推进对外开放向高层次、宽领域、纵深化发展作为重点。|围绕发挥杭州、宁波、温州等中心城市对外开放的先导作用，" position="16...46--47...73" ConnectiveType="隐式关系" Connective="" Major_relationType="解说性" RelationType="因果性-;目的性-;条件性-;虚拟性-;反转性-;顺序性-;解说性+;例证性-;评价性-;并列性-;递进性-;选择性-" ConnectivePosition="" ConnectiveAttribute="不可添加" RoleLocation="normal" LanguageSense="true"/>
    <relative ID="3" Relation_Pair="2--4" Center="1" times="10" Sentence="今后要把全面推进对外开放向高层次、宽领域、纵深化发展作为重点。|加快浙江中西部地区和农业、海岛、海洋的对外开放力度，" position="16...46--74...99" ConnectiveType="隐式关系" Connective="" Major_relationType="解说性" RelationType="因果性-;目的性-;条件性-;虚拟性-;反转性-;顺序性-;解说性+;例证性-;评价性-;并列性-;递进性-;选择性-" ConnectivePosition="" ConnectiveAttribute="不可添加" RoleLocation="normal" LanguageSense="true"/>
    <relative ID="4" Relation_Pair="2--5" Center="1" times="13" Sentence="今后要把全面推进对外开放向高层次、宽领域、纵深化发展作为重点。|探索扩大金融和零售商业进行中外合资、合作的试点，" position="16...46--100...123" ConnectiveType="隐式关系" Connective="" Major_relationType="解说性" RelationType="因果性-;目的性-;条件性-;虚拟性-;反转性-;顺序性-;解说性+;例证性-;评价性-;并列性-;递进性-;选择性-" ConnectivePosition="" ConnectiveAttribute="不可添加" RoleLocation="normal" LanguageSense="true"/>
    <relative ID="5" Relation_Pair="2--6" Center="1" times="7" Sentence="今后要把全面推进对外开放向高层次、宽领域、纵深化发展作为重点。|争取在长江三角洲经济带的开发开放中创造新优势。" position="16...46--124...146" ConnectiveType="隐式关系" Connective="" Major_relationType="解说性" RelationType="因果性-;目的性-;条件性-;虚拟性-;反转性-;顺序性-;解说性+;例证性-;评价性-;并列性-;递进性-;选择性-" ConnectivePosition="" ConnectiveAttribute="不可添加" RoleLocation="normal" LanguageSense="true"/>
  </pragraph>
  <pragraph ID="6" content="1、据了解，未来五年间，浙江将大力实施出口商品“龙头”计划，2、启动外贸发展基金，3、促使外贸出口的增长方式由粗放型、数量型转变为集约型和效益型，4、形成外贸出口的新的增长优势；5、利用外资将重点引导外资投向基础设施、原材料工业、农业、高新技术和新兴产业，6、积极探索企业产权转让等投资方式，7、开辟利用外资的新渠道。">
    <relative ID="1" Relation_Pair="1--3" Center="2" times="215" Sentence="据了解，未来五年间，浙江将大力实施出口商品“龙头”计划，|促使外贸出口的增长方式由粗放型、数量型转变为集约型和效益型，" position="0...27--37...66" ConnectiveType="显式关系" Connective="促使" Major_relationType="目的性" RelationType="因果性-;目的性+;条件性-;虚拟性+;反转性-;顺序性+;解说性-;例证性-;评价性-;并列性-;递进性-;选择性-" ConnectivePosition="39…41" ConnectiveAttribute="不可删除" RoleLocation="normal" LanguageSense="true"/>
    <relative ID="2" Relation_Pair="2--3" Center="2" times="30" Sentence="启动外贸发展基金，|促使外贸出口的增长方式由粗放型、数量型转变为集约型和效益型，" position="28...36--37...66" ConnectiveType="显式关系" Connective="促使" Major_relationType="目的性" RelationType="因果性+;目的性+;条件性-;虚拟性+;反转性-;顺序性-;解说性-;例证性-;评价性-;并列性-;递进性-;选择性-" ConnectivePosition="39…41" ConnectiveAttribute="不可删除" RoleLocation="normal" LanguageSense="true"/>
    <relative ID="3" Relation_Pair="3--4" Center="2" times="143" Sentence="促使外贸出口的增长方式由粗放型、数量型转变为集约型和效益型，|形成外贸出口的新的增长优势；" position="37...66--67...80" ConnectiveType="隐式关系" Connective="" Major_relationType="因果性" RelationType="因果性+;目的性-;条件性-;虚拟性-;反转性-;顺序性-;解说性-;例证性-;评价性-;并列性+;递进性-;选择性-" ConnectivePosition="" ConnectiveAttribute="不可添加" RoleLocation="normal" LanguageSense="true"/>
    <relative ID="4" Relation_Pair="5--7" Center="2" times="19" Sentence="利用外资将重点引导外资投向基础设施、原材料工业、农业、高新技术和新兴产业，|开辟利用外资的新渠道。" position="81...117--134...144" ConnectiveType="隐式关系" Connective="" Major_relationType="目的性" RelationType="因果性+;目的性+;条件性-;虚拟性+;反转性-;顺序性-;解说性-;例证性-;评价性-;并列性-;递进性-;选择性-" ConnectivePosition="" ConnectiveAttribute="不可添加" RoleLocation="normal" LanguageSense="true"/>
    <relative ID="5" Relation_Pair="6--7" Center="2" times="11" Sentence="积极探索企业产权转让等投资方式，|开辟利用外资的新渠道。" position="118...133--134...144" ConnectiveType="隐式关系" Connective="" Major_relationType="目的性" RelationType="因果性+;目的性+;条件性-;虚拟性+;反转性-;顺序性-;解说性-;例证性-;评价性-;并列性-;递进性-;选择性-" ConnectivePosition="" ConnectiveAttribute="不可添加" RoleLocation="normal" LanguageSense="true"/>
    <relative ID="6" Relation_Pair="4--7" Center="3" times="11" Sentence="形成外贸出口的新的增长优势；|开辟利用外资的新渠道。" position="67...80--134...144" ConnectiveType="隐式关系" Connective="" Major_relationType="并列性" RelationType="因果性-;目的性-;条件性-;虚拟性-;反转性-;顺序性-;解说性-;例证性-;评价性-;并列性+;递进性-;选择性-" ConnectivePosition="" ConnectiveAttribute="不可添加" RoleLocation="normal" LanguageSense="true"/>
  </pragraph>
  <pragraph ID="7" content="1、据这个规划确定的目标，到二０００年，浙江省进出口总额将达到二百亿美元，2、其中出口一百五十亿美元，3、进口五十亿美元；4、“九五”期间利用外资额将达到六十亿美元，5、其中外商直接投资五十亿美元。">
    <relative ID="1" Relation_Pair="1--2" Center="1" times="25" Sentence="据这个规划确定的目标，到二０００年，浙江省进出口总额将达到二百亿美元，|其中出口一百五十亿美元，" position="0...34--35...46" ConnectiveType="显式关系" Connective="其中" Major_relationType="解说性" RelationType="因果性-;目的性-;条件性-;虚拟性+;反转性-;顺序性-;解说性+;例证性-;评价性-;并列性-;递进性-;选择性-" ConnectivePosition="36…38" ConnectiveAttribute="不可删除" RoleLocation="normal" LanguageSense="true"/>
    <relative ID="2" Relation_Pair="1--3" Center="1" times="22" Sentence="据这个规划确定的目标，到二０００年，浙江省进出口总额将达到二百亿美元，|进口五十亿美元；" position="0...34--47...54" ConnectiveType="显式关系" Connective="其中" Major_relationType="解说性" RelationType="因果性-;目的性-;条件性-;虚拟性+;反转性-;顺序性-;解说性+;例证性-;评价性-;并列性-;递进性-;选择性-" ConnectivePosition="36…38" ConnectiveAttribute="不可删除" RoleLocation="normal" LanguageSense="true"/>
    <relative ID="3" Relation_Pair="4--5" Center="1" times="14" Sentence="“九五”期间利用外资额将达到六十亿美元，|其中外商直接投资五十亿美元。" position="55...74--75...88" ConnectiveType="显式关系" Connective="其中" Major_relationType="解说性" RelationType="因果性-;目的性-;条件性-;虚拟性+;反转性-;顺序性-;解说性+;例证性-;评价性-;并列性-;递进性-;选择性-" ConnectivePosition="79…81" ConnectiveAttribute="不可删除" RoleLocation="normal" LanguageSense="true"/>
    <relative ID="4" Relation_Pair="1--4" Center="3" times="10" Sentence="据这个规划确定的目标，到二０００年，浙江省进出口总额将达到二百亿美元，|“九五”期间利用外资额将达到六十亿美元，" position="0...34--55...74" ConnectiveType="隐式关系" Connective="" Major_relationType="并列性" RelationType="因果性-;目的性-;条件性-;虚拟性-;反转性-;顺序性-;解说性-;例证性-;评价性-;并列性+;递进性-;选择性-" ConnectivePosition="" ConnectiveAttribute="不可添加" RoleLocation="normal" LanguageSense="true"/>
  </pragraph>
</doc>
