<?xml version="1.0" encoding="UTF-8"?>

<doc>
  <pragraph ID="2" content="1、在占福建经济总量“半壁江山”的乡镇企业发展中，闽东南地区继续发挥了龙头作用。2、去年，福州、厦门、泉州、漳州、莆田五地市乡镇企业经济总量占全省百分之七十以上。">
    <relative ID="1" Relation_Pair="1--2" Center="1" times="13" Sentence="在占福建经济总量“半壁江山”的乡镇企业发展中，闽东南地区继续发挥了龙头作用。|去年，福州、厦门、泉州、漳州、莆田五地市乡镇企业经济总量占全省百分之七十以上。" position="0...37--38...76" ConnectiveType="隐式关系" Connective="" Major_relationType="解说性" RelationType="因果性-;目的性-;条件性-;虚拟性-;反转性-;顺序性-;解说性+;例证性-;评价性-;并列性-;递进性-;选择性-" ConnectivePosition="" ConnectiveAttribute="不可添加" RoleLocation="normal" LanguageSense="true"/>
  </pragraph>
  <pragraph ID="3" content="1、据福建乡镇企业局统计，一九九五年福建省乡镇企业总产值已达二千三百八十一点五亿元人民币，2、其中工业产值一千五百五十九亿元人民币，3、全年创利润一百零九亿元人民币。4、乡镇企业创造的国民生产总值约占福建省国民生产总值的三分之一。">
    <relative ID="1" Relation_Pair="1--2" Center="1" times="310" Sentence="据福建乡镇企业局统计，一九九五年福建省乡镇企业总产值已达二千三百八十一点五亿元人民币，|其中工业产值一千五百五十九亿元人民币，" position="0...42--43...61" ConnectiveType="显式关系" Connective="其中" Major_relationType="解说性" RelationType="因果性-;目的性-;条件性-;虚拟性-;反转性-;顺序性-;解说性+;例证性-;评价性-;并列性-;递进性-;选择性-" ConnectivePosition="44…46" ConnectiveAttribute="不可删除" RoleLocation="normal" LanguageSense="true"/>
    <relative ID="2" Relation_Pair="2--3" Center="1" times="21" Sentence="其中工业产值一千五百五十九亿元人民币，|全年创利润一百零九亿元人民币。" position="43...61--62...76" ConnectiveType="隐式关系" Connective="" Major_relationType="解说性" RelationType="因果性-;目的性-;条件性-;虚拟性-;反转性-;顺序性-;解说性+;例证性-;评价性-;并列性+;递进性-;选择性-" ConnectivePosition="" ConnectiveAttribute="不可添加" RoleLocation="normal" LanguageSense="true"/>
    <relative ID="3" Relation_Pair="1--4" Center="3" times="70" Sentence="据福建乡镇企业局统计，一九九五年福建省乡镇企业总产值已达二千三百八十一点五亿元人民币，|乡镇企业创造的国民生产总值约占福建省国民生产总值的三分之一。" position="0...42--77...106" ConnectiveType="隐式关系" Connective="" Major_relationType="并列性" RelationType="因果性-;目的性-;条件性-;虚拟性-;反转性-;顺序性-;解说性+;例证性-;评价性-;并列性+;递进性-;选择性-" ConnectivePosition="" ConnectiveAttribute="不可添加" RoleLocation="normal" LanguageSense="true"/>
  </pragraph>
  <pragraph ID="4" content="1、“八五”期间（一九九一至一九九五年），福建省乡镇企业累计上缴了一百八十五点六亿元人民币的税金，2、完成出口交货值一千零五十五亿元人民币。3、全省已有十一家乡镇企业跻身中国“最佳经济效益乡镇企业”行列。">
    <relative ID="1" Relation_Pair="1--2" Center="3" times="16" Sentence="“八五”期间（一九九一至一九九五年），福建省乡镇企业累计上缴了一百八十五点六亿元人民币的税金，|完成出口交货值一千零五十五亿元人民币。" position="0...46--47...65" ConnectiveType="隐式关系" Connective="" Major_relationType="并列性" RelationType="因果性-;目的性-;条件性-;虚拟性-;反转性-;顺序性-;解说性-;例证性-;评价性-;并列性+;递进性-;选择性-" ConnectivePosition="" ConnectiveAttribute="不可添加" RoleLocation="normal" LanguageSense="true"/>
    <relative ID="2" Relation_Pair="2--3" Center="2" times="17" Sentence="完成出口交货值一千零五十五亿元人民币。|全省已有十一家乡镇企业跻身中国“最佳经济效益乡镇企业”行列。" position="47...65--66...95" ConnectiveType="隐式关系" Connective="" Major_relationType="评价性" RelationType="因果性-;目的性-;条件性-;虚拟性-;反转性-;顺序性-;解说性-;例证性-;评价性+;并列性-;递进性-;选择性-" ConnectivePosition="" ConnectiveAttribute="不可添加" RoleLocation="normal" LanguageSense="true"/>
  </pragraph>
  <pragraph ID="5" content="1、目前，福建省已涌现出一批科技含量较高、发展后劲较足的乡镇企业或乡镇企业集团。2、据统计，在全省一百九十一个已建立的乡镇企业集团中，产值上亿元人民币的已达五十多个，3、有些已达五至十亿元。4、福州鼓山镇的福兴投资区、晋江安海的桥头工业区均成为全国乡镇企业示范小区。">
    <relative ID="1" Relation_Pair="1--2" Center="1" times="142" Sentence="目前，福建省已涌现出一批科技含量较高、发展后劲较足的乡镇企业或乡镇企业集团。|据统计，在全省一百九十一个已建立的乡镇企业集团中，产值上亿元人民币的已达五十多个，" position="0...37--38...78" ConnectiveType="显式关系" Connective="据统计" Major_relationType="解说性" RelationType="因果性-;目的性-;条件性-;虚拟性-;反转性-;顺序性-;解说性+;例证性-;评价性-;并列性-;递进性-;选择性-" ConnectivePosition="39…42" ConnectiveAttribute="不可删除" RoleLocation="normal" LanguageSense="true"/>
    <relative ID="2" Relation_Pair="2--3" Center="1" times="36" Sentence="据统计，在全省一百九十一个已建立的乡镇企业集团中，产值上亿元人民币的已达五十多个，|有些已达五至十亿元。" position="38...78--79...88" ConnectiveType="隐式关系" Connective="" Major_relationType="递进性" RelationType="因果性-;目的性-;条件性-;虚拟性-;反转性-;顺序性-;解说性-;例证性-;评价性-;并列性-;递进性+;选择性-" ConnectivePosition="" ConnectiveAttribute="不可添加" RoleLocation="normal" LanguageSense="true"/>
    <relative ID="3" Relation_Pair="1--4" Center="1" times="7" Sentence="目前，福建省已涌现出一批科技含量较高、发展后劲较足的乡镇企业或乡镇企业集团。|福州鼓山镇的福兴投资区、晋江安海的桥头工业区均成为全国乡镇企业示范小区。" position="0...37--89...124" ConnectiveType="隐式关系" Connective="" Major_relationType="例证性" RelationType="因果性-;目的性-;条件性-;虚拟性-;反转性-;顺序性-;解说性-;例证性+;评价性-;并列性-;递进性-;选择性-" ConnectivePosition="" ConnectiveAttribute="不可添加" RoleLocation="normal" LanguageSense="true"/>
  </pragraph>
</doc>
