<?xml version="1.0" encoding="UTF-8"?>

<doc>
  <pragraph ID="2" content="1、最近一个时期，地处中国沿边开放前沿的内蒙古呼伦贝尔盟采取一系列措施，2、大力改善投资环境，3、加快对外开放步伐。">
    <relative ID="1" Relation_Pair="1--2" Center="2" times="18" Sentence="最近一个时期，地处中国沿边开放前沿的内蒙古呼伦贝尔盟采取一系列措施，|大力改善投资环境，" position="0...33--34...42" ConnectiveType="隐式关系" Connective="" Major_relationType="目的性" RelationType="因果性-;目的性+;条件性-;虚拟性-;反转性-;顺序性-;解说性-;例证性-;评价性-;并列性-;递进性-;选择性-" ConnectivePosition="" ConnectiveAttribute="不可添加" RoleLocation="normal" LanguageSense="true"/>
    <relative ID="2" Relation_Pair="2--3" Center="3" times="9" Sentence="大力改善投资环境，|加快对外开放步伐。" position="34...42--43...51" ConnectiveType="隐式关系" Connective="" Major_relationType="并列性" RelationType="因果性-;目的性-;条件性-;虚拟性-;反转性-;顺序性-;解说性-;例证性-;评价性-;并列性+;递进性-;选择性-" ConnectivePosition="" ConnectiveAttribute="不可添加" RoleLocation="normal" LanguageSense="true"/>
  </pragraph>
  <pragraph ID="3" content="1、呼伦贝尔盟位于中国北疆边陲，与俄罗斯、蒙古接壤。2、在境内长达一千六百多公里的边境线上，分布着国家一、二类口岸九个。3、为充分发挥地缘优势，4、进一步加快对外开放步伐，5、呼伦贝尔盟自去年下半年开始，认真总结在对外开放方面存在的问题和不足，6、大力开展了“创造良好开放环境”活动。">
    <relative ID="1" Relation_Pair="3--4" Center="3" times="74" Sentence="为充分发挥地缘优势，|进一步加快对外开放步伐，" position="56...65--66...77" ConnectiveType="隐式关系" Connective="" Major_relationType="并列性" RelationType="因果性-;目的性-;条件性-;虚拟性-;反转性-;顺序性-;解说性-;例证性-;评价性-;并列性+;递进性-;选择性-" ConnectivePosition="" ConnectiveAttribute="不可添加" RoleLocation="normal" LanguageSense="true"/>
    <relative ID="2" Relation_Pair="4--5" Center="2" times="27" Sentence="进一步加快对外开放步伐，|呼伦贝尔盟自去年下半年开始，认真总结在对外开放方面存在的问题和不足，" position="66...77--78...111" ConnectiveType="显式关系" Connective="为" Major_relationType="目的性" RelationType="因果性+;目的性+;条件性-;虚拟性-;反转性-;顺序性-;解说性-;例证性-;评价性-;并列性-;递进性-;选择性-" ConnectivePosition="58…59" ConnectiveAttribute="不可删除" RoleLocation="normal" LanguageSense="true"/>
    <relative ID="3" Relation_Pair="4--6" Center="2" times="23" Sentence="进一步加快对外开放步伐，|大力开展了“创造良好开放环境”活动。" position="66...77--112...129" ConnectiveType="显式关系" Connective="为" Major_relationType="目的性" RelationType="因果性+;目的性+;条件性-;虚拟性-;反转性-;顺序性-;解说性-;例证性-;评价性-;并列性-;递进性-;选择性-" ConnectivePosition="58…59" ConnectiveAttribute="不可删除" RoleLocation="normal" LanguageSense="true"/>
    <relative ID="4" Relation_Pair="1--2" Center="3" times="44" Sentence="呼伦贝尔盟位于中国北疆边陲，与俄罗斯、蒙古接壤。|在境内长达一千六百多公里的边境线上，分布着国家一、二类口岸九个。" position="0...23--24...55" ConnectiveType="隐式关系" Connective="" Major_relationType="并列性" RelationType="因果性-;目的性-;条件性-;虚拟性-;反转性-;顺序性-;解说性-;例证性-;评价性-;并列性+;递进性-;选择性-" ConnectivePosition="" ConnectiveAttribute="不可添加" RoleLocation="normal" LanguageSense="true"/>
    <relative ID="5" Relation_Pair="2--3" Center="2" times="48" Sentence="在境内长达一千六百多公里的边境线上，分布着国家一、二类口岸九个。|为充分发挥地缘优势，" position="24...55--56...65" ConnectiveType="隐式关系" Connective="" Major_relationType="因果性" RelationType="因果性+;目的性-;条件性-;虚拟性-;反转性-;顺序性-;解说性-;例证性-;评价性-;并列性-;递进性-;选择性-" ConnectivePosition="" ConnectiveAttribute="不可添加" RoleLocation="abnormal" LanguageSense="true"/>
  </pragraph>
  <pragraph ID="4" content="1、从去年十月份开始，呼伦贝尔盟出台了新的《对外开放优惠政策》。2、为制止乱收费、乱罚款和乱设卡，3、除勒令取消一百四十八项不合理收费外，4、对集体、个体私营经济实行“缴费明白卡、登记卡”制度。5、目前，全盟已撤掉各类堵卡站二十多个。">
    <relative ID="1" Relation_Pair="2--3" Center="2" times="65" Sentence="为制止乱收费、乱罚款和乱设卡，|除勒令取消一百四十八项不合理收费外，" position="30...44--45...62" ConnectiveType="显式关系" Connective="为" Major_relationType="目的性" RelationType="因果性+;目的性+;条件性-;虚拟性-;反转性-;顺序性-;解说性-;例证性-;评价性-;并列性-;递进性-;选择性-" ConnectivePosition="31…32" ConnectiveAttribute="不可删除" RoleLocation="abnormal" LanguageSense="true"/>
    <relative ID="2" Relation_Pair="2--4" Center="2" times="106" Sentence="为制止乱收费、乱罚款和乱设卡，|对集体、个体私营经济实行“缴费明白卡、登记卡”制度。" position="30...44--63...88" ConnectiveType="显式关系" Connective="为" Major_relationType="目的性" RelationType="因果性+;目的性+;条件性-;虚拟性-;反转性-;顺序性-;解说性-;例证性-;评价性-;并列性-;递进性-;选择性-" ConnectivePosition="31…32" ConnectiveAttribute="不可删除" RoleLocation="abnormal" LanguageSense="true"/>
    <relative ID="3" Relation_Pair="1--3" Center="1" times="16" Sentence="从去年十月份开始，呼伦贝尔盟出台了新的《对外开放优惠政策》。|除勒令取消一百四十八项不合理收费外，" position="0...29--45...62" ConnectiveType="隐式关系" Connective="" Major_relationType="解说性" RelationType="因果性-;目的性-;条件性-;虚拟性-;反转性-;顺序性-;解说性+;例证性+;评价性-;并列性-;递进性-;选择性-" ConnectivePosition="" ConnectiveAttribute="不可添加" RoleLocation="abnormal" LanguageSense="true"/>
    <relative ID="4" Relation_Pair="1--4" Center="1" times="9" Sentence="从去年十月份开始，呼伦贝尔盟出台了新的《对外开放优惠政策》。|对集体、个体私营经济实行“缴费明白卡、登记卡”制度。" position="0...29--63...88" ConnectiveType="隐式关系" Connective="" Major_relationType="解说性" RelationType="因果性-;目的性-;条件性-;虚拟性-;反转性-;顺序性-;解说性+;例证性+;评价性-;并列性-;递进性-;选择性-" ConnectivePosition="" ConnectiveAttribute="不可添加" RoleLocation="abnormal" LanguageSense="true"/>
    <relative ID="5" Relation_Pair="2--5" Center="1" times="35" Sentence="为制止乱收费、乱罚款和乱设卡，|目前，全盟已撤掉各类堵卡站二十多个。" position="30...44--89...106" ConnectiveType="显式关系" Connective="为" Major_relationType="目的性" RelationType="因果性+;目的性+;条件性-;虚拟性-;反转性-;顺序性-;解说性-;例证性-;评价性-;并列性-;递进性-;选择性-" ConnectivePosition="31…32" ConnectiveAttribute="不可删除" RoleLocation="abnormal" LanguageSense="true"/>
  </pragraph>
  <pragraph ID="5" content="1、在海拉尔市，重点抓了办事效率低的整顿问题。2、三资企业的审批速度已由原来的一个月左右限定在七天以内。3、盟工商部门对个体私营企业申办营业执照实行一张表格、一张照片、一张身份证、一天办完的工作制度。4、商检部门将原来七至十天完成的产地检验时间缩短到一至三天。5、黑山头口岸联检部门将原来要二至三天办完的出入境手续改为一天办完。">
    <relative ID="1" Relation_Pair="1--2" Center="1" times="32" Sentence="在海拉尔市，重点抓了办事效率低的整顿问题。|三资企业的审批速度已由原来的一个月左右限定在七天以内。" position="0...20--21...47" ConnectiveType="隐式关系" Connective="" Major_relationType="例证性" RelationType="因果性+;目的性-;条件性-;虚拟性-;反转性-;顺序性-;解说性-;例证性+;评价性-;并列性-;递进性-;选择性-" ConnectivePosition="" ConnectiveAttribute="不可添加" RoleLocation="normal" LanguageSense="true"/>
    <relative ID="2" Relation_Pair="1--3" Center="1" times="17" Sentence="在海拉尔市，重点抓了办事效率低的整顿问题。|盟工商部门对个体私营企业申办营业执照实行一张表格、一张照片、一张身份证、一天办完的工作制度。" position="0...20--48...93" ConnectiveType="隐式关系" Connective="" Major_relationType="例证性" RelationType="因果性+;目的性-;条件性-;虚拟性-;反转性-;顺序性-;解说性-;例证性+;评价性-;并列性-;递进性-;选择性-" ConnectivePosition="" ConnectiveAttribute="不可添加" RoleLocation="normal" LanguageSense="true"/>
    <relative ID="3" Relation_Pair="1--4" Center="1" times="11" Sentence="在海拉尔市，重点抓了办事效率低的整顿问题。|商检部门将原来七至十天完成的产地检验时间缩短到一至三天。" position="0...20--94...121" ConnectiveType="隐式关系" Connective="" Major_relationType="例证性" RelationType="因果性+;目的性-;条件性-;虚拟性-;反转性-;顺序性-;解说性-;例证性+;评价性-;并列性-;递进性-;选择性-" ConnectivePosition="" ConnectiveAttribute="不可添加" RoleLocation="normal" LanguageSense="true"/>
    <relative ID="4" Relation_Pair="1--5" Center="1" times="12" Sentence="在海拉尔市，重点抓了办事效率低的整顿问题。|黑山头口岸联检部门将原来要二至三天办完的出入境手续改为一天办完。" position="0...20--122...153" ConnectiveType="隐式关系" Connective="" Major_relationType="例证性" RelationType="因果性+;目的性-;条件性-;虚拟性-;反转性-;顺序性-;解说性-;例证性+;评价性-;并列性-;递进性-;选择性-" ConnectivePosition="" ConnectiveAttribute="不可添加" RoleLocation="normal" LanguageSense="true"/>
  </pragraph>
  <pragraph ID="6" content="1、迄今，呼伦贝尔盟十三个旗市已全部进入全国电话直拨网，2、并成为中国最大的电话本地网。3、海拉尔、满洲里等城市先后建起星级宾馆饭店十余所。4、去年，海拉尔飞机场扩建成为国际航空港，5、三０一国道海拉尔至满洲里段建成通车，6、额尔古纳河航运试航成功，7、使呼伦贝尔盟形成了铁路、公路、水路和空中立体开放、多口通商的新格局，8、适应了国内外客商来呼盟观光旅游、洽谈生意的需要。">
    <relative ID="1" Relation_Pair="1--2" Center="1" times="33" Sentence="迄今，呼伦贝尔盟十三个旗市已全部进入全国电话直拨网，|并成为中国最大的电话本地网。" position="0...25--26...39" ConnectiveType="隐式关系" Connective="" Major_relationType="评价性" RelationType="因果性-;目的性-;条件性-;虚拟性-;反转性-;顺序性-;解说性+;例证性-;评价性+;并列性-;递进性-;选择性-" ConnectivePosition="" ConnectiveAttribute="不可添加" RoleLocation="normal" LanguageSense="true"/>
    <relative ID="2" Relation_Pair="4--7" Center="2" times="27" Sentence="去年，海拉尔飞机场扩建成为国际航空港，|使呼伦贝尔盟形成了铁路、公路、水路和空中立体开放、多口通商的新格局，" position="64...82--113...146" ConnectiveType="显式关系" Connective="使" Major_relationType="目的性" RelationType="因果性+;目的性+;条件性-;虚拟性-;反转性-;顺序性-;解说性-;例证性-;评价性-;并列性-;递进性-;选择性-" ConnectivePosition="119…120" ConnectiveAttribute="不可删除" RoleLocation="normal" LanguageSense="true"/>
    <relative ID="3" Relation_Pair="5--7" Center="2" times="14" Sentence="三０一国道海拉尔至满洲里段建成通车，|使呼伦贝尔盟形成了铁路、公路、水路和空中立体开放、多口通商的新格局，" position="83...100--113...146" ConnectiveType="显式关系" Connective="使" Major_relationType="目的性" RelationType="因果性+;目的性+;条件性-;虚拟性-;反转性-;顺序性-;解说性-;例证性-;评价性-;并列性-;递进性-;选择性-" ConnectivePosition="119…120" ConnectiveAttribute="不可删除" RoleLocation="normal" LanguageSense="true"/>
    <relative ID="4" Relation_Pair="6--7" Center="2" times="14" Sentence="额尔古纳河航运试航成功，|使呼伦贝尔盟形成了铁路、公路、水路和空中立体开放、多口通商的新格局，" position="101...112--113...146" ConnectiveType="显式关系" Connective="使" Major_relationType="目的性" RelationType="因果性+;目的性+;条件性-;虚拟性-;反转性-;顺序性-;解说性-;例证性-;评价性-;并列性-;递进性-;选择性-" ConnectivePosition="119…120" ConnectiveAttribute="不可删除" RoleLocation="normal" LanguageSense="true"/>
    <relative ID="5" Relation_Pair="7--8" Center="1" times="66" Sentence="使呼伦贝尔盟形成了铁路、公路、水路和空中立体开放、多口通商的新格局，|适应了国内外客商来呼盟观光旅游、洽谈生意的需要。" position="113...146--147...170" ConnectiveType="隐式关系" Connective="" Major_relationType="因果性" RelationType="因果性+;目的性-;条件性-;虚拟性-;反转性-;顺序性-;解说性+;例证性-;评价性+;并列性-;递进性-;选择性-" ConnectivePosition="" ConnectiveAttribute="不可添加" RoleLocation="normal" LanguageSense="true"/>
    <relative ID="6" Relation_Pair="1--7" Center="1" times="26" Sentence="迄今，呼伦贝尔盟十三个旗市已全部进入全国电话直拨网，|使呼伦贝尔盟形成了铁路、公路、水路和空中立体开放、多口通商的新格局，" position="0...25--113...146" ConnectiveType="显式关系" Connective="使" Major_relationType="目的性" RelationType="因果性+;目的性+;条件性-;虚拟性-;反转性-;顺序性-;解说性-;例证性-;评价性-;并列性-;递进性-;选择性-" ConnectivePosition="119…120" ConnectiveAttribute="不可删除" RoleLocation="normal" LanguageSense="true"/>
    <relative ID="7" Relation_Pair="3--7" Center="2" times="14" Sentence="海拉尔、满洲里等城市先后建起星级宾馆饭店十余所。|使呼伦贝尔盟形成了铁路、公路、水路和空中立体开放、多口通商的新格局，" position="40...63--113...146" ConnectiveType="显式关系" Connective="使" Major_relationType="目的性" RelationType="因果性+;目的性+;条件性-;虚拟性-;反转性-;顺序性-;解说性-;例证性-;评价性-;并列性-;递进性-;选择性-" ConnectivePosition="119…120" ConnectiveAttribute="不可删除" RoleLocation="normal" LanguageSense="true"/>
  </pragraph>
  <pragraph ID="7" content="1、投资环境的改善，2、吸引了国内外大财团、大企业的雄厚资金、先进经验、先进技术接踵而至。3、加拿大太平矿业有限公司投资二千九百七十万元与呼盟一家铅锌银矿联合建立了有限责任公司，4、瑞士特联投资集团投资二千万美元与宝日希勒煤矿联合建立六十万千瓦的电站，5、美国环球集团有限公司与满洲里国际贸易公司联合改组了满洲里服装厂。">
    <relative ID="1" Relation_Pair="1--2" Center="2" times="59" Sentence="投资环境的改善，|吸引了国内外大财团、大企业的雄厚资金、先进经验、先进技术接踵而至。" position="0...7--8...40" ConnectiveType="隐式关系" Connective="" Major_relationType="条件性" RelationType="因果性+;目的性-;条件性+;虚拟性-;反转性-;顺序性+;解说性-;例证性-;评价性-;并列性-;递进性-;选择性-" ConnectivePosition="" ConnectiveAttribute="不可添加" RoleLocation="normal" LanguageSense="true"/>
    <relative ID="2" Relation_Pair="2--3" Center="1" times="12" Sentence="吸引了国内外大财团、大企业的雄厚资金、先进经验、先进技术接踵而至。|加拿大太平矿业有限公司投资二千九百七十万元与呼盟一家铅锌银矿联合建立了有限责任公司，" position="8...40--41...82" ConnectiveType="隐式关系" Connective="" Major_relationType="例证性" RelationType="因果性-;目的性-;条件性-;虚拟性-;反转性-;顺序性-;解说性-;例证性+;评价性-;并列性-;递进性-;选择性-" ConnectivePosition="" ConnectiveAttribute="不可添加" RoleLocation="normal" LanguageSense="true"/>
    <relative ID="3" Relation_Pair="2--4" Center="1" times="8" Sentence="吸引了国内外大财团、大企业的雄厚资金、先进经验、先进技术接踵而至。|瑞士特联投资集团投资二千万美元与宝日希勒煤矿联合建立六十万千瓦的电站，" position="8...40--83...117" ConnectiveType="隐式关系" Connective="" Major_relationType="例证性" RelationType="因果性-;目的性-;条件性-;虚拟性-;反转性-;顺序性-;解说性-;例证性+;评价性-;并列性-;递进性-;选择性-" ConnectivePosition="" ConnectiveAttribute="不可添加" RoleLocation="normal" LanguageSense="true"/>
    <relative ID="4" Relation_Pair="2--5" Center="1" times="9" Sentence="吸引了国内外大财团、大企业的雄厚资金、先进经验、先进技术接踵而至。|美国环球集团有限公司与满洲里国际贸易公司联合改组了满洲里服装厂。" position="8...40--118...149" ConnectiveType="隐式关系" Connective="" Major_relationType="例证性" RelationType="因果性-;目的性-;条件性-;虚拟性-;反转性-;顺序性-;解说性-;例证性+;评价性-;并列性-;递进性-;选择性-" ConnectivePosition="" ConnectiveAttribute="不可添加" RoleLocation="normal" LanguageSense="true"/>
  </pragraph>
  <pragraph ID="8" content="1、据不完全统计，一九九四年以来，呼盟新建三资企业四十二家，2、累计引进国外资金四千多万美元、国内资金六千多万元，3、引进国内外先进技术三十多项，4、与东北、华东、华南、北京等地结成合作对子一百多个。">
    <relative ID="1" Relation_Pair="1--2" Center="3" times="128" Sentence="据不完全统计，一九九四年以来，呼盟新建三资企业四十二家，|累计引进国外资金四千多万美元、国内资金六千多万元，" position="0...27--28...52" ConnectiveType="隐式关系" Connective="" Major_relationType="并列性" RelationType="因果性-;目的性-;条件性-;虚拟性-;反转性-;顺序性-;解说性-;例证性-;评价性-;并列性+;递进性-;选择性-" ConnectivePosition="" ConnectiveAttribute="不可添加" RoleLocation="normal" LanguageSense="true"/>
    <relative ID="2" Relation_Pair="2--3" Center="3" times="8" Sentence="累计引进国外资金四千多万美元、国内资金六千多万元，|引进国内外先进技术三十多项，" position="28...52--53...66" ConnectiveType="隐式关系" Connective="" Major_relationType="并列性" RelationType="因果性-;目的性-;条件性-;虚拟性-;反转性-;顺序性-;解说性-;例证性-;评价性-;并列性+;递进性-;选择性-" ConnectivePosition="" ConnectiveAttribute="不可添加" RoleLocation="normal" LanguageSense="true"/>
    <relative ID="3" Relation_Pair="3--4" Center="3" times="8" Sentence="引进国内外先进技术三十多项，|与东北、华东、华南、北京等地结成合作对子一百多个。" position="53...66--67...91" ConnectiveType="隐式关系" Connective="" Major_relationType="并列性" RelationType="因果性-;目的性-;条件性-;虚拟性-;反转性-;顺序性-;解说性-;例证性-;评价性-;并列性+;递进性-;选择性-" ConnectivePosition="" ConnectiveAttribute="不可添加" RoleLocation="normal" LanguageSense="true"/>
  </pragraph>
  <pragraph ID="9" content="1、据了解，去年呼盟易货贸易完成三点五亿美元，2、比上年现汇贸易成倍增长，3、出口创汇一千零三十七万美元，4、是上年的四倍多，5、经济技术合作完成二千八百三十万美元，6、是上年的一点五倍。">
    <relative ID="1" Relation_Pair="1--2" Center="1" times="41" Sentence="据了解，去年呼盟易货贸易完成三点五亿美元，|比上年现汇贸易成倍增长，" position="0...20--21...32" ConnectiveType="显式关系" Connective="比" Major_relationType="评价性" RelationType="因果性-;目的性-;条件性-;虚拟性-;反转性-;顺序性-;解说性+;例证性-;评价性+;并列性-;递进性-;选择性-" ConnectivePosition="22…23" ConnectiveAttribute="不可删除" RoleLocation="normal" LanguageSense="true"/>
    <relative ID="2" Relation_Pair="3--4" Center="1" times="12" Sentence="出口创汇一千零三十七万美元，|是上年的四倍多，" position="33...46--47...54" ConnectiveType="隐式关系" Connective="" Major_relationType="评价性" RelationType="因果性-;目的性-;条件性-;虚拟性-;反转性-;顺序性-;解说性+;例证性-;评价性+;并列性-;递进性-;选择性-" ConnectivePosition="" ConnectiveAttribute="不可添加" RoleLocation="normal" LanguageSense="true"/>
    <relative ID="3" Relation_Pair="5--6" Center="1" times="10" Sentence="经济技术合作完成二千八百三十万美元，|是上年的一点五倍。" position="55...72--73...81" ConnectiveType="隐式关系" Connective="" Major_relationType="评价性" RelationType="因果性-;目的性-;条件性-;虚拟性-;反转性-;顺序性-;解说性+;例证性-;评价性+;并列性-;递进性-;选择性-" ConnectivePosition="" ConnectiveAttribute="不可添加" RoleLocation="normal" LanguageSense="true"/>
    <relative ID="4" Relation_Pair="1--3" Center="3" times="11" Sentence="据了解，去年呼盟易货贸易完成三点五亿美元，|出口创汇一千零三十七万美元，" position="0...20--33...46" ConnectiveType="隐式关系" Connective="" Major_relationType="并列性" RelationType="因果性-;目的性-;条件性-;虚拟性-;反转性-;顺序性-;解说性-;例证性-;评价性-;并列性+;递进性-;选择性-" ConnectivePosition="" ConnectiveAttribute="不可添加" RoleLocation="normal" LanguageSense="true"/>
    <relative ID="5" Relation_Pair="3--5" Center="3" times="10" Sentence="出口创汇一千零三十七万美元，|经济技术合作完成二千八百三十万美元，" position="33...46--55...72" ConnectiveType="隐式关系" Connective="" Major_relationType="并列性" RelationType="因果性-;目的性-;条件性-;虚拟性-;反转性-;顺序性-;解说性-;例证性-;评价性-;并列性+;递进性-;选择性-" ConnectivePosition="" ConnectiveAttribute="不可添加" RoleLocation="normal" LanguageSense="true"/>
  </pragraph>
</doc>
