<?xml version="1.0" encoding="UTF-8"?>

<doc>
  <pragraph ID="2" content="1、据海关总署提供的统计数据，今年一至二月份中国对外贸易进出口继续保持增长势头，2、进出口总值达三百六十一亿美元，3、比去年同期增长百分之十三点九。4、其中出口为一百七十八点三亿美元，5、比去年同期下降百分之一点三；6、进口一百八十二点七亿美元，7、增长百分之三十四点一。">
    <relative ID="1" Relation_Pair="1--2" Center="2" times="88" Sentence="据海关总署提供的统计数据，今年一至二月份中国对外贸易进出口继续保持增长势头，|进出口总值达三百六十一亿美元，" position="0...37--38...52" ConnectiveType="隐式关系" Connective="" Major_relationType="解说性" RelationType="因果性-;目的性-;条件性-;虚拟性-;反转性-;顺序性-;解说性+;例证性-;评价性-;并列性-;递进性-;选择性-" ConnectivePosition="" ConnectiveAttribute="不可添加" RoleLocation="normal" LanguageSense="true"/>
    <relative ID="2" Relation_Pair="2--3" Center="1" times="27" Sentence="进出口总值达三百六十一亿美元，|比去年同期增长百分之十三点九。" position="38...52--53...67" ConnectiveType="隐式关系" Connective="" Major_relationType="评价性" RelationType="因果性-;目的性-;条件性-;虚拟性-;反转性-;顺序性-;解说性-;例证性-;评价性+;并列性+;递进性-;选择性-" ConnectivePosition="" ConnectiveAttribute="不可添加" RoleLocation="normal" LanguageSense="true"/>
    <relative ID="3" Relation_Pair="2--4" Center="1" times="22" Sentence="进出口总值达三百六十一亿美元，|其中出口为一百七十八点三亿美元，" position="38...52--68...83" ConnectiveType="显式关系" Connective="其中" Major_relationType="解说性" RelationType="因果性-;目的性-;条件性-;虚拟性-;反转性-;顺序性-;解说性+;例证性-;评价性-;并列性-;递进性-;选择性-" ConnectivePosition="71…73" ConnectiveAttribute="不可删除" RoleLocation="normal" LanguageSense="true"/>
    <relative ID="4" Relation_Pair="4--5" Center="1" times="15" Sentence="其中出口为一百七十八点三亿美元，|比去年同期下降百分之一点三；" position="68...83--84...97" ConnectiveType="隐式关系" Connective="" Major_relationType="评价性" RelationType="因果性-;目的性-;条件性-;虚拟性-;反转性-;顺序性-;解说性-;例证性-;评价性+;并列性+;递进性-;选择性-" ConnectivePosition="" ConnectiveAttribute="不可添加" RoleLocation="normal" LanguageSense="true"/>
    <relative ID="5" Relation_Pair="6--7" Center="1" times="15" Sentence="进口一百八十二点七亿美元，|增长百分之三十四点一。" position="98...110--111...121" ConnectiveType="隐式关系" Connective="" Major_relationType="评价性" RelationType="因果性-;目的性-;条件性-;虚拟性-;反转性-;顺序性-;解说性-;例证性-;评价性+;并列性+;递进性-;选择性-" ConnectivePosition="" ConnectiveAttribute="不可添加" RoleLocation="normal" LanguageSense="true"/>
    <relative ID="6" Relation_Pair="2--6" Center="1" times="23" Sentence="进出口总值达三百六十一亿美元，|进口一百八十二点七亿美元，" position="38...52--98...110" ConnectiveType="显式关系" Connective="其中" Major_relationType="评价性" RelationType="因果性-;目的性-;条件性-;虚拟性-;反转性-;顺序性-;解说性-;例证性-;评价性+;并列性+;递进性-;选择性-" ConnectivePosition="71…73" ConnectiveAttribute="不可删除" RoleLocation="normal" LanguageSense="true"/>
  </pragraph>
  <pragraph ID="3" content="1、今年一至二月份，中国一般贸易出口明显下降，2、加工贸易继续稳定增长。3、加工贸易进出口总额达一百八十四点九亿美元，4、比去年同期增长百分之二十三点六，5、占全部进出口总额的百分之五十一点二。6、经济特区进出口总值为四十二点九亿美元，7、增长百分之三点四。8、保税区进出口总值为四点九亿美元，9、增长一点三倍。">
    <relative ID="1" Relation_Pair="1--2" Center="2" times="42" Sentence="今年一至二月份，中国一般贸易出口明显下降，|加工贸易继续稳定增长。" position="0...20--21...31" ConnectiveType="隐式关系" Connective="" Major_relationType="反转性" RelationType="因果性+;目的性-;条件性-;虚拟性-;反转性+;顺序性-;解说性-;例证性-;评价性-;并列性-;递进性-;选择性-" ConnectivePosition="" ConnectiveAttribute="不可添加" RoleLocation="normal" LanguageSense="true"/>
    <relative ID="2" Relation_Pair="3--4" Center="1" times="15" Sentence="加工贸易进出口总额达一百八十四点九亿美元，|比去年同期增长百分之二十三点六，" position="32...52--53...68" ConnectiveType="隐式关系" Connective="" Major_relationType="评价性" RelationType="因果性-;目的性-;条件性-;虚拟性-;反转性-;顺序性-;解说性-;例证性-;评价性+;并列性+;递进性-;选择性-" ConnectivePosition="" ConnectiveAttribute="不可添加" RoleLocation="normal" LanguageSense="true"/>
    <relative ID="3" Relation_Pair="3--5" Center="1" times="44" Sentence="加工贸易进出口总额达一百八十四点九亿美元，|占全部进出口总额的百分之五十一点二。" position="32...52--69...86" ConnectiveType="隐式关系" Connective="" Major_relationType="评价性" RelationType="因果性-;目的性-;条件性-;虚拟性-;反转性-;顺序性-;解说性-;例证性-;评价性+;并列性+;递进性-;选择性-" ConnectivePosition="" ConnectiveAttribute="不可添加" RoleLocation="normal" LanguageSense="true"/>
    <relative ID="4" Relation_Pair="6--7" Center="1" times="22" Sentence="经济特区进出口总值为四十二点九亿美元，|增长百分之三点四。" position="87...105--106...114" ConnectiveType="隐式关系" Connective="" Major_relationType="评价性" RelationType="因果性-;目的性-;条件性-;虚拟性-;反转性-;顺序性-;解说性-;例证性-;评价性+;并列性+;递进性-;选择性-" ConnectivePosition="" ConnectiveAttribute="不可添加" RoleLocation="normal" LanguageSense="true"/>
    <relative ID="5" Relation_Pair="8--9" Center="1" times="14" Sentence="保税区进出口总值为四点九亿美元，|增长一点三倍。" position="115...130--131...137" ConnectiveType="隐式关系" Connective="" Major_relationType="评价性" RelationType="因果性-;目的性-;条件性-;虚拟性-;反转性-;顺序性-;解说性-;例证性-;评价性+;并列性+;递进性-;选择性-" ConnectivePosition="" ConnectiveAttribute="不可添加" RoleLocation="normal" LanguageSense="true"/>
    <relative ID="6" Relation_Pair="2--3" Center="1" times="67" Sentence="加工贸易继续稳定增长。|加工贸易进出口总额达一百八十四点九亿美元，" position="21...31--32...52" ConnectiveType="隐式关系" Connective="" Major_relationType="解说性" RelationType="因果性-;目的性-;条件性-;虚拟性-;反转性-;顺序性-;解说性+;例证性-;评价性-;并列性-;递进性-;选择性-" ConnectivePosition="" ConnectiveAttribute="不可添加" RoleLocation="normal" LanguageSense="true"/>
    <relative ID="7" Relation_Pair="2--6" Center="1" times="10" Sentence="加工贸易继续稳定增长。|经济特区进出口总值为四十二点九亿美元，" position="21...31--87...105" ConnectiveType="隐式关系" Connective="" Major_relationType="解说性" RelationType="因果性-;目的性-;条件性-;虚拟性-;反转性-;顺序性-;解说性+;例证性-;评价性-;并列性-;递进性-;选择性-" ConnectivePosition="" ConnectiveAttribute="不可添加" RoleLocation="normal" LanguageSense="true"/>
    <relative ID="8" Relation_Pair="2--8" Center="1" times="11" Sentence="加工贸易继续稳定增长。|保税区进出口总值为四点九亿美元，" position="21...31--115...130" ConnectiveType="隐式关系" Connective="" Major_relationType="解说性" RelationType="因果性-;目的性-;条件性-;虚拟性-;反转性-;顺序性-;解说性+;例证性-;评价性-;并列性-;递进性-;选择性-" ConnectivePosition="" ConnectiveAttribute="不可添加" RoleLocation="normal" LanguageSense="true"/>
  </pragraph>
  <pragraph ID="4" content="1、中国机电产品进出口贸易继续增加，2、占总进出口的比重继续上升。3、其中，出口五十七点九亿美元，4、占总出口的百分之三十二点五；5、进口八十五点二亿美元，6、占总进口的百分之四十六点四，7、均比去年同期有所上升。8、中国主要轻纺、农副产品出口则比去年同期下降。9、除个别产品如钢材、食糖、汽车等以外，其它主要进口产品则全面增长。10、其中，初级形状塑料进口一百一十万吨，11、增长百分之四十七点七，12、价值九点五亿美元，13、成为今年以来中国最大的单项进口商品。">
    <relative ID="1" Relation_Pair="1--2" Center="1" times="46" Sentence="中国机电产品进出口贸易继续增加，|占总进出口的比重继续上升。" position="0...15--16...28" ConnectiveType="隐式关系" Connective="" Major_relationType="评价性" RelationType="因果性-;目的性-;条件性-;虚拟性-;反转性-;顺序性-;解说性-;例证性-;评价性+;并列性+;递进性-;选择性-" ConnectivePosition="" ConnectiveAttribute="不可添加" RoleLocation="normal" LanguageSense="true"/>
    <relative ID="2" Relation_Pair="3--4" Center="1" times="13" Sentence="其中，出口五十七点九亿美元，|占总出口的百分之三十二点五；" position="29...42--43...56" ConnectiveType="隐式关系" Connective="" Major_relationType="评价性" RelationType="因果性-;目的性-;条件性-;虚拟性-;反转性-;顺序性-;解说性-;例证性-;评价性+;并列性+;递进性-;选择性-" ConnectivePosition="" ConnectiveAttribute="不可添加" RoleLocation="normal" LanguageSense="true"/>
    <relative ID="3" Relation_Pair="5--6" Center="1" times="11" Sentence="进口八十五点二亿美元，|占总进口的百分之四十六点四，" position="57...67--68...81" ConnectiveType="隐式关系" Connective="" Major_relationType="评价性" RelationType="因果性-;目的性-;条件性-;虚拟性-;反转性-;顺序性-;解说性-;例证性-;评价性+;并列性+;递进性-;选择性-" ConnectivePosition="" ConnectiveAttribute="不可添加" RoleLocation="normal" LanguageSense="true"/>
    <relative ID="4" Relation_Pair="1--3" Center="1" times="15" Sentence="中国机电产品进出口贸易继续增加，|其中，出口五十七点九亿美元，" position="0...15--29...42" ConnectiveType="显式关系" Connective="其中" Major_relationType="解说性" RelationType="因果性-;目的性-;条件性-;虚拟性-;反转性-;顺序性-;解说性+;例证性-;评价性-;并列性-;递进性-;选择性-" ConnectivePosition="31…33" ConnectiveAttribute="不可删除" RoleLocation="normal" LanguageSense="true"/>
    <relative ID="5" Relation_Pair="1--5" Center="1" times="15" Sentence="中国机电产品进出口贸易继续增加，|进口八十五点二亿美元，" position="0...15--57...67" ConnectiveType="显式关系" Connective="其中" Major_relationType="评价性" RelationType="因果性-;目的性-;条件性-;虚拟性-;反转性-;顺序性-;解说性-;例证性-;评价性+;并列性+;递进性-;选择性-" ConnectivePosition="31…33" ConnectiveAttribute="不可删除" RoleLocation="normal" LanguageSense="true"/>
    <relative ID="6" Relation_Pair="1--8" Center="3" times="23" Sentence="中国机电产品进出口贸易继续增加，|中国主要轻纺、农副产品出口则比去年同期下降。" position="0...15--93...114" ConnectiveType="隐式关系" Connective="" Major_relationType="并列性" RelationType="因果性-;目的性-;条件性-;虚拟性-;反转性+;顺序性-;解说性-;例证性-;评价性-;并列性+;递进性-;选择性-" ConnectivePosition="" ConnectiveAttribute="不可添加" RoleLocation="normal" LanguageSense="true"/>
    <relative ID="7" Relation_Pair="5--7" Center="1" times="32" Sentence="进口八十五点二亿美元，|均比去年同期有所上升。" position="57...67--82...92" ConnectiveType="隐式关系" Connective="" Major_relationType="评价性" RelationType="因果性-;目的性-;条件性-;虚拟性-;反转性-;顺序性-;解说性-;例证性-;评价性+;并列性-;递进性-;选择性-" ConnectivePosition="" ConnectiveAttribute="不可添加" RoleLocation="normal" LanguageSense="true"/>
    <relative ID="8" Relation_Pair="8--9" Center="3" times="33" Sentence="中国主要轻纺、农副产品出口则比去年同期下降。|除个别产品如钢材、食糖、汽车等以外，其它主要进口产品则全面增长。" position="93...114--115...146" ConnectiveType="隐式关系" Connective="" Major_relationType="并列性" RelationType="因果性-;目的性-;条件性-;虚拟性-;反转性+;顺序性-;解说性-;例证性-;评价性-;并列性+;递进性-;选择性-" ConnectivePosition="" ConnectiveAttribute="不可添加" RoleLocation="normal" LanguageSense="true"/>
    <relative ID="9" Relation_Pair="9--10" Center="1" times="22" Sentence="除个别产品如钢材、食糖、汽车等以外，其它主要进口产品则全面增长。|其中，初级形状塑料进口一百一十万吨，" position="115...146--147...164" ConnectiveType="显式关系" Connective="其中" Major_relationType="例证性" RelationType="因果性-;目的性-;条件性-;虚拟性-;反转性-;顺序性-;解说性-;例证性+;评价性-;并列性-;递进性-;选择性-" ConnectivePosition="156…158" ConnectiveAttribute="不可删除" RoleLocation="normal" LanguageSense="true"/>
    <relative ID="10" Relation_Pair="10--11" Center="1" times="19" Sentence="其中，初级形状塑料进口一百一十万吨，|增长百分之四十七点七，" position="147...164--165...175" ConnectiveType="隐式关系" Connective="" Major_relationType="评价性" RelationType="因果性-;目的性-;条件性-;虚拟性-;反转性-;顺序性-;解说性-;例证性-;评价性+;并列性+;递进性-;选择性-" ConnectivePosition="" ConnectiveAttribute="不可添加" RoleLocation="normal" LanguageSense="true"/>
    <relative ID="11" Relation_Pair="10--12" Center="3" times="24" Sentence="其中，初级形状塑料进口一百一十万吨，|价值九点五亿美元，" position="147...164--176...184" ConnectiveType="隐式关系" Connective="" Major_relationType="并列性" RelationType="因果性-;目的性-;条件性-;虚拟性-;反转性-;顺序性-;解说性+;例证性-;评价性-;并列性+;递进性-;选择性-" ConnectivePosition="" ConnectiveAttribute="不可添加" RoleLocation="normal" LanguageSense="true"/>
    <relative ID="12" Relation_Pair="10--13" Center="1" times="22" Sentence="其中，初级形状塑料进口一百一十万吨，|成为今年以来中国最大的单项进口商品。" position="147...164--185...202" ConnectiveType="隐式关系" Connective="" Major_relationType="评价性" RelationType="因果性+;目的性-;条件性-;虚拟性-;反转性-;顺序性-;解说性-;例证性-;评价性+;并列性+;递进性-;选择性-" ConnectivePosition="" ConnectiveAttribute="不可添加" RoleLocation="normal" LanguageSense="true"/>
  </pragraph>
  <pragraph ID="5" content="1、外商投资企业一至二月份进出口总值为一百六十五点九亿美元，2、占全国进出口总值的比重由去年同期的百分之三十七上升到百分之四十五点九。">
    <relative ID="1" Relation_Pair="1--2" Center="2" times="12" Sentence="外商投资企业一至二月份进出口总值为一百六十五点九亿美元，|占全国进出口总值的比重由去年同期的百分之三十七上升到百分之四十五点九。" position="0...27--28...62" ConnectiveType="隐式关系" Connective="" Major_relationType="评价性" RelationType="因果性-;目的性-;条件性-;虚拟性-;反转性-;顺序性-;解说性-;例证性-;评价性+;并列性+;递进性-;选择性-" ConnectivePosition="" ConnectiveAttribute="不可添加" RoleLocation="normal" LanguageSense="true"/>
  </pragraph>
</doc>
