<?xml version="1.0" encoding="UTF-8"?>

<doc>
  <pragraph ID="2" content="1、记者从日前在此间召开的大连市对外开放工作会议上获悉，一九九五年，大连市“三资”企业出口额达十四点四亿美元，2、占这个市出口额的一半还多。">
    <relative ID="1" Relation_Pair="1--2" Center="1" times="17" Sentence="记者从日前在此间召开的大连市对外开放工作会议上获悉，一九九五年，大连市“三资”企业出口额达十四点四亿美元，|占这个市出口额的一半还多。" position="0...52--53...65" ConnectiveType="隐式关系" Connective="" Major_relationType="评价性" RelationType="因果性-;目的性-;条件性-;虚拟性-;反转性-;顺序性-;解说性-;例证性-;评价性+;并列性+;递进性-;选择性-" ConnectivePosition="" ConnectiveAttribute="不可添加" RoleLocation="normal" LanguageSense="true"/>
  </pragraph>
  <pragraph ID="3" content="1、大连是中国常驻外商最集中的城市之一，2、目前已有外商投资企业五千二百二十六家，3、合同金额一百五十八点一亿美元，4、协议外资金额八十二点七亿美元，5、实际利用外资三十一点六亿美元。">
    <relative ID="1" Relation_Pair="1--2" Center="2" times="24" Sentence="大连是中国常驻外商最集中的城市之一，|目前已有外商投资企业五千二百二十六家，" position="0...17--18...36" ConnectiveType="隐式关系" Connective="" Major_relationType="解说性" RelationType="因果性-;目的性-;条件性-;虚拟性-;反转性-;顺序性-;解说性+;例证性-;评价性-;并列性-;递进性-;选择性-" ConnectivePosition="" ConnectiveAttribute="不可添加" RoleLocation="normal" LanguageSense="true"/>
    <relative ID="2" Relation_Pair="2--3" Center="3" times="22" Sentence="目前已有外商投资企业五千二百二十六家，|合同金额一百五十八点一亿美元，" position="18...36--37...51" ConnectiveType="隐式关系" Connective="" Major_relationType="并列性" RelationType="因果性-;目的性-;条件性-;虚拟性-;反转性-;顺序性-;解说性-;例证性-;评价性-;并列性+;递进性-;选择性-" ConnectivePosition="" ConnectiveAttribute="不可添加" RoleLocation="normal" LanguageSense="true"/>
    <relative ID="3" Relation_Pair="3--4" Center="3" times="9" Sentence="合同金额一百五十八点一亿美元，|协议外资金额八十二点七亿美元，" position="37...51--52...66" ConnectiveType="隐式关系" Connective="" Major_relationType="并列性" RelationType="因果性-;目的性-;条件性-;虚拟性-;反转性-;顺序性-;解说性-;例证性-;评价性-;并列性+;递进性-;选择性-" ConnectivePosition="" ConnectiveAttribute="不可添加" RoleLocation="normal" LanguageSense="true"/>
    <relative ID="4" Relation_Pair="4--5" Center="3" times="7" Sentence="协议外资金额八十二点七亿美元，|实际利用外资三十一点六亿美元。" position="52...66--67...81" ConnectiveType="隐式关系" Connective="" Major_relationType="并列性" RelationType="因果性-;目的性-;条件性-;虚拟性-;反转性-;顺序性-;解说性-;例证性-;评价性-;并列性+;递进性-;选择性-" ConnectivePosition="" ConnectiveAttribute="不可添加" RoleLocation="normal" LanguageSense="true"/>
  </pragraph>
  <pragraph ID="4" content="1、据介绍，大连市去年外贸出口在种种不利条件下仍保持了持续增长的势头，2、全年出口额达二十五点二四亿美元，3、比前年增长了两成半以上，4、高于大连市国内生产总值增长幅度，5、也高于全国外贸出口的平均增长水平，在中国各城市出口排名中列第七位。6、这其中，三资企业出口的稳步增长起到了主力军的作用。">
    <relative ID="1" Relation_Pair="1--2" Center="2" times="42" Sentence="据介绍，大连市去年外贸出口在种种不利条件下仍保持了持续增长的势头，|全年出口额达二十五点二四亿美元，" position="0...32--33...48" ConnectiveType="隐式关系" Connective="" Major_relationType="解说性" RelationType="因果性-;目的性-;条件性-;虚拟性-;反转性-;顺序性-;解说性+;例证性-;评价性-;并列性-;递进性-;选择性-" ConnectivePosition="" ConnectiveAttribute="不可添加" RoleLocation="normal" LanguageSense="true"/>
    <relative ID="2" Relation_Pair="2--3" Center="1" times="15" Sentence="全年出口额达二十五点二四亿美元，|比前年增长了两成半以上，" position="33...48--49...60" ConnectiveType="隐式关系" Connective="" Major_relationType="评价性" RelationType="因果性-;目的性-;条件性-;虚拟性-;反转性-;顺序性-;解说性-;例证性-;评价性+;并列性+;递进性-;选择性-" ConnectivePosition="" ConnectiveAttribute="不可添加" RoleLocation="normal" LanguageSense="true"/>
    <relative ID="3" Relation_Pair="2--4" Center="1" times="27" Sentence="全年出口额达二十五点二四亿美元，|高于大连市国内生产总值增长幅度，" position="33...48--61...76" ConnectiveType="显式关系" Connective="高于" Major_relationType="评价性" RelationType="因果性-;目的性-;条件性-;虚拟性-;反转性-;顺序性-;解说性+;例证性-;评价性+;并列性-;递进性-;选择性-" ConnectivePosition="64…66" ConnectiveAttribute="不可删除" RoleLocation="normal" LanguageSense="true"/>
    <relative ID="4" Relation_Pair="2--5" Center="1" times="15" Sentence="全年出口额达二十五点二四亿美元，|也高于全国外贸出口的平均增长水平，在中国各城市出口排名中列第七位。" position="33...48--77...109" ConnectiveType="显式关系" Connective="也高于" Major_relationType="评价性" RelationType="因果性-;目的性-;条件性-;虚拟性-;反转性-;顺序性-;解说性+;例证性-;评价性+;并列性-;递进性-;选择性-" ConnectivePosition="81…84" ConnectiveAttribute="不可删除" RoleLocation="normal" LanguageSense="true"/>
    <relative ID="5" Relation_Pair="2--6" Center="2" times="28" Sentence="全年出口额达二十五点二四亿美元，|这其中，三资企业出口的稳步增长起到了主力军的作用。" position="33...48--110...134" ConnectiveType="显式关系" Connective="其中" Major_relationType="解说性" RelationType="因果性-;目的性-;条件性-;虚拟性-;反转性-;顺序性-;解说性+;例证性-;评价性+;并列性-;递进性-;选择性-" ConnectivePosition="116…118" ConnectiveAttribute="不可删除" RoleLocation="normal" LanguageSense="true"/>
  </pragraph>
  <pragraph ID="5" content="1、去年，三资企业出口比前年同期增长了百分之十五点七，2、达十四点四亿美元。3、佳能大连办公室设备有限公司、万宝至马达大连有限公司出口额均超过一亿美元，4、东芝大连有限公司、大连斯大精密有限公司和欧姆龙大连有限公司出口额也达到六千万美元以上。">
    <relative ID="1" Relation_Pair="1--2" Center="2" times="20" Sentence="去年，三资企业出口比前年同期增长了百分之十五点七，|达十四点四亿美元。" position="0...24--25...33" ConnectiveType="隐式关系" Connective="" Major_relationType="并列性" RelationType="因果性-;目的性-;条件性-;虚拟性-;反转性-;顺序性-;解说性-;例证性-;评价性+;并列性+;递进性-;选择性-" ConnectivePosition="" ConnectiveAttribute="不可添加" RoleLocation="normal" LanguageSense="true"/>
    <relative ID="2" Relation_Pair="2--3" Center="1" times="39" Sentence="达十四点四亿美元。|佳能大连办公室设备有限公司、万宝至马达大连有限公司出口额均超过一亿美元，" position="25...33--34...69" ConnectiveType="隐式关系" Connective="" Major_relationType="例证性" RelationType="因果性-;目的性-;条件性-;虚拟性-;反转性-;顺序性-;解说性+;例证性+;评价性-;并列性-;递进性-;选择性-" ConnectivePosition="" ConnectiveAttribute="不可添加" RoleLocation="normal" LanguageSense="true"/>
    <relative ID="3" Relation_Pair="2--4" Center="1" times="8" Sentence="达十四点四亿美元。|东芝大连有限公司、大连斯大精密有限公司和欧姆龙大连有限公司出口额也达到六千万美元以上。" position="25...33--70...112" ConnectiveType="隐式关系" Connective="" Major_relationType="例证性" RelationType="因果性-;目的性-;条件性-;虚拟性-;反转性-;顺序性-;解说性-;例证性+;评价性-;并列性+;递进性-;选择性-" ConnectivePosition="" ConnectiveAttribute="不可添加" RoleLocation="normal" LanguageSense="true"/>
  </pragraph>
  <pragraph ID="6" content="1、这些三资企业以其出口商品技术密集、质量先进提高了大连出口商品的档次，2、使大连市出口商品结构向精加工制成品方向优化。3、目前，大连市出口商品结构中，初级产品只占据不到三成，4、而工业制成品比重达七成以上。5、其中，机电产品大幅增长，6、占出口总额的四成多。">
    <relative ID="1" Relation_Pair="1--2" Center="2" times="21" Sentence="这些三资企业以其出口商品技术密集、质量先进提高了大连出口商品的档次，|使大连市出口商品结构向精加工制成品方向优化。" position="0...33--34...55" ConnectiveType="显式关系" Connective="使" Major_relationType="因果性" RelationType="因果性+;目的性-;条件性+;虚拟性-;反转性-;顺序性-;解说性+;例证性-;评价性-;并列性-;递进性-;选择性-" ConnectivePosition="35…36" ConnectiveAttribute="不可删除" RoleLocation="normal" LanguageSense="true"/>
    <relative ID="2" Relation_Pair="3--4" Center="2" times="21" Sentence="目前，大连市出口商品结构中，初级产品只占据不到三成，|而工业制成品比重达七成以上。" position="56...81--82...95" ConnectiveType="显式关系" Connective="而" Major_relationType="反转性" RelationType="因果性-;目的性-;条件性-;虚拟性-;反转性+;顺序性-;解说性-;例证性-;评价性-;并列性+;递进性-;选择性-" ConnectivePosition="85…86" ConnectiveAttribute="不可删除" RoleLocation="normal" LanguageSense="true"/>
    <relative ID="3" Relation_Pair="5--6" Center="1" times="13" Sentence="其中，机电产品大幅增长，|占出口总额的四成多。" position="96...107--108...117" ConnectiveType="隐式关系" Connective="" Major_relationType="评价性" RelationType="因果性-;目的性-;条件性-;虚拟性-;反转性-;顺序性-;解说性-;例证性-;评价性+;并列性+;递进性-;选择性-" ConnectivePosition="" ConnectiveAttribute="不可添加" RoleLocation="normal" LanguageSense="true"/>
    <relative ID="4" Relation_Pair="4--5" Center="1" times="17" Sentence="而工业制成品比重达七成以上。|其中，机电产品大幅增长，" position="82...95--96...107" ConnectiveType="显式关系" Connective="其中" Major_relationType="例证性" RelationType="因果性-;目的性-;条件性-;虚拟性-;反转性-;顺序性-;解说性-;例证性+;评价性-;并列性-;递进性-;选择性-" ConnectivePosition="100…102" ConnectiveAttribute="不可删除" RoleLocation="normal" LanguageSense="true"/>
    <relative ID="5" Relation_Pair="2--4" Center="1" times="23" Sentence="使大连市出口商品结构向精加工制成品方向优化。|而工业制成品比重达七成以上。" position="34...55--82...95" ConnectiveType="隐式关系" Connective="" Major_relationType="解说性" RelationType="因果性-;目的性-;条件性-;虚拟性-;反转性-;顺序性-;解说性+;例证性-;评价性-;并列性-;递进性-;选择性-" ConnectivePosition="" ConnectiveAttribute="不可添加" RoleLocation="normal" LanguageSense="true"/>
  </pragraph>
  <pragraph ID="7" content="1、统计资料表明，去年，大连对韩出口已达一亿多美元。2、越来越多的韩国企业正在看好大连，3、韩国对大连投资已连续三年保持持续增长，4、去年，大连批准的韩国投资企业达一百六十六家，5、协议外资金额达三点二亿美元，6、分别比前年增长了三成多和一倍半。">
    <relative ID="1" Relation_Pair="1--2" Center="2" times="12" Sentence="统计资料表明，去年，大连对韩出口已达一亿多美元。|越来越多的韩国企业正在看好大连，" position="0...23--24...39" ConnectiveType="隐式关系" Connective="" Major_relationType="因果性" RelationType="因果性+;目的性-;条件性-;虚拟性-;反转性-;顺序性-;解说性-;例证性-;评价性+;并列性-;递进性-;选择性-" ConnectivePosition="" ConnectiveAttribute="不可添加" RoleLocation="normal" LanguageSense="true"/>
    <relative ID="2" Relation_Pair="2--3" Center="2" times="12" Sentence="越来越多的韩国企业正在看好大连，|韩国对大连投资已连续三年保持持续增长，" position="24...39--40...58" ConnectiveType="隐式关系" Connective="" Major_relationType="因果性" RelationType="因果性+;目的性-;条件性-;虚拟性-;反转性-;顺序性-;解说性-;例证性-;评价性+;并列性-;递进性-;选择性-" ConnectivePosition="" ConnectiveAttribute="不可添加" RoleLocation="normal" LanguageSense="true"/>
    <relative ID="3" Relation_Pair="3--4" Center="1" times="14" Sentence="韩国对大连投资已连续三年保持持续增长，|去年，大连批准的韩国投资企业达一百六十六家，" position="40...58--59...80" ConnectiveType="隐式关系" Connective="" Major_relationType="解说性" RelationType="因果性-;目的性-;条件性-;虚拟性-;反转性-;顺序性-;解说性+;例证性-;评价性-;并列性-;递进性-;选择性-" ConnectivePosition="" ConnectiveAttribute="不可添加" RoleLocation="normal" LanguageSense="true"/>
    <relative ID="4" Relation_Pair="3--5" Center="1" times="11" Sentence="韩国对大连投资已连续三年保持持续增长，|协议外资金额达三点二亿美元，" position="40...58--81...94" ConnectiveType="隐式关系" Connective="" Major_relationType="解说性" RelationType="因果性-;目的性-;条件性-;虚拟性-;反转性-;顺序性-;解说性+;例证性+;评价性-;并列性-;递进性-;选择性-" ConnectivePosition="" ConnectiveAttribute="不可添加" RoleLocation="normal" LanguageSense="true"/>
    <relative ID="5" Relation_Pair="4--6" Center="1" times="29" Sentence="去年，大连批准的韩国投资企业达一百六十六家，|分别比前年增长了三成多和一倍半。" position="59...80--95...110" ConnectiveType="显式关系" Connective="分别" Major_relationType="评价性" RelationType="因果性-;目的性-;条件性-;虚拟性-;反转性-;顺序性-;解说性-;例证性-;评价性+;并列性-;递进性-;选择性-" ConnectivePosition="100…102" ConnectiveAttribute="不可删除" RoleLocation="normal" LanguageSense="true"/>
    <relative ID="6" Relation_Pair="5--6" Center="1" times="28" Sentence="协议外资金额达三点二亿美元，|分别比前年增长了三成多和一倍半。" position="81...94--95...110" ConnectiveType="显式关系" Connective="分别" Major_relationType="评价性" RelationType="因果性-;目的性-;条件性-;虚拟性-;反转性-;顺序性-;解说性-;例证性-;评价性+;并列性-;递进性-;选择性-" ConnectivePosition="100…102" ConnectiveAttribute="不可删除" RoleLocation="normal" LanguageSense="true"/>
  </pragraph>
</doc>
