<?xml version="1.0" encoding="UTF-8"?>

<doc>
  <pragraph ID="5" content="1、自１９８８年以来，缅甸已同中国、印度和孟加拉国签订了边境贸易协定。2、据缅甸官员透露，１９９５年，缅泰两国贸易总额超过３亿美元。">
    <relative ID="1" Relation_Pair="1--2" Center="1" times="19" Sentence="自１９８８年以来，缅甸已同中国、印度和孟加拉国签订了边境贸易协定。|据缅甸官员透露，１９９５年，缅泰两国贸易总额超过３亿美元。" position="0...32--33...61" ConnectiveType="隐式关系" Connective="" Major_relationType="解说性" RelationType="因果性-;目的性-;条件性-;虚拟性-;反转性-;顺序性-;解说性+;例证性-;评价性-;并列性-;递进性-;选择性-" ConnectivePosition="" ConnectiveAttribute="不可添加" RoleLocation="normal" LanguageSense="true"/>
  </pragraph>
  <pragraph ID="6" content="1、班汉是自１９８０年下半年以来首位访问缅甸的泰国总理。2、据认为，此次访问的目的是为了改善和发展两国关系，3、加强双边经贸合作，4、扩大泰国在缅甸的投资。">
    <relative ID="1" Relation_Pair="1--2" Center="1" times="57" Sentence="班汉是自１９８０年下半年以来首位访问缅甸的泰国总理。|据认为，此次访问的目的是为了改善和发展两国关系，" position="0...25--26...49" ConnectiveType="显式关系" Connective="为了" Major_relationType="目的性" RelationType="因果性-;目的性+;条件性-;虚拟性-;反转性-;顺序性-;解说性+;例证性-;评价性-;并列性-;递进性-;选择性-" ConnectivePosition="39…41" ConnectiveAttribute="不可删除" RoleLocation="normal" LanguageSense="true"/>
    <relative ID="2" Relation_Pair="1--3" Center="1" times="15" Sentence="班汉是自１９８０年下半年以来首位访问缅甸的泰国总理。|加强双边经贸合作，" position="0...25--50...58" ConnectiveType="显式关系" Connective="为了" Major_relationType="目的性" RelationType="因果性-;目的性+;条件性-;虚拟性-;反转性-;顺序性-;解说性+;例证性-;评价性-;并列性-;递进性-;选择性-" ConnectivePosition="39…41" ConnectiveAttribute="不可删除" RoleLocation="normal" LanguageSense="true"/>
    <relative ID="3" Relation_Pair="1--4" Center="1" times="15" Sentence="班汉是自１９８０年下半年以来首位访问缅甸的泰国总理。|扩大泰国在缅甸的投资。" position="0...25--59...69" ConnectiveType="显式关系" Connective="为了" Major_relationType="目的性" RelationType="因果性-;目的性+;条件性-;虚拟性-;反转性-;顺序性-;解说性+;例证性-;评价性-;并列性-;递进性-;选择性-" ConnectivePosition="39…41" ConnectiveAttribute="不可删除" RoleLocation="normal" LanguageSense="true"/>
  </pragraph>
</doc>
