<?xml version="1.0" encoding="UTF-8"?>

<doc>
  <pragraph ID="2" content="1、美国通用电气与中国医疗器械工业公司西南医用设备厂近日签定合同，2、共同投资六百万美元，3、在成都成立合资企业。">
    <relative ID="1" Relation_Pair="1--2" Center="1" times="23" Sentence="美国通用电气与中国医疗器械工业公司西南医用设备厂近日签定合同，|共同投资六百万美元，" position="0...30--31...40" ConnectiveType="隐式关系" Connective="" Major_relationType="解说性" RelationType="因果性-;目的性-;条件性-;虚拟性-;反转性-;顺序性-;解说性+;例证性-;评价性-;并列性-;递进性-;选择性-" ConnectivePosition="" ConnectiveAttribute="不可添加" RoleLocation="normal" LanguageSense="true"/>
    <relative ID="2" Relation_Pair="1--3" Center="2" times="21" Sentence="美国通用电气与中国医疗器械工业公司西南医用设备厂近日签定合同，|在成都成立合资企业。" position="0...30--41...50" ConnectiveType="隐式关系" Connective="" Major_relationType="解说性" RelationType="因果性-;目的性-;条件性-;虚拟性-;反转性-;顺序性-;解说性+;例证性-;评价性-;并列性-;递进性-;选择性-" ConnectivePosition="" ConnectiveAttribute="不可添加" RoleLocation="normal" LanguageSense="true"/>
  </pragraph>
  <pragraph ID="3" content="1、据悉，这是通用公司在华投资成立的第十四家合资企业。2、目前，通用在华投资总额已达一亿五千万美元。">
    <relative ID="1" Relation_Pair="1--2" Center="3" times="30" Sentence="据悉，这是通用公司在华投资成立的第十四家合资企业。|目前，通用在华投资总额已达一亿五千万美元。" position="0...24--25...45" ConnectiveType="隐式关系" Connective="" Major_relationType="并列性" RelationType="因果性-;目的性-;条件性-;虚拟性-;反转性-;顺序性-;解说性+;例证性-;评价性-;并列性+;递进性-;选择性-" ConnectivePosition="" ConnectiveAttribute="不可添加" RoleLocation="normal" LanguageSense="true"/>
  </pragraph>
  <pragraph ID="4" content="1、这家名叫成都通用医疗设备（西南）有限公司的新企业将主要从事开发、生产、制造、组装销售医用诊断用Ｘ光设备，2、以及进出口贸易、咨询和技术合作等。">
    <relative ID="1" Relation_Pair="1--2" Center="3" times="15" Sentence="这家名叫成都通用医疗设备（西南）有限公司的新企业将主要从事开发、生产、制造、组装销售医用诊断用Ｘ光设备，|以及进出口贸易、咨询和技术合作等。" position="0...51--52...68" ConnectiveType="显式关系" Connective="以及" Major_relationType="并列性" RelationType="因果性-;目的性-;条件性-;虚拟性-;反转性-;顺序性-;解说性-;例证性-;评价性-;并列性+;递进性-;选择性-" ConnectivePosition="53…55" ConnectiveAttribute="不可删除" RoleLocation="normal" LanguageSense="true"/>
  </pragraph>
  <pragraph ID="5" content="1、除建立合资企业外，通用还通过飞机和集装箱租赁向中国投入十亿多美元。2、通用现在华职工超过八千名。3、另外，一九九四年，通用在中国购买了四千多万美元的产品，4、并计划在今后两年增加对中国产品的购买量。">
    <relative ID="1" Relation_Pair="1--2" Center="3" times="21" Sentence="除建立合资企业外，通用还通过飞机和集装箱租赁向中国投入十亿多美元。|通用现在华职工超过八千名。" position="0...32--33...45" ConnectiveType="隐式关系" Connective="" Major_relationType="并列性" RelationType="因果性-;目的性-;条件性-;虚拟性-;反转性-;顺序性-;解说性-;例证性-;评价性-;并列性+;递进性-;选择性-" ConnectivePosition="" ConnectiveAttribute="不可添加" RoleLocation="normal" LanguageSense="true"/>
    <relative ID="2" Relation_Pair="3--4" Center="3" times="28" Sentence="另外，一九九四年，通用在中国购买了四千多万美元的产品，|并计划在今后两年增加对中国产品的购买量。" position="46...72--73...92" ConnectiveType="显式关系" Connective="并" Major_relationType="并列性" RelationType="因果性-;目的性-;条件性-;虚拟性+;反转性-;顺序性-;解说性-;例证性-;评价性-;并列性+;递进性-;选择性-" ConnectivePosition="76…77" ConnectiveAttribute="不可删除" RoleLocation="normal" LanguageSense="true"/>
    <relative ID="3" Relation_Pair="2--3" Center="3" times="12" Sentence="通用现在华职工超过八千名。|另外，一九九四年，通用在中国购买了四千多万美元的产品，" position="33...45--46...72" ConnectiveType="显式关系" Connective="另外" Major_relationType="并列性" RelationType="因果性-;目的性-;条件性-;虚拟性-;反转性-;顺序性-;解说性-;例证性-;评价性-;并列性+;递进性-;选择性-" ConnectivePosition="48…50" ConnectiveAttribute="不可删除" RoleLocation="normal" LanguageSense="true"/>
  </pragraph>
</doc>
