<?xml version="1.0" encoding="UTF-8"?>

<doc>
  <pragraph ID="2" content="1、中国工业大省辽宁今年年初进出口贸易全面增长。2、今年前两个月，进出口贸易总额达十二点四亿美元，3、比去年同期增长百分之六。">
    <relative ID="1" Relation_Pair="1--2" Center="1" times="36" Sentence="中国工业大省辽宁今年年初进出口贸易全面增长。|今年前两个月，进出口贸易总额达十二点四亿美元，" position="0...21--22...44" ConnectiveType="隐式关系" Connective="" Major_relationType="解说性" RelationType="因果性-;目的性-;条件性-;虚拟性-;反转性-;顺序性-;解说性+;例证性-;评价性-;并列性-;递进性-;选择性-" ConnectivePosition="" ConnectiveAttribute="不可添加" RoleLocation="normal" LanguageSense="true"/>
    <relative ID="2" Relation_Pair="2--3" Center="1" times="11" Sentence="今年前两个月，进出口贸易总额达十二点四亿美元，|比去年同期增长百分之六。" position="22...44--45...56" ConnectiveType="隐式关系" Connective="" Major_relationType="评价性" RelationType="因果性-;目的性-;条件性-;虚拟性-;反转性-;顺序性-;解说性-;例证性-;评价性+;并列性+;递进性-;选择性-" ConnectivePosition="" ConnectiveAttribute="不可添加" RoleLocation="normal" LanguageSense="true"/>
  </pragraph>
  <pragraph ID="3" content="1、据统计，今年一至二月份，辽宁出口总额完成十亿美元，2、比去年同期增长百分之四点七，3、其中，以工业制成品为主的地方产品出口额为七点八亿美元。">
    <relative ID="1" Relation_Pair="1--2" Center="1" times="17" Sentence="据统计，今年一至二月份，辽宁出口总额完成十亿美元，|比去年同期增长百分之四点七，" position="0...24--25...38" ConnectiveType="隐式关系" Connective="" Major_relationType="评价性" RelationType="因果性-;目的性-;条件性-;虚拟性-;反转性-;顺序性-;解说性-;例证性-;评价性+;并列性+;递进性-;选择性-" ConnectivePosition="" ConnectiveAttribute="不可添加" RoleLocation="normal" LanguageSense="true"/>
    <relative ID="2" Relation_Pair="1--3" Center="1" times="18" Sentence="据统计，今年一至二月份，辽宁出口总额完成十亿美元，|其中，以工业制成品为主的地方产品出口额为七点八亿美元。" position="0...24--39...65" ConnectiveType="显式关系" Connective="其中" Major_relationType="例证性" RelationType="因果性-;目的性-;条件性-;虚拟性-;反转性-;顺序性-;解说性-;例证性+;评价性-;并列性-;递进性-;选择性-" ConnectivePosition="41…43" ConnectiveAttribute="不可删除" RoleLocation="normal" LanguageSense="true"/>
  </pragraph>
  <pragraph ID="4" content="1、辽宁省的三资企业外贸出口比重开始加大，2、一至二月份，全省三资企业出口额达二点六亿美元，3、比去年同期增长一倍，4、占全省外贸出口总额的比重比去年同期提高十二个百分点。">
    <relative ID="1" Relation_Pair="1--2" Center="1" times="17" Sentence="辽宁省的三资企业外贸出口比重开始加大，|一至二月份，全省三资企业出口额达二点六亿美元，" position="0...18--19...41" ConnectiveType="隐式关系" Connective="" Major_relationType="解说性" RelationType="因果性-;目的性-;条件性-;虚拟性-;反转性-;顺序性-;解说性+;例证性-;评价性-;并列性-;递进性-;选择性-" ConnectivePosition="" ConnectiveAttribute="不可添加" RoleLocation="normal" LanguageSense="true"/>
    <relative ID="2" Relation_Pair="2--3" Center="1" times="13" Sentence="一至二月份，全省三资企业出口额达二点六亿美元，|比去年同期增长一倍，" position="19...41--42...51" ConnectiveType="隐式关系" Connective="" Major_relationType="评价性" RelationType="因果性-;目的性-;条件性-;虚拟性-;反转性-;顺序性-;解说性-;例证性-;评价性+;并列性+;递进性-;选择性-" ConnectivePosition="" ConnectiveAttribute="不可添加" RoleLocation="normal" LanguageSense="true"/>
    <relative ID="3" Relation_Pair="2--4" Center="1" times="10" Sentence="一至二月份，全省三资企业出口额达二点六亿美元，|占全省外贸出口总额的比重比去年同期提高十二个百分点。" position="19...41--52...77" ConnectiveType="隐式关系" Connective="" Major_relationType="评价性" RelationType="因果性-;目的性-;条件性-;虚拟性-;反转性-;顺序性-;解说性-;例证性-;评价性+;并列性+;递进性-;选择性-" ConnectivePosition="" ConnectiveAttribute="不可添加" RoleLocation="normal" LanguageSense="true"/>
  </pragraph>
  <pragraph ID="5" content="1、目前，辽宁省拥有省、市、县各类外贸进出口公司一百多家，2、有进出口经营权的大中型生产企业二百多家，3、有经营进出口业务的外商投资企业一千五百多家。4、去年全年共完成进出口总额一百零九点九亿美元。">
    <relative ID="1" Relation_Pair="1--2" Center="3" times="14" Sentence="目前，辽宁省拥有省、市、县各类外贸进出口公司一百多家，|有进出口经营权的大中型生产企业二百多家，" position="0...26--27...46" ConnectiveType="隐式关系" Connective="" Major_relationType="并列性" RelationType="因果性-;目的性-;条件性-;虚拟性-;反转性-;顺序性-;解说性-;例证性-;评价性-;并列性+;递进性-;选择性-" ConnectivePosition="" ConnectiveAttribute="不可添加" RoleLocation="normal" LanguageSense="true"/>
    <relative ID="2" Relation_Pair="2--3" Center="3" times="10" Sentence="有进出口经营权的大中型生产企业二百多家，|有经营进出口业务的外商投资企业一千五百多家。" position="27...46--47...68" ConnectiveType="隐式关系" Connective="" Major_relationType="并列性" RelationType="因果性-;目的性-;条件性-;虚拟性-;反转性-;顺序性-;解说性-;例证性-;评价性-;并列性+;递进性-;选择性-" ConnectivePosition="" ConnectiveAttribute="不可添加" RoleLocation="normal" LanguageSense="true"/>
    <relative ID="3" Relation_Pair="3--4" Center="1" times="8" Sentence="有经营进出口业务的外商投资企业一千五百多家。|去年全年共完成进出口总额一百零九点九亿美元。" position="47...68--69...90" ConnectiveType="隐式关系" Connective="" Major_relationType="解说性" RelationType="因果性-;目的性-;条件性-;虚拟性-;反转性-;顺序性-;解说性+;例证性-;评价性-;并列性-;递进性-;选择性-" ConnectivePosition="" ConnectiveAttribute="不可添加" RoleLocation="normal" LanguageSense="true"/>
  </pragraph>
</doc>
