<?xml version="1.0" encoding="UTF-8"?>

<doc>
  <pragraph ID="3" content="1、据了解，新建的五家保险公司，三家是全国性的，2、两家是地区性的。3、泰康人寿保险股份有限公司筹备处负责人陈东升称，这家公司将按照现代企业制度建立，4、由中国国际旅行社、中国对外贸易运输总公司等发起，募集五亿元人民币企业法人股本。">
    <relative ID="1" Relation_Pair="1--2" Center="3" times="15" Sentence="据了解，新建的五家保险公司，三家是全国性的，|两家是地区性的。" position="0...21--22...29" ConnectiveType="隐式关系" Connective="" Major_relationType="并列性" RelationType="因果性-;目的性-;条件性-;虚拟性-;反转性-;顺序性-;解说性+;例证性-;评价性-;并列性+;递进性-;选择性-" ConnectivePosition="" ConnectiveAttribute="不可添加" RoleLocation="normal" LanguageSense="true"/>
    <relative ID="2" Relation_Pair="1--3" Center="1" times="29" Sentence="据了解，新建的五家保险公司，三家是全国性的，|泰康人寿保险股份有限公司筹备处负责人陈东升称，这家公司将按照现代企业制度建立，" position="0...21--30...68" ConnectiveType="隐式关系" Connective="" Major_relationType="解说性" RelationType="因果性-;目的性-;条件性-;虚拟性-;反转性-;顺序性-;解说性+;例证性-;评价性-;并列性-;递进性-;选择性-" ConnectivePosition="" ConnectiveAttribute="不可添加" RoleLocation="normal" LanguageSense="true"/>
    <relative ID="3" Relation_Pair="3--4" Center="1" times="19" Sentence="泰康人寿保险股份有限公司筹备处负责人陈东升称，这家公司将按照现代企业制度建立，|由中国国际旅行社、中国对外贸易运输总公司等发起，募集五亿元人民币企业法人股本。" position="30...68--69...107" ConnectiveType="隐式关系" Connective="" Major_relationType="解说性" RelationType="因果性-;目的性-;条件性-;虚拟性-;反转性-;顺序性-;解说性+;例证性-;评价性-;并列性-;递进性-;选择性-" ConnectivePosition="" ConnectiveAttribute="不可添加" RoleLocation="normal" LanguageSense="true"/>
  </pragraph>
  <pragraph ID="4" content="1、中国现有保险公司二十六家，2、境外保险公司在中国设立办事机构的有一百多家。3、保险界人士表示，随着中国保险市场的逐步对外开放，迅速发展民族保险事业十分重要。4、这次批准建立的五家保险公司，5、可以说是由此推出的一大举措。">
    <relative ID="1" Relation_Pair="1--2" Center="3" times="14" Sentence="中国现有保险公司二十六家，|境外保险公司在中国设立办事机构的有一百多家。" position="0...12--13...34" ConnectiveType="隐式关系" Connective="" Major_relationType="并列性" RelationType="因果性-;目的性-;条件性-;虚拟性-;反转性-;顺序性-;解说性-;例证性-;评价性-;并列性+;递进性-;选择性-" ConnectivePosition="" ConnectiveAttribute="不可添加" RoleLocation="normal" LanguageSense="true"/>
    <relative ID="2" Relation_Pair="1--3" Center="1" times="19" Sentence="中国现有保险公司二十六家，|保险界人士表示，随着中国保险市场的逐步对外开放，迅速发展民族保险事业十分重要。" position="0...12--35...73" ConnectiveType="隐式关系" Connective="" Major_relationType="评价性" RelationType="因果性-;目的性-;条件性-;虚拟性-;反转性-;顺序性-;解说性-;例证性-;评价性+;并列性-;递进性-;选择性-" ConnectivePosition="" ConnectiveAttribute="不可添加" RoleLocation="normal" LanguageSense="true"/>
    <relative ID="3" Relation_Pair="1--4" Center="1" times="10" Sentence="中国现有保险公司二十六家，|这次批准建立的五家保险公司，" position="0...12--74...87" ConnectiveType="隐式关系" Connective="" Major_relationType="解说性" RelationType="因果性-;目的性-;条件性-;虚拟性-;反转性-;顺序性-;解说性+;例证性-;评价性-;并列性-;递进性-;选择性-" ConnectivePosition="" ConnectiveAttribute="不可添加" RoleLocation="normal" LanguageSense="true"/>
    <relative ID="4" Relation_Pair="4--5" Center="1" times="20" Sentence="这次批准建立的五家保险公司，|可以说是由此推出的一大举措。" position="74...87--88...101" ConnectiveType="隐式关系" Connective="" Major_relationType="评价性" RelationType="因果性-;目的性-;条件性-;虚拟性-;反转性-;顺序性-;解说性-;例证性-;评价性+;并列性-;递进性-;选择性-" ConnectivePosition="" ConnectiveAttribute="不可添加" RoleLocation="normal" LanguageSense="true"/>
  </pragraph>
</doc>
