<?xml version="1.0" encoding="UTF-8"?>

<doc>
  <pragraph ID="2" content="1、今天，由中国贸易促进会广东分会与香港中华总商会联合主办的“九六税改及进口原料台帐制执行实务研讨会”在广州举行，2、向港澳及内地客商介绍今年国家将实行的外经贸三大政策调整。">
    <relative ID="1" Relation_Pair="1--2" Center="2" times="17" Sentence="今天，由中国贸易促进会广东分会与香港中华总商会联合主办的“九六税改及进口原料台帐制执行实务研讨会”在广州举行，|向港澳及内地客商介绍今年国家将实行的外经贸三大政策调整。" position="0...54--55...82" ConnectiveType="隐式关系" Connective="" Major_relationType="目的性" RelationType="因果性-;目的性+;条件性-;虚拟性-;反转性-;顺序性+;解说性+;例证性-;评价性-;并列性-;递进性-;选择性-" ConnectivePosition="" ConnectiveAttribute="不可添加" RoleLocation="normal" LanguageSense="true"/>
  </pragraph>
  <pragraph ID="3" content="1、今年国家实行外经贸三大政策调整包括调低出口退税率、对加工贸易进口料件实行银行保证金台帐制度和取消进口设备免税优惠。2、其中，将于今年七月在全国实施的加工贸易保证金台帐制度成为港澳客商的关注焦点。">
    <relative ID="1" Relation_Pair="1--2" Center="3" times="27" Sentence="今年国家实行外经贸三大政策调整包括调低出口退税率、对加工贸易进口料件实行银行保证金台帐制度和取消进口设备免税优惠。|其中，将于今年七月在全国实施的加工贸易保证金台帐制度成为港澳客商的关注焦点。" position="0...56--57...94" ConnectiveType="显式关系" Connective="其中" Major_relationType="解说性" RelationType="因果性-;目的性-;条件性-;虚拟性-;反转性-;顺序性-;解说性+;例证性-;评价性-;并列性+;递进性-;选择性-" ConnectivePosition="58…60" ConnectiveAttribute="不可删除" RoleLocation="normal" LanguageSense="true"/>
  </pragraph>
  <pragraph ID="4" content="1、据介绍，近年来广东省对外经贸迅速发展，2、而包括来料加工、进料加工和外商投资企业从事的加工贸易占了相当大的份额。3、去年广东省整个加工贸易出口值达四百多亿美元，4、约占全省出口总值的百分之八十。5、其中一般贸易的一半、来料加工的百分之百和外商投资企业的百分之八十以上属加工贸易出口。6、目前全省从事加工贸易人数五百多万，7、仅“三来一补”的企业就达三万多家，8、从业人员二百多万。9、近几年台湾厂商也在广东设立七千多家加工企业。10、加工贸易在广东外经贸发展中占有举足轻重的地位，11、同时也是粤港澳台经贸合作的重要内容。">
    <relative ID="1" Relation_Pair="1--2" Center="2" times="47" Sentence="据介绍，近年来广东省对外经贸迅速发展，|而包括来料加工、进料加工和外商投资企业从事的加工贸易占了相当大的份额。" position="0...18--19...53" ConnectiveType="显式关系" Connective="而包括" Major_relationType="解说性" RelationType="因果性-;目的性-;条件性-;虚拟性-;反转性+;顺序性-;解说性+;例证性-;评价性-;并列性-;递进性-;选择性-" ConnectivePosition="20…23" ConnectiveAttribute="不可删除" RoleLocation="normal" LanguageSense="true"/>
    <relative ID="2" Relation_Pair="3--4" Center="1" times="19" Sentence="去年广东省整个加工贸易出口值达四百多亿美元，|约占全省出口总值的百分之八十。" position="54...75--76...90" ConnectiveType="隐式关系" Connective="" Major_relationType="评价性" RelationType="因果性-;目的性-;条件性-;虚拟性-;反转性-;顺序性-;解说性-;例证性-;评价性+;并列性+;递进性-;选择性-" ConnectivePosition="" ConnectiveAttribute="不可添加" RoleLocation="normal" LanguageSense="true"/>
    <relative ID="3" Relation_Pair="2--3" Center="1" times="17" Sentence="而包括来料加工、进料加工和外商投资企业从事的加工贸易占了相当大的份额。|去年广东省整个加工贸易出口值达四百多亿美元，" position="19...53--54...75" ConnectiveType="隐式关系" Connective="" Major_relationType="解说性" RelationType="因果性-;目的性-;条件性-;虚拟性-;反转性-;顺序性-;解说性+;例证性+;评价性-;并列性-;递进性-;选择性-" ConnectivePosition="" ConnectiveAttribute="不可添加" RoleLocation="normal" LanguageSense="true"/>
    <relative ID="4" Relation_Pair="3--5" Center="1" times="34" Sentence="去年广东省整个加工贸易出口值达四百多亿美元，|其中一般贸易的一半、来料加工的百分之百和外商投资企业的百分之八十以上属加工贸易出口。" position="54...75--91...132" ConnectiveType="显式关系" Connective="其中" Major_relationType="解说性" RelationType="因果性-;目的性-;条件性-;虚拟性-;反转性-;顺序性-;解说性+;例证性-;评价性-;并列性-;递进性-;选择性-" ConnectivePosition="95…97" ConnectiveAttribute="不可删除" RoleLocation="normal" LanguageSense="true"/>
    <relative ID="5" Relation_Pair="6--7" Center="3" times="31" Sentence="目前全省从事加工贸易人数五百多万，|仅“三来一补”的企业就达三万多家，" position="133...149--150...166" ConnectiveType="隐式关系" Connective="" Major_relationType="并列性" RelationType="因果性-;目的性-;条件性-;虚拟性-;反转性-;顺序性-;解说性-;例证性-;评价性-;并列性+;递进性-;选择性-" ConnectivePosition="" ConnectiveAttribute="不可添加" RoleLocation="normal" LanguageSense="true"/>
    <relative ID="6" Relation_Pair="7--8" Center="3" times="12" Sentence="仅“三来一补”的企业就达三万多家，|从业人员二百多万。" position="150...166--167...175" ConnectiveType="隐式关系" Connective="" Major_relationType="并列性" RelationType="因果性-;目的性-;条件性-;虚拟性-;反转性-;顺序性-;解说性-;例证性-;评价性-;并列性+;递进性-;选择性-" ConnectivePosition="" ConnectiveAttribute="不可添加" RoleLocation="normal" LanguageSense="true"/>
    <relative ID="7" Relation_Pair="6--9" Center="3" times="31" Sentence="目前全省从事加工贸易人数五百多万，|近几年台湾厂商也在广东设立七千多家加工企业。" position="133...149--176...197" ConnectiveType="隐式关系" Connective="" Major_relationType="并列性" RelationType="因果性-;目的性-;条件性-;虚拟性-;反转性-;顺序性-;解说性-;例证性-;评价性-;并列性+;递进性-;选择性-" ConnectivePosition="" ConnectiveAttribute="不可添加" RoleLocation="normal" LanguageSense="true"/>
    <relative ID="8" Relation_Pair="2--6" Center="1" times="19" Sentence="而包括来料加工、进料加工和外商投资企业从事的加工贸易占了相当大的份额。|目前全省从事加工贸易人数五百多万，" position="19...53--133...149" ConnectiveType="隐式关系" Connective="" Major_relationType="解说性" RelationType="因果性-;目的性-;条件性-;虚拟性-;反转性-;顺序性-;解说性+;例证性-;评价性-;并列性+;递进性-;选择性-" ConnectivePosition="" ConnectiveAttribute="不可添加" RoleLocation="normal" LanguageSense="true"/>
    <relative ID="9" Relation_Pair="2--10" Center="1" times="19" Sentence="而包括来料加工、进料加工和外商投资企业从事的加工贸易占了相当大的份额。|加工贸易在广东外经贸发展中占有举足轻重的地位，" position="19...53--198...220" ConnectiveType="隐式关系" Connective="" Major_relationType="评价性" RelationType="因果性-;目的性-;条件性-;虚拟性-;反转性-;顺序性-;解说性+;例证性-;评价性+;并列性-;递进性-;选择性-" ConnectivePosition="" ConnectiveAttribute="不可添加" RoleLocation="normal" LanguageSense="true"/>
    <relative ID="10" Relation_Pair="10--11" Center="1" times="30" Sentence="加工贸易在广东外经贸发展中占有举足轻重的地位，|同时也是粤港澳台经贸合作的重要内容。" position="198...220--221...238" ConnectiveType="显式关系" Connective="同时也" Major_relationType="并列性" RelationType="因果性-;目的性-;条件性-;虚拟性-;反转性-;顺序性-;解说性+;例证性-;评价性-;并列性+;递进性-;选择性-" ConnectivePosition="231…234" ConnectiveAttribute="不可删除" RoleLocation="normal" LanguageSense="true"/>
  </pragraph>
  <pragraph ID="5" content="1、广东省外经贸委有关负责人指出，实行加工贸易台帐制度是为了完善对加工贸易的监管，2、堵塞管理漏洞，3、防止国家税收流失，4、促进加工贸易的健康发展。5、实行保证金台帐制度后，海关对正常开展加工贸易的企业不再征收与进口料件税款等值的风险保证金，6、只是在银行设立台帐时收取一百元的手续费，7、因而将减轻企业的实际经济负担。">
    <relative ID="1" Relation_Pair="1--4" Center="2" times="66" Sentence="广东省外经贸委有关负责人指出，实行加工贸易台帐制度是为了完善对加工贸易的监管，|促进加工贸易的健康发展。" position="0...38--55...66" ConnectiveType="隐式关系" Connective="" Major_relationType="目的性" RelationType="因果性-;目的性+;条件性-;虚拟性-;反转性-;顺序性-;解说性-;例证性-;评价性-;并列性+;递进性-;选择性-" ConnectivePosition="" ConnectiveAttribute="不可添加" RoleLocation="normal" LanguageSense="true"/>
    <relative ID="2" Relation_Pair="2--4" Center="2" times="15" Sentence="堵塞管理漏洞，|促进加工贸易的健康发展。" position="39...45--55...66" ConnectiveType="隐式关系" Connective="" Major_relationType="目的性" RelationType="因果性-;目的性+;条件性-;虚拟性-;反转性-;顺序性-;解说性-;例证性-;评价性-;并列性+;递进性-;选择性-" ConnectivePosition="" ConnectiveAttribute="不可添加" RoleLocation="normal" LanguageSense="true"/>
    <relative ID="3" Relation_Pair="3--4" Center="2" times="8" Sentence="防止国家税收流失，|促进加工贸易的健康发展。" position="46...54--55...66" ConnectiveType="隐式关系" Connective="" Major_relationType="目的性" RelationType="因果性-;目的性+;条件性-;虚拟性-;反转性-;顺序性-;解说性-;例证性-;评价性-;并列性+;递进性-;选择性-" ConnectivePosition="" ConnectiveAttribute="不可添加" RoleLocation="normal" LanguageSense="true"/>
    <relative ID="4" Relation_Pair="5--6" Center="2" times="23" Sentence="实行保证金台帐制度后，海关对正常开展加工贸易的企业不再征收与进口料件税款等值的风险保证金，|只是在银行设立台帐时收取一百元的手续费，" position="67...111--112...131" ConnectiveType="隐式关系" Connective="" Major_relationType="反转性" RelationType="因果性-;目的性-;条件性-;虚拟性-;反转性+;顺序性-;解说性-;例证性-;评价性-;并列性+;递进性-;选择性-" ConnectivePosition="" ConnectiveAttribute="不可添加" RoleLocation="normal" LanguageSense="true"/>
    <relative ID="5" Relation_Pair="6--7" Center="1" times="31" Sentence="只是在银行设立台帐时收取一百元的手续费，|因而将减轻企业的实际经济负担。" position="112...131--132...146" ConnectiveType="显式关系" Connective="因而" Major_relationType="因果性" RelationType="因果性+;目的性+;条件性-;虚拟性-;反转性-;顺序性+;解说性-;例证性-;评价性-;并列性-;递进性-;选择性-" ConnectivePosition="138…140" ConnectiveAttribute="不可删除" RoleLocation="normal" LanguageSense="true"/>
    <relative ID="6" Relation_Pair="4--6" Center="1" times="37" Sentence="促进加工贸易的健康发展。|只是在银行设立台帐时收取一百元的手续费，" position="55...66--112...131" ConnectiveType="隐式关系" Connective="" Major_relationType="解说性" RelationType="因果性-;目的性-;条件性-;虚拟性-;反转性-;顺序性-;解说性+;例证性-;评价性-;并列性-;递进性-;选择性-" ConnectivePosition="" ConnectiveAttribute="不可添加" RoleLocation="normal" LanguageSense="true"/>
  </pragraph>
  <pragraph ID="6" content="1、据悉，在加工贸易台帐制度试点城市东莞市，去年十一月二十七日到今年三月十五日东莞地区海关共接受企业合同备案八千四百多份，2、比试点前略有上升，3、企业反应良好，4、普遍表示接受。">
    <relative ID="1" Relation_Pair="1--2" Center="1" times="33" Sentence="据悉，在加工贸易台帐制度试点城市东莞市，去年十一月二十七日到今年三月十五日东莞地区海关共接受企业合同备案八千四百多份，|比试点前略有上升，" position="0...58--59...67" ConnectiveType="隐式关系" Connective="" Major_relationType="评价性" RelationType="因果性-;目的性-;条件性-;虚拟性-;反转性-;顺序性-;解说性-;例证性-;评价性+;并列性+;递进性-;选择性-" ConnectivePosition="" ConnectiveAttribute="不可添加" RoleLocation="normal" LanguageSense="true"/>
    <relative ID="2" Relation_Pair="1--3" Center="1" times="18" Sentence="据悉，在加工贸易台帐制度试点城市东莞市，去年十一月二十七日到今年三月十五日东莞地区海关共接受企业合同备案八千四百多份，|企业反应良好，" position="0...58--68...74" ConnectiveType="隐式关系" Connective="" Major_relationType="因果性" RelationType="因果性+;目的性-;条件性-;虚拟性-;反转性-;顺序性-;解说性-;例证性-;评价性+;并列性-;递进性-;选择性-" ConnectivePosition="" ConnectiveAttribute="不可添加" RoleLocation="normal" LanguageSense="true"/>
    <relative ID="3" Relation_Pair="3--4" Center="1" times="19" Sentence="企业反应良好，|普遍表示接受。" position="68...74--75...81" ConnectiveType="隐式关系" Connective="" Major_relationType="评价性" RelationType="因果性+;目的性-;条件性-;虚拟性-;反转性-;顺序性+;解说性-;例证性-;评价性+;并列性-;递进性-;选择性-" ConnectivePosition="" ConnectiveAttribute="不可添加" RoleLocation="normal" LanguageSense="true"/>
  </pragraph>
</doc>
