<?xml version="1.0" encoding="UTF-8"?>

<doc>
  <pragraph ID="2" content="1、“八五”期间（一九九一年至一九九五年），中国的对外开放以前所未有的速度向前推进，2、国民经济更加广泛地参与国际分工与国际交换，3、中外经济技术合作与交流已渗入到中国经济生活的各个领域，4、一个全国范围的“大开放”格局初步形成。">
    <relative ID="1" Relation_Pair="1--2" Center="2" times="58" Sentence="“八五”期间（一九九一年至一九九五年），中国的对外开放以前所未有的速度向前推进，|国民经济更加广泛地参与国际分工与国际交换，" position="0...39--40...60" ConnectiveType="显式关系" Connective="更" Major_relationType="递进性" RelationType="因果性-;目的性-;条件性-;虚拟性-;反转性-;顺序性-;解说性+;例证性-;评价性-;并列性-;递进性+;选择性-" ConnectivePosition="45…46" ConnectiveAttribute="不可删除" RoleLocation="normal" LanguageSense="true"/>
    <relative ID="2" Relation_Pair="2--3" Center="2" times="22" Sentence="国民经济更加广泛地参与国际分工与国际交换，|中外经济技术合作与交流已渗入到中国经济生活的各个领域，" position="40...60--61...87" ConnectiveType="隐式关系" Connective="" Major_relationType="递进性" RelationType="因果性-;目的性-;条件性-;虚拟性-;反转性-;顺序性-;解说性+;例证性-;评价性-;并列性+;递进性+;选择性-" ConnectivePosition="" ConnectiveAttribute="不可添加" RoleLocation="normal" LanguageSense="true"/>
    <relative ID="3" Relation_Pair="3--4" Center="2" times="26" Sentence="中外经济技术合作与交流已渗入到中国经济生活的各个领域，|一个全国范围的“大开放”格局初步形成。" position="61...87--88...106" ConnectiveType="隐式关系" Connective="" Major_relationType="因果性" RelationType="因果性+;目的性-;条件性-;虚拟性-;反转性-;顺序性+;解说性-;例证性-;评价性-;并列性-;递进性+;选择性-" ConnectivePosition="" ConnectiveAttribute="不可添加" RoleLocation="normal" LanguageSense="true"/>
  </pragraph>
  <pragraph ID="3" content="1、据外经贸部提供的资料，“八五”期间中国的进出口总额累计达一点零一万亿美元，2、比“七五”时期（一九八六年至一九九０年）增长一倍以上，3、在世界贸易中的排位由一九九０年的第十五位上升至第十一位。4、而且，出口商品结构继续优化，5、去年工业制成品出口额占全国出口总额的比重达百分之八十五点六，6、比一九九０年提高了十一点一个百分点，7、这充分表明中国工业产品的制造水平比过去有了很大程度的提高，8、初级产品作为主力出口产品的局面有了改观。">
    <relative ID="1" Relation_Pair="1--2" Center="2" times="49" Sentence="据外经贸部提供的资料，“八五”期间中国的进出口总额累计达一点零一万亿美元，|比“七五”时期（一九八六年至一九九０年）增长一倍以上，" position="0...36--37...63" ConnectiveType="隐式关系" Connective="" Major_relationType="评价性" RelationType="因果性-;目的性-;条件性-;虚拟性-;反转性-;顺序性-;解说性-;例证性-;评价性+;并列性+;递进性-;选择性-" ConnectivePosition="" ConnectiveAttribute="不可添加" RoleLocation="normal" LanguageSense="true"/>
    <relative ID="2" Relation_Pair="2--3" Center="3" times="6" Sentence="比“七五”时期（一九八六年至一九九０年）增长一倍以上，|在世界贸易中的排位由一九九０年的第十五位上升至第十一位。" position="37...63--64...91" ConnectiveType="隐式关系" Connective="" Major_relationType="并列性" RelationType="因果性-;目的性-;条件性-;虚拟性-;反转性-;顺序性-;解说性-;例证性-;评价性-;并列性+;递进性-;选择性-" ConnectivePosition="" ConnectiveAttribute="不可添加" RoleLocation="normal" LanguageSense="true"/>
    <relative ID="3" Relation_Pair="3--4" Center="3" times="32" Sentence="在世界贸易中的排位由一九九０年的第十五位上升至第十一位。|而且，出口商品结构继续优化，" position="64...91--92...105" ConnectiveType="显式关系" Connective="而且" Major_relationType="并列性;递进性" RelationType="因果性-;目的性-;条件性-;虚拟性-;反转性-;顺序性-;解说性+;例证性-;评价性-;并列性+;递进性+;选择性-" ConnectivePosition="95…97" ConnectiveAttribute="不可删除" RoleLocation="normal" LanguageSense="true"/>
    <relative ID="4" Relation_Pair="4--5" Center="1" times="24" Sentence="而且，出口商品结构继续优化，|去年工业制成品出口额占全国出口总额的比重达百分之八十五点六，" position="92...105--106...135" ConnectiveType="隐式关系" Connective="" Major_relationType="例证性" RelationType="因果性-;目的性-;条件性-;虚拟性-;反转性-;顺序性-;解说性+;例证性+;评价性-;并列性-;递进性-;选择性-" ConnectivePosition="" ConnectiveAttribute="不可添加" RoleLocation="normal" LanguageSense="true"/>
    <relative ID="5" Relation_Pair="5--6" Center="1" times="9" Sentence="去年工业制成品出口额占全国出口总额的比重达百分之八十五点六，|比一九九０年提高了十一点一个百分点，" position="106...135--136...153" ConnectiveType="隐式关系" Connective="" Major_relationType="评价性" RelationType="因果性-;目的性-;条件性-;虚拟性-;反转性-;顺序性-;解说性-;例证性-;评价性+;并列性+;递进性-;选择性-" ConnectivePosition="" ConnectiveAttribute="不可添加" RoleLocation="normal" LanguageSense="true"/>
    <relative ID="6" Relation_Pair="5--7" Center="1" times="18" Sentence="去年工业制成品出口额占全国出口总额的比重达百分之八十五点六，|这充分表明中国工业产品的制造水平比过去有了很大程度的提高，" position="106...135--154...182" ConnectiveType="隐式关系" Connective="" Major_relationType="评价性" RelationType="因果性-;目的性-;条件性-;虚拟性-;反转性-;顺序性-;解说性-;例证性-;评价性+;并列性-;递进性-;选择性-" ConnectivePosition="" ConnectiveAttribute="不可添加" RoleLocation="normal" LanguageSense="true"/>
    <relative ID="7" Relation_Pair="5--8" Center="1" times="11" Sentence="去年工业制成品出口额占全国出口总额的比重达百分之八十五点六，|初级产品作为主力出口产品的局面有了改观。" position="106...135--183...202" ConnectiveType="隐式关系" Connective="" Major_relationType="评价性" RelationType="因果性-;目的性-;条件性-;虚拟性-;反转性-;顺序性-;解说性-;例证性-;评价性+;并列性-;递进性-;选择性-" ConnectivePosition="" ConnectiveAttribute="不可添加" RoleLocation="normal" LanguageSense="true"/>
  </pragraph>
  <pragraph ID="4" content="1、在吸收外商投资方面，中国现已成为世界上利用外资最多的发展中国家。2、“八五”期间，中国共批准外商投资项目二十二点九八万个，3、实际利用外资额为一千一百四十七亿美元，4、分别比“七五”增长了九点一倍和六点八四倍，5、而且外资更多地流入国家鼓励投资类项目，6、基础产业和基础设施项目已成了外商投资热点。">
    <relative ID="1" Relation_Pair="1--2" Center="2" times="25" Sentence="在吸收外商投资方面，中国现已成为世界上利用外资最多的发展中国家。|“八五”期间，中国共批准外商投资项目二十二点九八万个，" position="0...31--32...58" ConnectiveType="隐式关系" Connective="" Major_relationType="解说性" RelationType="因果性-;目的性-;条件性-;虚拟性-;反转性-;顺序性-;解说性+;例证性-;评价性+;并列性-;递进性-;选择性-" ConnectivePosition="" ConnectiveAttribute="不可添加" RoleLocation="normal" LanguageSense="true"/>
    <relative ID="2" Relation_Pair="2--3" Center="3" times="12" Sentence="“八五”期间，中国共批准外商投资项目二十二点九八万个，|实际利用外资额为一千一百四十七亿美元，" position="32...58--59...77" ConnectiveType="隐式关系" Connective="" Major_relationType="并列性" RelationType="因果性-;目的性-;条件性-;虚拟性-;反转性-;顺序性-;解说性+;例证性-;评价性-;并列性+;递进性-;选择性-" ConnectivePosition="" ConnectiveAttribute="不可添加" RoleLocation="normal" LanguageSense="true"/>
    <relative ID="3" Relation_Pair="3--4" Center="1" times="17" Sentence="实际利用外资额为一千一百四十七亿美元，|分别比“七五”增长了九点一倍和六点八四倍，" position="59...77--78...98" ConnectiveType="显式关系" Connective="分别" Major_relationType="评价性" RelationType="因果性-;目的性-;条件性-;虚拟性-;反转性-;顺序性-;解说性-;例证性-;评价性+;并列性-;递进性-;选择性-" ConnectivePosition="81…83" ConnectiveAttribute="不可删除" RoleLocation="normal" LanguageSense="true"/>
    <relative ID="4" Relation_Pair="2--4" Center="1" times="20" Sentence="“八五”期间，中国共批准外商投资项目二十二点九八万个，|分别比“七五”增长了九点一倍和六点八四倍，" position="32...58--78...98" ConnectiveType="显式关系" Connective="分别" Major_relationType="评价性" RelationType="因果性-;目的性-;条件性-;虚拟性-;反转性-;顺序性-;解说性-;例证性-;评价性+;并列性-;递进性-;选择性-" ConnectivePosition="81…83" ConnectiveAttribute="不可删除" RoleLocation="normal" LanguageSense="true"/>
    <relative ID="5" Relation_Pair="3--5" Center="1" times="45" Sentence="实际利用外资额为一千一百四十七亿美元，|而且外资更多地流入国家鼓励投资类项目，" position="59...77--99...117" ConnectiveType="显式关系" Connective="而且" Major_relationType="反转性" RelationType="因果性-;目的性-;条件性-;虚拟性-;反转性+;顺序性-;解说性+;例证性-;评价性-;并列性-;递进性-;选择性-" ConnectivePosition="103…105" ConnectiveAttribute="不可删除" RoleLocation="normal" LanguageSense="true"/>
    <relative ID="6" Relation_Pair="5--6" Center="1" times="9" Sentence="而且外资更多地流入国家鼓励投资类项目，|基础产业和基础设施项目已成了外商投资热点。" position="99...117--118...138" ConnectiveType="隐式关系" Connective="" Major_relationType="解说性" RelationType="因果性-;目的性-;条件性-;虚拟性-;反转性-;顺序性-;解说性+;例证性+;评价性-;并列性-;递进性-;选择性-" ConnectivePosition="" ConnectiveAttribute="不可添加" RoleLocation="normal" LanguageSense="true"/>
  </pragraph>
  <pragraph ID="5" content="1、与此同时，中国从三十多个国家和地区进口技术和成套设备，2、合同总金额比“七五”增长近百分之五十，3、并向世界五十多个国家和地区出口技术，4、其合同金额达八十多亿美元，5、比“七五”增长二点七倍。6、此外，对外承包劳务和援外工作也有很大发展。">
    <relative ID="1" Relation_Pair="1--2" Center="1" times="58" Sentence="与此同时，中国从三十多个国家和地区进口技术和成套设备，|合同总金额比“七五”增长近百分之五十，" position="0...26--27...45" ConnectiveType="隐式关系" Connective="" Major_relationType="评价性" RelationType="因果性-;目的性-;条件性-;虚拟性-;反转性-;顺序性-;解说性-;例证性-;评价性+;并列性+;递进性-;选择性-" ConnectivePosition="" ConnectiveAttribute="不可添加" RoleLocation="normal" LanguageSense="true"/>
    <relative ID="2" Relation_Pair="3--4" Center="1" times="24" Sentence="并向世界五十多个国家和地区出口技术，|其合同金额达八十多亿美元，" position="46...63--64...76" ConnectiveType="隐式关系" Connective="" Major_relationType="解说性" RelationType="因果性-;目的性-;条件性-;虚拟性-;反转性-;顺序性-;解说性+;例证性-;评价性+;并列性-;递进性-;选择性-" ConnectivePosition="" ConnectiveAttribute="不可添加" RoleLocation="normal" LanguageSense="true"/>
    <relative ID="3" Relation_Pair="3--5" Center="1" times="13" Sentence="并向世界五十多个国家和地区出口技术，|比“七五”增长二点七倍。" position="46...63--77...88" ConnectiveType="隐式关系" Connective="" Major_relationType="评价性" RelationType="因果性-;目的性-;条件性-;虚拟性-;反转性-;顺序性-;解说性-;例证性-;评价性+;并列性+;递进性-;选择性-" ConnectivePosition="" ConnectiveAttribute="不可添加" RoleLocation="normal" LanguageSense="true"/>
    <relative ID="4" Relation_Pair="3--6" Center="3" times="17" Sentence="并向世界五十多个国家和地区出口技术，|此外，对外承包劳务和援外工作也有很大发展。" position="46...63--89...109" ConnectiveType="显式关系" Connective="此外" Major_relationType="并列性" RelationType="因果性-;目的性-;条件性-;虚拟性-;反转性-;顺序性-;解说性-;例证性-;评价性-;并列性+;递进性-;选择性-" ConnectivePosition="94…96" ConnectiveAttribute="不可删除" RoleLocation="normal" LanguageSense="true"/>
    <relative ID="5" Relation_Pair="2--3" Center="3" times="11" Sentence="合同总金额比“七五”增长近百分之五十，|并向世界五十多个国家和地区出口技术，" position="27...45--46...63" ConnectiveType="显式关系" Connective="并" Major_relationType="并列性" RelationType="因果性-;目的性-;条件性-;虚拟性-;反转性-;顺序性-;解说性-;例证性-;评价性-;并列性+;递进性+;选择性-" ConnectivePosition="48…49" ConnectiveAttribute="不可删除" RoleLocation="normal" LanguageSense="true"/>
  </pragraph>
  <pragraph ID="6" content="1、据专家预测，中国国民生产总值与进出口总额的依存度已接近百分之五十，2、这一指标意味着目前中国的经济生活有近一半与国际市场有关联。">
    <relative ID="1" Relation_Pair="1--2" Center="1" times="14" Sentence="据专家预测，中国国民生产总值与进出口总额的依存度已接近百分之五十，|这一指标意味着目前中国的经济生活有近一半与国际市场有关联。" position="0...32--33...61" ConnectiveType="隐式关系" Connective="" Major_relationType="评价性" RelationType="因果性-;目的性-;条件性-;虚拟性-;反转性-;顺序性-;解说性-;例证性-;评价性+;并列性+;递进性-;选择性-" ConnectivePosition="" ConnectiveAttribute="不可添加" RoleLocation="normal" LanguageSense="true"/>
  </pragraph>
  <pragraph ID="7" content="1、尤为值得一提的是，“八五”期间中国的对外开放已形成了从沿海、沿江向内陆边远地区梯次推进的格局，2、以往经济相对落后的内陆地区如今也掀起了开放的热潮。3、现在，全国已有一千一百九十四个县（市）对外开放，4、仅一类对外开放口岸便达二百二十二个。5、同时，“八五”时期的对外开放在深度上也创下了历史之最，6、过去中国的对外开放主要是以商品贸易、技术引进及合资合作为主，7、如今已开始向引进服务、引进现代资本运作方式等高层次迈进，8、并开始向海外输出资本，9、甚至开始参与国际金融运作。">
    <relative ID="1" Relation_Pair="1--2" Center="3" times="32" Sentence="尤为值得一提的是，“八五”期间中国的对外开放已形成了从沿海、沿江向内陆边远地区梯次推进的格局，|以往经济相对落后的内陆地区如今也掀起了开放的热潮。" position="0...46--47...71" ConnectiveType="隐式关系" Connective="" Major_relationType="并列性" RelationType="因果性-;目的性-;条件性-;虚拟性-;反转性+;顺序性-;解说性-;例证性-;评价性-;并列性+;递进性-;选择性-" ConnectivePosition="" ConnectiveAttribute="不可添加" RoleLocation="normal" LanguageSense="true"/>
    <relative ID="2" Relation_Pair="3--4" Center="1" times="22" Sentence="现在，全国已有一千一百九十四个县（市）对外开放，|仅一类对外开放口岸便达二百二十二个。" position="72...95--96...113" ConnectiveType="显式关系" Connective="仅" Major_relationType="例证性" RelationType="因果性-;目的性-;条件性-;虚拟性-;反转性-;顺序性-;解说性+;例证性+;评价性-;并列性+;递进性-;选择性-" ConnectivePosition="99…100" ConnectiveAttribute="不可删除" RoleLocation="normal" LanguageSense="true"/>
    <relative ID="3" Relation_Pair="5--6" Center="2" times="32" Sentence="同时，“八五”时期的对外开放在深度上也创下了历史之最，|过去中国的对外开放主要是以商品贸易、技术引进及合资合作为主，" position="114...140--141...170" ConnectiveType="隐式关系" Connective="" Major_relationType="例证性" RelationType="因果性-;目的性-;条件性-;虚拟性-;反转性-;顺序性-;解说性+;例证性+;评价性-;并列性-;递进性-;选择性-" ConnectivePosition="" ConnectiveAttribute="不可添加" RoleLocation="normal" LanguageSense="true"/>
    <relative ID="4" Relation_Pair="6--7" Center="2" times="12" Sentence="过去中国的对外开放主要是以商品贸易、技术引进及合资合作为主，|如今已开始向引进服务、引进现代资本运作方式等高层次迈进，" position="141...170--171...198" ConnectiveType="隐式关系" Connective="" Major_relationType="反转性" RelationType="因果性-;目的性-;条件性-;虚拟性-;反转性+;顺序性-;解说性+;例证性-;评价性-;并列性+;递进性-;选择性-" ConnectivePosition="" ConnectiveAttribute="不可添加" RoleLocation="normal" LanguageSense="true"/>
    <relative ID="5" Relation_Pair="2--3" Center="3" times="15" Sentence="以往经济相对落后的内陆地区如今也掀起了开放的热潮。|现在，全国已有一千一百九十四个县（市）对外开放，" position="47...71--72...95" ConnectiveType="隐式关系" Connective="" Major_relationType="解说性" RelationType="因果性-;目的性-;条件性-;虚拟性-;反转性-;顺序性-;解说性+;例证性-;评价性-;并列性+;递进性-;选择性-" ConnectivePosition="" ConnectiveAttribute="不可添加" RoleLocation="normal" LanguageSense="true"/>
    <relative ID="6" Relation_Pair="3--5" Center="3" times="23" Sentence="现在，全国已有一千一百九十四个县（市）对外开放，|同时，“八五”时期的对外开放在深度上也创下了历史之最，" position="72...95--114...140" ConnectiveType="显式关系" Connective="同时" Major_relationType="并列性" RelationType="因果性-;目的性-;条件性-;虚拟性-;反转性-;顺序性-;解说性-;例证性-;评价性-;并列性+;递进性-;选择性-" ConnectivePosition="118…120" ConnectiveAttribute="不可删除" RoleLocation="normal" LanguageSense="true"/>
    <relative ID="7" Relation_Pair="7--8" Center="3" times="25" Sentence="如今已开始向引进服务、引进现代资本运作方式等高层次迈进，|并开始向海外输出资本，" position="171...198--199...209" ConnectiveType="显式关系" Connective="并" Major_relationType="并列性" RelationType="因果性-;目的性-;条件性-;虚拟性-;反转性-;顺序性-;解说性-;例证性-;评价性-;并列性+;递进性+;选择性-" ConnectivePosition="206…207" ConnectiveAttribute="不可删除" RoleLocation="normal" LanguageSense="true"/>
    <relative ID="8" Relation_Pair="8--9" Center="2" times="19" Sentence="并开始向海外输出资本，|甚至开始参与国际金融运作。" position="199...209--210...222" ConnectiveType="显式关系" Connective="甚至" Major_relationType="递进性" RelationType="因果性-;目的性-;条件性-;虚拟性-;反转性-;顺序性-;解说性-;例证性-;评价性-;并列性+;递进性+;选择性-" ConnectivePosition="218…220" ConnectiveAttribute="不可删除" RoleLocation="normal" LanguageSense="true"/>
  </pragraph>
</doc>
