<?xml version="1.0" encoding="UTF-8"?>

<doc>
  <pragraph ID="2" content="1、广东“八五”期间（一九九一至一九九五年）电子工业新兴产业发展速度快、效益好。2、一九九五年，全省电子工业产值达到五百一十五亿元，3、比一九九０年增长三点八倍，4、年均增长速度为百分之三十六点九，5、电子工业产值居中国第一。">
    <relative ID="1" Relation_Pair="2--3" Center="1" times="20" Sentence="一九九五年，全省电子工业产值达到五百一十五亿元，|比一九九０年增长三点八倍，" position="38...61--62...74" ConnectiveType="隐式关系" Connective="" Major_relationType="评价性" RelationType="因果性-;目的性-;条件性-;虚拟性-;反转性-;顺序性-;解说性-;例证性-;评价性+;并列性+;递进性-;选择性-" ConnectivePosition="" ConnectiveAttribute="不可添加" RoleLocation="normal" LanguageSense="true"/>
    <relative ID="2" Relation_Pair="2--4" Center="3" times="9" Sentence="一九九五年，全省电子工业产值达到五百一十五亿元，|年均增长速度为百分之三十六点九，" position="38...61--75...90" ConnectiveType="隐式关系" Connective="" Major_relationType="并列性" RelationType="因果性-;目的性-;条件性-;虚拟性-;反转性-;顺序性-;解说性-;例证性-;评价性-;并列性+;递进性-;选择性-" ConnectivePosition="" ConnectiveAttribute="不可添加" RoleLocation="normal" LanguageSense="true"/>
    <relative ID="3" Relation_Pair="2--5" Center="1" times="14" Sentence="一九九五年，全省电子工业产值达到五百一十五亿元，|电子工业产值居中国第一。" position="38...61--91...102" ConnectiveType="隐式关系" Connective="" Major_relationType="评价性" RelationType="因果性-;目的性-;条件性-;虚拟性-;反转性-;顺序性-;解说性-;例证性-;评价性+;并列性-;递进性-;选择性-" ConnectivePosition="" ConnectiveAttribute="不可添加" RoleLocation="normal" LanguageSense="true"/>
    <relative ID="4" Relation_Pair="1--2" Center="2" times="13" Sentence="广东“八五”期间（一九九一至一九九五年）电子工业新兴产业发展速度快、效益好。|一九九五年，全省电子工业产值达到五百一十五亿元，" position="0...37--38...61" ConnectiveType="隐式关系" Connective="" Major_relationType="解说性" RelationType="因果性-;目的性-;条件性-;虚拟性-;反转性-;顺序性-;解说性+;例证性+;评价性-;并列性-;递进性-;选择性-" ConnectivePosition="" ConnectiveAttribute="不可添加" RoleLocation="normal" LanguageSense="true"/>
  </pragraph>
  <pragraph ID="3" content="1、“八五”期间，广东电子工业投资七十亿元进行企业改造和发展，2、目前已有二十个重点项目竣工投产，3、使四大类产品形成了规模经济，4、其中程控交换机、微机已上规模，5、成为电子工业新的支柱产品。">
    <relative ID="1" Relation_Pair="1--2" Center="2" times="22" Sentence="“八五”期间，广东电子工业投资七十亿元进行企业改造和发展，|目前已有二十个重点项目竣工投产，" position="0...28--29...44" ConnectiveType="隐式关系" Connective="" Major_relationType="解说性" RelationType="因果性-;目的性-;条件性-;虚拟性-;反转性-;顺序性-;解说性+;例证性-;评价性-;并列性-;递进性-;选择性-" ConnectivePosition="" ConnectiveAttribute="不可添加" RoleLocation="normal" LanguageSense="true"/>
    <relative ID="2" Relation_Pair="2--3" Center="2" times="40" Sentence="目前已有二十个重点项目竣工投产，|使四大类产品形成了规模经济，" position="29...44--45...58" ConnectiveType="显式关系" Connective="使" Major_relationType="目的性" RelationType="因果性+;目的性+;条件性-;虚拟性-;反转性-;顺序性+;解说性-;例证性-;评价性-;并列性-;递进性-;选择性-" ConnectivePosition="47…48" ConnectiveAttribute="不可删除" RoleLocation="normal" LanguageSense="true"/>
    <relative ID="3" Relation_Pair="3--4" Center="1" times="22" Sentence="使四大类产品形成了规模经济，|其中程控交换机、微机已上规模，" position="45...58--59...73" ConnectiveType="显式关系" Connective="其中" Major_relationType="解说性" RelationType="因果性-;目的性-;条件性-;虚拟性-;反转性-;顺序性-;解说性+;例证性-;评价性-;并列性-;递进性-;选择性-" ConnectivePosition="62…64" ConnectiveAttribute="不可删除" RoleLocation="normal" LanguageSense="true"/>
    <relative ID="4" Relation_Pair="4--5" Center="1" times="9" Sentence="其中程控交换机、微机已上规模，|成为电子工业新的支柱产品。" position="59...73--74...86" ConnectiveType="隐式关系" Connective="" Major_relationType="评价性" RelationType="因果性-;目的性-;条件性-;虚拟性-;反转性-;顺序性-;解说性-;例证性-;评价性+;并列性-;递进性-;选择性-" ConnectivePosition="" ConnectiveAttribute="不可添加" RoleLocation="normal" LanguageSense="true"/>
  </pragraph>
  <pragraph ID="4" content="1、去年，电话机生产一千六百一十一万部，2、程控交换机生产三百三十四万线，3、微机生产十二万台，4、产量分别成倍增长。5、长期发展慢的投资类电子产品发展速度加快，6、一九九五年完成产值一百三十八点七亿元，7、比一九九０年增长十倍，8、发展速度超过了消费类电子产品。">
    <relative ID="1" Relation_Pair="1--4" Center="1" times="16" Sentence="去年，电话机生产一千六百一十一万部，|产量分别成倍增长。" position="0...17--42...50" ConnectiveType="隐式关系" Connective="" Major_relationType="评价性" RelationType="因果性-;目的性-;条件性-;虚拟性-;反转性-;顺序性-;解说性-;例证性-;评价性+;并列性-;递进性-;选择性-" ConnectivePosition="" ConnectiveAttribute="不可添加" RoleLocation="normal" LanguageSense="true"/>
    <relative ID="2" Relation_Pair="2--4" Center="1" times="16" Sentence="程控交换机生产三百三十四万线，|产量分别成倍增长。" position="18...32--42...50" ConnectiveType="隐式关系" Connective="" Major_relationType="评价性" RelationType="因果性-;目的性-;条件性-;虚拟性-;反转性-;顺序性-;解说性-;例证性-;评价性+;并列性-;递进性-;选择性-" ConnectivePosition="" ConnectiveAttribute="不可添加" RoleLocation="normal" LanguageSense="true"/>
    <relative ID="3" Relation_Pair="3--4" Center="1" times="7" Sentence="微机生产十二万台，|产量分别成倍增长。" position="33...41--42...50" ConnectiveType="隐式关系" Connective="" Major_relationType="评价性" RelationType="因果性-;目的性-;条件性-;虚拟性-;反转性-;顺序性-;解说性-;例证性-;评价性+;并列性-;递进性-;选择性-" ConnectivePosition="" ConnectiveAttribute="不可添加" RoleLocation="normal" LanguageSense="true"/>
    <relative ID="4" Relation_Pair="5--6" Center="1" times="20" Sentence="长期发展慢的投资类电子产品发展速度加快，|一九九五年完成产值一百三十八点七亿元，" position="51...70--71...89" ConnectiveType="隐式关系" Connective="" Major_relationType="解说性" RelationType="因果性-;目的性-;条件性-;虚拟性-;反转性-;顺序性-;解说性+;例证性-;评价性-;并列性-;递进性-;选择性-" ConnectivePosition="" ConnectiveAttribute="不可添加" RoleLocation="normal" LanguageSense="true"/>
    <relative ID="5" Relation_Pair="6--7" Center="1" times="8" Sentence="一九九五年完成产值一百三十八点七亿元，|比一九九０年增长十倍，" position="71...89--90...100" ConnectiveType="隐式关系" Connective="" Major_relationType="评价性" RelationType="因果性-;目的性-;条件性-;虚拟性-;反转性-;顺序性-;解说性-;例证性-;评价性+;并列性+;递进性-;选择性-" ConnectivePosition="" ConnectiveAttribute="不可添加" RoleLocation="normal" LanguageSense="true"/>
    <relative ID="6" Relation_Pair="7--8" Center="1" times="15" Sentence="比一九九０年增长十倍，|发展速度超过了消费类电子产品。" position="90...100--101...115" ConnectiveType="隐式关系" Connective="" Major_relationType="评价性" RelationType="因果性-;目的性-;条件性-;虚拟性-;反转性-;顺序性-;解说性+;例证性-;评价性+;并列性-;递进性-;选择性-" ConnectivePosition="" ConnectiveAttribute="不可添加" RoleLocation="normal" LanguageSense="true"/>
    <relative ID="7" Relation_Pair="4--5" Center="1" times="34" Sentence="产量分别成倍增长。|长期发展慢的投资类电子产品发展速度加快，" position="42...50--51...70" ConnectiveType="隐式关系" Connective="" Major_relationType="解说性" RelationType="因果性-;目的性-;条件性-;虚拟性-;反转性-;顺序性-;解说性+;例证性-;评价性-;并列性-;递进性-;选择性-" ConnectivePosition="" ConnectiveAttribute="不可添加" RoleLocation="normal" LanguageSense="true"/>
  </pragraph>
  <pragraph ID="5" content="1、“八五”期间，广东电子工业优化地区布局，2、形成区域集中发展优势。3、珠江三角洲成为电子工业的集中地，4、电子工业产值前七名的市均在三角洲内，5、一九九五年这七个市的电子工业产值四百八十亿元，6、占全省电子工业总产值的百分之九十。7、深圳、惠州成为电子工业的出口基地，8、两市生产的电脑元器件大量销往世界各地。">
    <relative ID="1" Relation_Pair="1--2" Center="2" times="26" Sentence="“八五”期间，广东电子工业优化地区布局，|形成区域集中发展优势。" position="0...19--20...30" ConnectiveType="隐式关系" Connective="" Major_relationType="因果性" RelationType="因果性+;目的性+;条件性-;虚拟性-;反转性-;顺序性+;解说性-;例证性-;评价性+;并列性-;递进性-;选择性-" ConnectivePosition="" ConnectiveAttribute="不可添加" RoleLocation="normal" LanguageSense="true"/>
    <relative ID="2" Relation_Pair="2--3" Center="2" times="14" Sentence="形成区域集中发展优势。|珠江三角洲成为电子工业的集中地，" position="20...30--31...46" ConnectiveType="隐式关系" Connective="" Major_relationType="解说性" RelationType="因果性-;目的性-;条件性-;虚拟性-;反转性-;顺序性-;解说性+;例证性-;评价性-;并列性-;递进性-;选择性-" ConnectivePosition="" ConnectiveAttribute="不可添加" RoleLocation="normal" LanguageSense="true"/>
    <relative ID="3" Relation_Pair="3--4" Center="2" times="17" Sentence="珠江三角洲成为电子工业的集中地，|电子工业产值前七名的市均在三角洲内，" position="31...46--47...64" ConnectiveType="隐式关系" Connective="" Major_relationType="解说性" RelationType="因果性+;目的性-;条件性-;虚拟性-;反转性-;顺序性-;解说性+;例证性-;评价性-;并列性-;递进性-;选择性-" ConnectivePosition="" ConnectiveAttribute="不可添加" RoleLocation="normal" LanguageSense="true"/>
    <relative ID="4" Relation_Pair="4--5" Center="2" times="13" Sentence="电子工业产值前七名的市均在三角洲内，|一九九五年这七个市的电子工业产值四百八十亿元，" position="47...64--65...87" ConnectiveType="隐式关系" Connective="" Major_relationType="解说性" RelationType="因果性-;目的性-;条件性-;虚拟性-;反转性-;顺序性-;解说性+;例证性-;评价性-;并列性+;递进性-;选择性-" ConnectivePosition="" ConnectiveAttribute="不可添加" RoleLocation="normal" LanguageSense="true"/>
    <relative ID="5" Relation_Pair="5--6" Center="1" times="14" Sentence="一九九五年这七个市的电子工业产值四百八十亿元，|占全省电子工业总产值的百分之九十。" position="65...87--88...104" ConnectiveType="隐式关系" Connective="" Major_relationType="评价性" RelationType="因果性-;目的性-;条件性-;虚拟性-;反转性-;顺序性-;解说性-;例证性-;评价性+;并列性+;递进性-;选择性-" ConnectivePosition="" ConnectiveAttribute="不可添加" RoleLocation="normal" LanguageSense="true"/>
    <relative ID="6" Relation_Pair="2--7" Center="1" times="14" Sentence="形成区域集中发展优势。|深圳、惠州成为电子工业的出口基地，" position="20...30--105...121" ConnectiveType="隐式关系" Connective="" Major_relationType="解说性" RelationType="因果性-;目的性-;条件性-;虚拟性-;反转性-;顺序性-;解说性+;例证性-;评价性-;并列性-;递进性-;选择性-" ConnectivePosition="" ConnectiveAttribute="不可添加" RoleLocation="normal" LanguageSense="true"/>
    <relative ID="7" Relation_Pair="7--8" Center="1" times="17" Sentence="深圳、惠州成为电子工业的出口基地，|两市生产的电脑元器件大量销往世界各地。" position="105...121--122...140" ConnectiveType="隐式关系" Connective="" Major_relationType="解说性" RelationType="因果性+;目的性-;条件性-;虚拟性-;反转性-;顺序性-;解说性+;例证性-;评价性-;并列性-;递进性-;选择性-" ConnectivePosition="" ConnectiveAttribute="不可添加" RoleLocation="normal" LanguageSense="true"/>
  </pragraph>
  <pragraph ID="6" content="1、广东电子工业实现了“从内销为主转为外销为主”的战略转移，2、产品出口量迅猛增多，3、一九九五年出口电话机七百三十二点五万台，4、彩电三百一十九万台，收录放机一千零六十五万台，5、组合音响近三百万台，6、出口量分别占总产量的百分之五十至百分之九十，7、出口交货值连续多年居中国第一。">
    <relative ID="1" Relation_Pair="1--2" Center="2" times="24" Sentence="广东电子工业实现了“从内销为主转为外销为主”的战略转移，|产品出口量迅猛增多，" position="0...27--28...37" ConnectiveType="隐式关系" Connective="" Major_relationType="因果性" RelationType="因果性+;目的性+;条件性+;虚拟性-;反转性-;顺序性-;解说性+;例证性-;评价性-;并列性-;递进性-;选择性-" ConnectivePosition="" ConnectiveAttribute="不可添加" RoleLocation="normal" LanguageSense="true"/>
    <relative ID="2" Relation_Pair="2--3" Center="1" times="17" Sentence="产品出口量迅猛增多，|一九九五年出口电话机七百三十二点五万台，" position="28...37--38...57" ConnectiveType="隐式关系" Connective="" Major_relationType="解说性" RelationType="因果性-;目的性-;条件性-;虚拟性-;反转性-;顺序性-;解说性+;例证性-;评价性-;并列性-;递进性-;选择性-" ConnectivePosition="" ConnectiveAttribute="不可添加" RoleLocation="normal" LanguageSense="true"/>
    <relative ID="3" Relation_Pair="2--4" Center="1" times="7" Sentence="产品出口量迅猛增多，|彩电三百一十九万台，收录放机一千零六十五万台，" position="28...37--58...80" ConnectiveType="隐式关系" Connective="" Major_relationType="解说性" RelationType="因果性-;目的性-;条件性-;虚拟性-;反转性-;顺序性-;解说性+;例证性-;评价性-;并列性-;递进性-;选择性-" ConnectivePosition="" ConnectiveAttribute="不可添加" RoleLocation="normal" LanguageSense="true"/>
    <relative ID="4" Relation_Pair="2--5" Center="1" times="6" Sentence="产品出口量迅猛增多，|组合音响近三百万台，" position="28...37--81...90" ConnectiveType="隐式关系" Connective="" Major_relationType="解说性" RelationType="因果性-;目的性-;条件性-;虚拟性-;反转性-;顺序性-;解说性+;例证性-;评价性-;并列性-;递进性-;选择性-" ConnectivePosition="" ConnectiveAttribute="不可添加" RoleLocation="normal" LanguageSense="true"/>
    <relative ID="5" Relation_Pair="2--6" Center="1" times="20" Sentence="产品出口量迅猛增多，|出口量分别占总产量的百分之五十至百分之九十，" position="28...37--91...112" ConnectiveType="隐式关系" Connective="" Major_relationType="解说性" RelationType="因果性-;目的性-;条件性-;虚拟性-;反转性-;顺序性-;解说性+;例证性-;评价性-;并列性+;递进性-;选择性-" ConnectivePosition="" ConnectiveAttribute="不可添加" RoleLocation="normal" LanguageSense="true"/>
    <relative ID="6" Relation_Pair="6--7" Center="3" times="15" Sentence="出口量分别占总产量的百分之五十至百分之九十，|出口交货值连续多年居中国第一。" position="91...112--113...127" ConnectiveType="隐式关系" Connective="" Major_relationType="并列性" RelationType="因果性-;目的性-;条件性-;虚拟性-;反转性-;顺序性-;解说性-;例证性-;评价性-;并列性+;递进性-;选择性-" ConnectivePosition="" ConnectiveAttribute="不可添加" RoleLocation="normal" LanguageSense="true"/>
  </pragraph>
</doc>
