<?xml version="1.0" encoding="UTF-8"?>

<doc>
  <pragraph ID="4" content="1、按照福建“科教兴省”战略和建设海峡西岸高科技产业带的规划，到二０００年该区域高新技术主导产业结构格局将基本形成，2、高新技术产业化的总体水平将跨入全国先进行列，3、高新技术产业将实现产值六百亿元人民币，4、占当地工业总产值的百分之十六，5、出口额占全省出口总额的百分之十以上。">
    <relative ID="1" Relation_Pair="1--2" Center="1" times="131" Sentence="按照福建“科教兴省”战略和建设海峡西岸高科技产业带的规划，到二０００年该区域高新技术主导产业结构格局将基本形成，|高新技术产业化的总体水平将跨入全国先进行列，" position="0...55--56...77" ConnectiveType="隐式关系" Connective="" Major_relationType="评价性" RelationType="因果性+;目的性-;条件性-;虚拟性+;反转性-;顺序性-;解说性-;例证性-;评价性+;并列性-;递进性-;选择性-" ConnectivePosition="" ConnectiveAttribute="不可添加" RoleLocation="normal" LanguageSense="true"/>
    <relative ID="2" Relation_Pair="1--3" Center="1" times="37" Sentence="按照福建“科教兴省”战略和建设海峡西岸高科技产业带的规划，到二０００年该区域高新技术主导产业结构格局将基本形成，|高新技术产业将实现产值六百亿元人民币，" position="0...55--78...96" ConnectiveType="隐式关系" Connective="" Major_relationType="例证性" RelationType="因果性-;目的性-;条件性-;虚拟性+;反转性-;顺序性-;解说性+;例证性+;评价性-;并列性-;递进性-;选择性-" ConnectivePosition="" ConnectiveAttribute="不可添加" RoleLocation="normal" LanguageSense="true"/>
    <relative ID="3" Relation_Pair="3--4" Center="1" times="18" Sentence="高新技术产业将实现产值六百亿元人民币，|占当地工业总产值的百分之十六，" position="78...96--97...111" ConnectiveType="隐式关系" Connective="" Major_relationType="评价性" RelationType="因果性-;目的性-;条件性-;虚拟性-;反转性-;顺序性-;解说性-;例证性-;评价性+;并列性+;递进性-;选择性-" ConnectivePosition="" ConnectiveAttribute="不可添加" RoleLocation="normal" LanguageSense="true"/>
    <relative ID="4" Relation_Pair="4--5" Center="3" times="79" Sentence="占当地工业总产值的百分之十六，|出口额占全省出口总额的百分之十以上。" position="97...111--112...129" ConnectiveType="隐式关系" Connective="" Major_relationType="并列性" RelationType="因果性-;目的性-;条件性-;虚拟性-;反转性-;顺序性-;解说性-;例证性-;评价性-;并列性+;递进性-;选择性-" ConnectivePosition="" ConnectiveAttribute="不可添加" RoleLocation="normal" LanguageSense="true"/>
  </pragraph>
  <pragraph ID="5" content="1、去年，福建省高新技术产业产值达到三百亿元，2、实现销售收入四百九十六亿元。3、专家们表示，福建发展高新技术产业，4、不仅能加速本地产业的升级换代和国际化，5、而且最终有可能使这一地区成为海峡两岸科技、经贸合作的最佳地带。">
    <relative ID="1" Relation_Pair="1--2" Center="3" times="59" Sentence="去年，福建省高新技术产业产值达到三百亿元，|实现销售收入四百九十六亿元。" position="0...20--21...34" ConnectiveType="隐式关系" Connective="" Major_relationType="并列性" RelationType="因果性-;目的性-;条件性-;虚拟性-;反转性-;顺序性+;解说性-;例证性-;评价性-;并列性+;递进性-;选择性-" ConnectivePosition="" ConnectiveAttribute="不可添加" RoleLocation="normal" LanguageSense="true"/>
    <relative ID="2" Relation_Pair="4--5" Center="3" times="42" Sentence="不仅能加速本地产业的升级换代和国际化，|而且最终有可能使这一地区成为海峡两岸科技、经贸合作的最佳地带。" position="52...70--71...101" ConnectiveType="显式关系" Connective="不仅;而且" Major_relationType="并列性" RelationType="因果性-;目的性-;条件性-;虚拟性-;反转性-;顺序性-;解说性-;例证性-;评价性-;并列性+;递进性-;选择性-" ConnectivePosition="55…57;75…77" ConnectiveAttribute="不可删除" RoleLocation="normal" LanguageSense="true"/>
    <relative ID="3" Relation_Pair="3--4" Center="2" times="20" Sentence="专家们表示，福建发展高新技术产业，|不仅能加速本地产业的升级换代和国际化，" position="35...51--52...70" ConnectiveType="隐式关系" Connective="" Major_relationType="评价性" RelationType="因果性-;目的性-;条件性-;虚拟性+;反转性-;顺序性-;解说性-;例证性-;评价性+;并列性-;递进性-;选择性-" ConnectivePosition="" ConnectiveAttribute="不可添加" RoleLocation="normal" LanguageSense="true"/>
    <relative ID="4" Relation_Pair="1--3" Center="2" times="16" Sentence="去年，福建省高新技术产业产值达到三百亿元，|专家们表示，福建发展高新技术产业，" position="0...20--35...51" ConnectiveType="隐式关系" Connective="" Major_relationType="因果性" RelationType="因果性+;目的性-;条件性-;虚拟性-;反转性-;顺序性+;解说性-;例证性-;评价性-;并列性-;递进性-;选择性-" ConnectivePosition="" ConnectiveAttribute="不可添加" RoleLocation="normal" LanguageSense="true"/>
  </pragraph>
  <pragraph ID="6" content="1、在国家级福州高科技园区宽阔的大路旁，来自台湾省的中华映像公司兴建了一座占地数十亩的厂房，2、准备生产科技含量较高的单色显像管。3、据称，这个斥资三十亿元人民币的项目现已进入调试阶段，4、全部建成后年产值可达七十亿元人民币。">
    <relative ID="1" Relation_Pair="1--2" Center="2" times="56" Sentence="在国家级福州高科技园区宽阔的大路旁，来自台湾省的中华映像公司兴建了一座占地数十亩的厂房，|准备生产科技含量较高的单色显像管。" position="0...43--44...60" ConnectiveType="隐式关系" Connective="" Major_relationType="目的性" RelationType="因果性-;目的性+;条件性-;虚拟性+;反转性-;顺序性+;解说性-;例证性-;评价性-;并列性-;递进性-;选择性-" ConnectivePosition="" ConnectiveAttribute="不可添加" RoleLocation="normal" LanguageSense="true"/>
    <relative ID="2" Relation_Pair="3--4" Center="3" times="107" Sentence="据称，这个斥资三十亿元人民币的项目现已进入调试阶段，|全部建成后年产值可达七十亿元人民币。" position="61...86--87...104" ConnectiveType="隐式关系" Connective="" Major_relationType="并列性" RelationType="因果性-;目的性-;条件性-;虚拟性+;反转性-;顺序性+;解说性-;例证性-;评价性-;并列性+;递进性-;选择性-" ConnectivePosition="" ConnectiveAttribute="不可添加" RoleLocation="normal" LanguageSense="true"/>
    <relative ID="3" Relation_Pair="2--3" Center="2" times="101" Sentence="准备生产科技含量较高的单色显像管。|据称，这个斥资三十亿元人民币的项目现已进入调试阶段，" position="44...60--61...86" ConnectiveType="隐式关系" Connective="" Major_relationType="解说性" RelationType="因果性-;目的性-;条件性-;虚拟性+;反转性-;顺序性-;解说性+;例证性-;评价性-;并列性-;递进性-;选择性-" ConnectivePosition="" ConnectiveAttribute="不可添加" RoleLocation="normal" LanguageSense="true"/>
  </pragraph>
  <pragraph ID="7" content="1、据当地官员介绍，除福州科技园区外，福建省目前在南部的厦门经济特区也拥有一个国家级高科技园区。2、此外，全省还在泉州、莆田、漳州等地设立了五个省级高科技产业开发区。3、去年，这些科技园区内被正式认定资格的高新技术企业达一百五十家。">
    <relative ID="1" Relation_Pair="1--2" Center="3" times="27" Sentence="据当地官员介绍，除福州科技园区外，福建省目前在南部的厦门经济特区也拥有一个国家级高科技园区。|此外，全省还在泉州、莆田、漳州等地设立了五个省级高科技产业开发区。" position="0...45--46...78" ConnectiveType="显式关系" Connective="此外" Major_relationType="并列性" RelationType="因果性-;目的性-;条件性-;虚拟性-;反转性-;顺序性-;解说性-;例证性-;评价性-;并列性+;递进性-;选择性-" ConnectivePosition="47…49" ConnectiveAttribute="不可删除" RoleLocation="normal" LanguageSense="true"/>
    <relative ID="2" Relation_Pair="2--3" Center="1" times="44" Sentence="此外，全省还在泉州、莆田、漳州等地设立了五个省级高科技产业开发区。|去年，这些科技园区内被正式认定资格的高新技术企业达一百五十家。" position="46...78--79...109" ConnectiveType="隐式关系" Connective="" Major_relationType="评价性" RelationType="因果性-;目的性-;条件性-;虚拟性-;反转性-;顺序性+;解说性-;例证性-;评价性+;并列性-;递进性-;选择性-" ConnectivePosition="" ConnectiveAttribute="不可添加" RoleLocation="normal" LanguageSense="true"/>
  </pragraph>
  <pragraph ID="8" content="1、上述开发区基本位于福建经济最为活跃的东南部地区。2、区内企业把发展重点主要集中在光电子、计算机、新材料、生物工程等具有一定科研实力的领域。3、在过去几年间，被研制开发出的科技成果主要有新晶体材料、带画中画功能的数字彩色电视机、不间断电源系列产品、银行ＰＯＳ系统、全国微机控制水泥复合袋制袋机、中压开关等。4、这些产品已被行家们鉴定为具有国际或国内先进水平的高科技产品。5、一些高新技术企业如福建日立有限公司、厦华电子企业有限公司、福建实达电脑股份有限公司和福建计算机外部设备厂已跻身于中国百家高科技企业行列。">
    <relative ID="1" Relation_Pair="1--2" Center="2" times="58" Sentence="上述开发区基本位于福建经济最为活跃的东南部地区。|区内企业把发展重点主要集中在光电子、计算机、新材料、生物工程等具有一定科研实力的领域。" position="0...23--24...66" ConnectiveType="隐式关系" Connective="" Major_relationType="解说性" RelationType="因果性-;目的性-;条件性-;虚拟性-;反转性-;顺序性-;解说性+;例证性-;评价性-;并列性+;递进性-;选择性-" ConnectivePosition="" ConnectiveAttribute="不可添加" RoleLocation="normal" LanguageSense="true"/>
    <relative ID="2" Relation_Pair="2--3" Center="1" times="57" Sentence="区内企业把发展重点主要集中在光电子、计算机、新材料、生物工程等具有一定科研实力的领域。|在过去几年间，被研制开发出的科技成果主要有新晶体材料、带画中画功能的数字彩色电视机、不间断电源系列产品、银行ＰＯＳ系统、全国微机控制水泥复合袋制袋机、中压开关等。" position="24...66--67...147" ConnectiveType="隐式关系" Connective="" Major_relationType="例证性" RelationType="因果性-;目的性-;条件性-;虚拟性-;反转性-;顺序性-;解说性+;例证性+;评价性-;并列性-;递进性-;选择性-" ConnectivePosition="" ConnectiveAttribute="不可添加" RoleLocation="normal" LanguageSense="true"/>
    <relative ID="3" Relation_Pair="3--4" Center="1" times="86" Sentence="在过去几年间，被研制开发出的科技成果主要有新晶体材料、带画中画功能的数字彩色电视机、不间断电源系列产品、银行ＰＯＳ系统、全国微机控制水泥复合袋制袋机、中压开关等。|这些产品已被行家们鉴定为具有国际或国内先进水平的高科技产品。" position="67...147--148...177" ConnectiveType="隐式关系" Connective="" Major_relationType="评价性" RelationType="因果性-;目的性-;条件性-;虚拟性-;反转性-;顺序性+;解说性-;例证性-;评价性+;并列性-;递进性-;选择性-" ConnectivePosition="" ConnectiveAttribute="不可添加" RoleLocation="normal" LanguageSense="true"/>
    <relative ID="4" Relation_Pair="2--5" Center="1" times="40" Sentence="区内企业把发展重点主要集中在光电子、计算机、新材料、生物工程等具有一定科研实力的领域。|一些高新技术企业如福建日立有限公司、厦华电子企业有限公司、福建实达电脑股份有限公司和福建计算机外部设备厂已跻身于中国百家高科技企业行列。" position="24...66--178...245" ConnectiveType="隐式关系" Connective="" Major_relationType="评价性" RelationType="因果性-;目的性-;条件性-;虚拟性-;反转性-;顺序性-;解说性-;例证性+;评价性+;并列性-;递进性-;选择性-" ConnectivePosition="" ConnectiveAttribute="不可添加" RoleLocation="normal" LanguageSense="true"/>
  </pragraph>
  <pragraph ID="9" content="1、福建省是中国政府决定在九十年代加速发展并争取用二十年时间基本实现现代化的四个地区之一，2、同时也是中国力图通过发展高新技术增强经济发展后劲的重点地区。3、在过去十七年中，福建省通过发展外向型经济已使自己成为珠江三角洲和长江三角洲之间的另一个经济繁荣地区。">
    <relative ID="1" Relation_Pair="1--2" Center="3" times="21" Sentence="福建省是中国政府决定在九十年代加速发展并争取用二十年时间基本实现现代化的四个地区之一，|同时也是中国力图通过发展高新技术增强经济发展后劲的重点地区。" position="0...42--43...72" ConnectiveType="显式关系" Connective="同时也是" Major_relationType="并列性" RelationType="因果性-;目的性-;条件性-;虚拟性-;反转性-;顺序性-;解说性-;例证性-;评价性-;并列性+;递进性-;选择性-" ConnectivePosition="44…48" ConnectiveAttribute="不可删除" RoleLocation="normal" LanguageSense="true"/>
    <relative ID="2" Relation_Pair="2--3" Center="1" times="30" Sentence="同时也是中国力图通过发展高新技术增强经济发展后劲的重点地区。|在过去十七年中，福建省通过发展外向型经济已使自己成为珠江三角洲和长江三角洲之间的另一个经济繁荣地区。" position="43...72--73...122" ConnectiveType="隐式关系" Connective="" Major_relationType="例证性" RelationType="因果性-;目的性-;条件性-;虚拟性-;反转性-;顺序性-;解说性-;例证性+;评价性-;并列性-;递进性-;选择性-" ConnectivePosition="" ConnectiveAttribute="不可添加" RoleLocation="normal" LanguageSense="true"/>
  </pragraph>
  <pragraph ID="10" content="1、此间经济界人士认为，这个著名的侨乡由于与港澳台地区长期保持着良好的经贸往来和市场联系，2、借助金融融资、信息传递、产业转换等有利条件，3、福建发展高新技术产业将会有良好的前景。">
    <relative ID="1" Relation_Pair="1--3" Center="2" times="45" Sentence="此间经济界人士认为，这个著名的侨乡由于与港澳台地区长期保持着良好的经贸往来和市场联系，|福建发展高新技术产业将会有良好的前景。" position="0...42--65...83" ConnectiveType="隐式关系" Connective="" Major_relationType="条件性" RelationType="因果性+;目的性-;条件性+;虚拟性+;反转性-;顺序性-;解说性-;例证性-;评价性-;并列性-;递进性-;选择性-" ConnectivePosition="" ConnectiveAttribute="不可添加" RoleLocation="normal" LanguageSense="true"/>
    <relative ID="2" Relation_Pair="2--3" Center="2" times="15" Sentence="借助金融融资、信息传递、产业转换等有利条件，|福建发展高新技术产业将会有良好的前景。" position="43...64--65...83" ConnectiveType="隐式关系" Connective="" Major_relationType="条件性" RelationType="因果性+;目的性-;条件性+;虚拟性+;反转性-;顺序性-;解说性-;例证性-;评价性-;并列性-;递进性-;选择性-" ConnectivePosition="" ConnectiveAttribute="不可添加" RoleLocation="normal" LanguageSense="true"/>
  </pragraph>
</doc>
