<?xml version="1.0" encoding="UTF-8"?>

<doc>
  <pragraph ID="2" content="1、中国北方重要经济城市天津与俄罗斯联邦的经贸交往目前正稳步发展，2、并呈现出新的特色。">
    <relative ID="1" Relation_Pair="1--2" Center="3" times="19" Sentence="中国北方重要经济城市天津与俄罗斯联邦的经贸交往目前正稳步发展，|并呈现出新的特色。" position="0...30--31...39" ConnectiveType="显式关系" Connective="并" Major_relationType="并列性" RelationType="因果性-;目的性-;条件性-;虚拟性-;反转性-;顺序性-;解说性-;例证性-;评价性+;并列性+;递进性-;选择性-" ConnectivePosition="32…33" ConnectiveAttribute="不可删除" RoleLocation="normal" LanguageSense="true"/>
  </pragraph>
  <pragraph ID="3" content="1、记者了解到，去年天津对俄罗斯出口贸易额为两千五百万美元，2、进口两千多万美元，3、其中出口额比九四年增长超过百分之八十。4、此外，天津已有十多家企业在俄开设了公司或代表处；5、俄罗斯在天津的投资企业也达二十余家，6、外方投资额约一千万美元。7、双方经贸关系正稳步发展。">
    <relative ID="1" Relation_Pair="1--2" Center="3" times="53" Sentence="记者了解到，去年天津对俄罗斯出口贸易额为两千五百万美元，|进口两千多万美元，" position="0...27--28...36" ConnectiveType="隐式关系" Connective="" Major_relationType="并列性" RelationType="因果性-;目的性-;条件性-;虚拟性-;反转性-;顺序性-;解说性-;例证性-;评价性-;并列性+;递进性-;选择性-" ConnectivePosition="" ConnectiveAttribute="不可添加" RoleLocation="normal" LanguageSense="true"/>
    <relative ID="2" Relation_Pair="1--3" Center="1" times="27" Sentence="记者了解到，去年天津对俄罗斯出口贸易额为两千五百万美元，|其中出口额比九四年增长超过百分之八十。" position="0...27--37...55" ConnectiveType="显式关系" Connective="其中" Major_relationType="解说性" RelationType="因果性-;目的性-;条件性-;虚拟性-;反转性-;顺序性-;解说性+;例证性-;评价性+;并列性-;递进性-;选择性-" ConnectivePosition="39…41" ConnectiveAttribute="不可删除" RoleLocation="normal" LanguageSense="true"/>
    <relative ID="3" Relation_Pair="4--5" Center="3" times="11" Sentence="此外，天津已有十多家企业在俄开设了公司或代表处；|俄罗斯在天津的投资企业也达二十余家，" position="56...79--80...97" ConnectiveType="隐式关系" Connective="" Major_relationType="并列性" RelationType="因果性-;目的性-;条件性-;虚拟性-;反转性-;顺序性-;解说性-;例证性-;评价性-;并列性+;递进性-;选择性-" ConnectivePosition="" ConnectiveAttribute="不可添加" RoleLocation="normal" LanguageSense="true"/>
    <relative ID="4" Relation_Pair="5--6" Center="1" times="23" Sentence="俄罗斯在天津的投资企业也达二十余家，|外方投资额约一千万美元。" position="80...97--98...109" ConnectiveType="隐式关系" Connective="" Major_relationType="解说性" RelationType="因果性+;目的性-;条件性-;虚拟性-;反转性-;顺序性-;解说性+;例证性-;评价性-;并列性-;递进性-;选择性-" ConnectivePosition="" ConnectiveAttribute="不可添加" RoleLocation="normal" LanguageSense="true"/>
    <relative ID="5" Relation_Pair="5--7" Center="2" times="15" Sentence="俄罗斯在天津的投资企业也达二十余家，|双方经贸关系正稳步发展。" position="80...97--110...121" ConnectiveType="隐式关系" Connective="" Major_relationType="因果性" RelationType="因果性+;目的性-;条件性-;虚拟性-;反转性-;顺序性+;解说性-;例证性-;评价性+;并列性-;递进性-;选择性-" ConnectivePosition="" ConnectiveAttribute="不可添加" RoleLocation="normal" LanguageSense="true"/>
    <relative ID="6" Relation_Pair="1--7" Center="2" times="22" Sentence="记者了解到，去年天津对俄罗斯出口贸易额为两千五百万美元，|双方经贸关系正稳步发展。" position="0...27--110...121" ConnectiveType="隐式关系" Connective="" Major_relationType="因果性" RelationType="因果性+;目的性-;条件性-;虚拟性-;反转性-;顺序性+;解说性-;例证性-;评价性-;并列性-;递进性-;选择性-" ConnectivePosition="" ConnectiveAttribute="不可添加" RoleLocation="normal" LanguageSense="true"/>
  </pragraph>
  <pragraph ID="4" content="1、据了解，天津与俄罗斯有方便快捷的空、海、陆港相通，2、历来有大量的易货贸易及经贸合作。3、近两年随着俄罗斯联邦国内经济的发展变化，双方的普通贸易方式已逐步取代了易货贸易，4、成交额稳步上升。5、目前天津滨海国际机场已成为独联体国家货包机在中国境内起降架次最多、运载输出中国商品量最大的空港，6、仅去年货包机起降就达四千二百四十一架次，7、载货总量达四万二千多吨。">
    <relative ID="1" Relation_Pair="1--2" Center="2" times="30" Sentence="据了解，天津与俄罗斯有方便快捷的空、海、陆港相通，|历来有大量的易货贸易及经贸合作。" position="0...24--25...40" ConnectiveType="隐式关系" Connective="" Major_relationType="因果性" RelationType="因果性+;目的性-;条件性+;虚拟性-;反转性-;顺序性+;解说性+;例证性-;评价性-;并列性-;递进性-;选择性-" ConnectivePosition="" ConnectiveAttribute="不可添加" RoleLocation="normal" LanguageSense="true"/>
    <relative ID="2" Relation_Pair="3--4" Center="1" times="35" Sentence="近两年随着俄罗斯联邦国内经济的发展变化，双方的普通贸易方式已逐步取代了易货贸易，|成交额稳步上升。" position="41...80--81...88" ConnectiveType="隐式关系" Connective="" Major_relationType="解说性" RelationType="因果性+;目的性-;条件性-;虚拟性-;反转性-;顺序性+;解说性+;例证性-;评价性-;并列性-;递进性-;选择性-" ConnectivePosition="" ConnectiveAttribute="不可添加" RoleLocation="normal" LanguageSense="true"/>
    <relative ID="3" Relation_Pair="2--3" Center="2" times="28" Sentence="历来有大量的易货贸易及经贸合作。|近两年随着俄罗斯联邦国内经济的发展变化，双方的普通贸易方式已逐步取代了易货贸易，" position="25...40--41...80" ConnectiveType="隐式关系" Connective="" Major_relationType="顺序性" RelationType="因果性-;目的性-;条件性-;虚拟性-;反转性-;顺序性+;解说性-;例证性-;评价性-;并列性+;递进性-;选择性-" ConnectivePosition="" ConnectiveAttribute="不可添加" RoleLocation="normal" LanguageSense="true"/>
    <relative ID="4" Relation_Pair="3--5" Center="1" times="22" Sentence="近两年随着俄罗斯联邦国内经济的发展变化，双方的普通贸易方式已逐步取代了易货贸易，|目前天津滨海国际机场已成为独联体国家货包机在中国境内起降架次最多、运载输出中国商品量最大的空港，" position="41...80--89...136" ConnectiveType="隐式关系" Connective="" Major_relationType="解说性" RelationType="因果性-;目的性-;条件性-;虚拟性-;反转性-;顺序性-;解说性+;例证性-;评价性-;并列性-;递进性-;选择性-" ConnectivePosition="" ConnectiveAttribute="不可添加" RoleLocation="normal" LanguageSense="true"/>
    <relative ID="5" Relation_Pair="5--6" Center="1" times="32" Sentence="目前天津滨海国际机场已成为独联体国家货包机在中国境内起降架次最多、运载输出中国商品量最大的空港，|仅去年货包机起降就达四千二百四十一架次，" position="89...136--137...156" ConnectiveType="显式关系" Connective="仅" Major_relationType="例证性" RelationType="因果性-;目的性-;条件性-;虚拟性-;反转性-;顺序性-;解说性+;例证性+;评价性-;并列性-;递进性-;选择性-" ConnectivePosition="142…143" ConnectiveAttribute="不可删除" RoleLocation="normal" LanguageSense="true"/>
    <relative ID="6" Relation_Pair="6--7" Center="1" times="16" Sentence="仅去年货包机起降就达四千二百四十一架次，|载货总量达四万二千多吨。" position="137...156--157...168" ConnectiveType="隐式关系" Connective="" Major_relationType="并列性" RelationType="因果性-;目的性-;条件性-;虚拟性-;反转性-;顺序性-;解说性+;例证性-;评价性-;并列性+;递进性-;选择性-" ConnectivePosition="" ConnectiveAttribute="不可添加" RoleLocation="normal" LanguageSense="true"/>
  </pragraph>
  <pragraph ID="5" content="1、天津外经贸委官员说，天津与俄罗斯地缘接近，2、贸易的互补性很强。3、天津作为中国北方重要的工业城市和有广阔腹地的对外贸易港，4、去年向俄罗斯出口的轻工业品和食品、畜产品占天津对俄出口额的百分之五十；5、而从俄罗斯进口的钢材和有色金属约占从俄进口总额的百分之六十。6、随着俄罗斯国内对工业品需求向中高档方向发展和国内经济形势的逐步稳定，天津市众多的“三资企业”产品正在积极寻求进入俄方市场。7、一些大型专业性外贸公司亦从去年底开始，抓紧派遣推销小组、展销团等进入俄罗斯，8、寻求扩大业务。">
    <relative ID="1" Relation_Pair="1--2" Center="2" times="35" Sentence="天津外经贸委官员说，天津与俄罗斯地缘接近，|贸易的互补性很强。" position="0...20--21...29" ConnectiveType="隐式关系" Connective="" Major_relationType="因果性" RelationType="因果性+;目的性-;条件性+;虚拟性-;反转性-;顺序性-;解说性-;例证性-;评价性-;并列性+;递进性-;选择性-" ConnectivePosition="" ConnectiveAttribute="不可添加" RoleLocation="normal" LanguageSense="true"/>
    <relative ID="2" Relation_Pair="3--4" Center="2" times="42" Sentence="天津作为中国北方重要的工业城市和有广阔腹地的对外贸易港，|去年向俄罗斯出口的轻工业品和食品、畜产品占天津对俄出口额的百分之五十；" position="30...57--58...92" ConnectiveType="隐式关系" Connective="" Major_relationType="因果性" RelationType="因果性+;目的性-;条件性+;虚拟性-;反转性-;顺序性-;解说性+;例证性-;评价性-;并列性-;递进性-;选择性-" ConnectivePosition="" ConnectiveAttribute="不可添加" RoleLocation="normal" LanguageSense="true"/>
    <relative ID="3" Relation_Pair="4--5" Center="3" times="29" Sentence="去年向俄罗斯出口的轻工业品和食品、畜产品占天津对俄出口额的百分之五十；|而从俄罗斯进口的钢材和有色金属约占从俄进口总额的百分之六十。" position="58...92--93...122" ConnectiveType="显式关系" Connective="而" Major_relationType="反转性" RelationType="因果性-;目的性-;条件性-;虚拟性-;反转性+;顺序性-;解说性-;例证性-;评价性-;并列性+;递进性-;选择性-" ConnectivePosition="97…98" ConnectiveAttribute="不可删除" RoleLocation="normal" LanguageSense="true"/>
    <relative ID="4" Relation_Pair="2--3" Center="1" times="19" Sentence="贸易的互补性很强。|天津作为中国北方重要的工业城市和有广阔腹地的对外贸易港，" position="21...29--30...57" ConnectiveType="隐式关系" Connective="" Major_relationType="解说性" RelationType="因果性-;目的性-;条件性-;虚拟性-;反转性-;顺序性-;解说性+;例证性-;评价性-;并列性-;递进性-;选择性-" ConnectivePosition="" ConnectiveAttribute="不可添加" RoleLocation="normal" LanguageSense="true"/>
    <relative ID="5" Relation_Pair="2--6" Center="1" times="29" Sentence="贸易的互补性很强。|随着俄罗斯国内对工业品需求向中高档方向发展和国内经济形势的逐步稳定，天津市众多的“三资企业”产品正在积极寻求进入俄方市场。" position="21...29--123...183" ConnectiveType="隐式关系" Connective="" Major_relationType="因果性" RelationType="因果性+;目的性+;条件性-;虚拟性-;反转性-;顺序性-;解说性-;例证性-;评价性-;并列性-;递进性-;选择性-" ConnectivePosition="" ConnectiveAttribute="不可添加" RoleLocation="normal" LanguageSense="true"/>
    <relative ID="6" Relation_Pair="7--8" Center="2" times="27" Sentence="一些大型专业性外贸公司亦从去年底开始，抓紧派遣推销小组、展销团等进入俄罗斯，|寻求扩大业务。" position="184...221--222...228" ConnectiveType="隐式关系" Connective="" Major_relationType="目的性" RelationType="因果性-;目的性+;条件性-;虚拟性-;反转性-;顺序性+;解说性+;例证性-;评价性-;并列性-;递进性-;选择性-" ConnectivePosition="" ConnectiveAttribute="不可添加" RoleLocation="normal" LanguageSense="true"/>
    <relative ID="7" Relation_Pair="6--7" Center="1" times="15" Sentence="随着俄罗斯国内对工业品需求向中高档方向发展和国内经济形势的逐步稳定，天津市众多的“三资企业”产品正在积极寻求进入俄方市场。|一些大型专业性外贸公司亦从去年底开始，抓紧派遣推销小组、展销团等进入俄罗斯，" position="123...183--184...221" ConnectiveType="隐式关系" Connective="" Major_relationType="例证性" RelationType="因果性-;目的性-;条件性-;虚拟性-;反转性-;顺序性-;解说性+;例证性+;评价性-;并列性-;递进性-;选择性-" ConnectivePosition="" ConnectiveAttribute="不可添加" RoleLocation="normal" LanguageSense="true"/>
  </pragraph>
</doc>
