<?xml version="1.0" encoding="UTF-8"?>

<doc>
  <pragraph ID="2" content="1、澳大利亚外长唐纳日前在悉尼说，澳政府将坚持一个中国的政策，2、澳中关系是澳外交政策的一个中心点。">
    <relative ID="1" Relation_Pair="1--2" Center="3" times="8" Sentence="澳大利亚外长唐纳日前在悉尼说，澳政府将坚持一个中国的政策，|澳中关系是澳外交政策的一个中心点。" position="0...28--29...45" ConnectiveType="隐式关系" Connective="" Major_relationType="并列性" RelationType="因果性-;目的性-;条件性-;虚拟性-;反转性-;顺序性-;解说性-;例证性-;评价性-;并列性+;递进性-;选择性-" ConnectivePosition="" ConnectiveAttribute="不可添加" RoleLocation="normal" LanguageSense="true"/>
  </pragraph>
  <pragraph ID="4" content="1、他说，加强双边关系是澳大利亚新政府对亚洲和世界其它地区政策的主要特点之一。2、他特别提到了澳大利亚拟加强与中国、印尼、日本、韩国和印度等亚洲国家的双边关系。">
    <relative ID="1" Relation_Pair="1--2" Center="1" times="12" Sentence="他说，加强双边关系是澳大利亚新政府对亚洲和世界其它地区政策的主要特点之一。|他特别提到了澳大利亚拟加强与中国、印尼、日本、韩国和印度等亚洲国家的双边关系。" position="0...36--37...75" ConnectiveType="隐式关系" Connective="" Major_relationType="解说性" RelationType="因果性-;目的性-;条件性-;虚拟性-;反转性-;顺序性-;解说性+;例证性-;评价性-;并列性-;递进性-;选择性-" ConnectivePosition="" ConnectiveAttribute="不可添加" RoleLocation="normal" LanguageSense="true"/>
  </pragraph>
  <pragraph ID="5" content="1、他说，新当选的自由党和国家党联盟政府将鼓励与中国全面发展贸易和投资联系，2、合作领域包括基础行业、加工业和服务业等。3、澳政府将继续促进澳中经济的互补性合作，4、并开辟澳华商界与中国的联系。">
    <relative ID="1" Relation_Pair="1--2" Center="1" times="15" Sentence="他说，新当选的自由党和国家党联盟政府将鼓励与中国全面发展贸易和投资联系，|合作领域包括基础行业、加工业和服务业等。" position="0...35--36...55" ConnectiveType="隐式关系" Connective="" Major_relationType="解说性" RelationType="因果性-;目的性-;条件性-;虚拟性-;反转性-;顺序性-;解说性+;例证性-;评价性-;并列性-;递进性-;选择性-" ConnectivePosition="" ConnectiveAttribute="不可添加" RoleLocation="normal" LanguageSense="true"/>
    <relative ID="2" Relation_Pair="3--4" Center="3" times="20" Sentence="澳政府将继续促进澳中经济的互补性合作，|并开辟澳华商界与中国的联系。" position="56...74--75...88" ConnectiveType="显式关系" Connective="并" Major_relationType="并列性" RelationType="因果性-;目的性-;条件性-;虚拟性-;反转性-;顺序性-;解说性-;例证性-;评价性-;并列性+;递进性-;选择性-" ConnectivePosition="78…79" ConnectiveAttribute="不可删除" RoleLocation="normal" LanguageSense="true"/>
    <relative ID="3" Relation_Pair="1--3" Center="3" times="12" Sentence="他说，新当选的自由党和国家党联盟政府将鼓励与中国全面发展贸易和投资联系，|澳政府将继续促进澳中经济的互补性合作，" position="0...35--56...74" ConnectiveType="隐式关系" Connective="" Major_relationType="并列性" RelationType="因果性-;目的性-;条件性-;虚拟性-;反转性-;顺序性-;解说性-;例证性-;评价性-;并列性+;递进性-;选择性-" ConnectivePosition="" ConnectiveAttribute="不可添加" RoleLocation="normal" LanguageSense="true"/>
  </pragraph>
</doc>
