<?xml version="1.0" encoding="UTF-8"?>

<doc>
  <pragraph ID="2" content="1、以茂名三十万吨乙烯工程为依托的水东开发区，不断加大招商引资的力度，2、正在成为华南地区投资的新热点。">
    <relative ID="1" Relation_Pair="1--2" Center="2" times="14" Sentence="以茂名三十万吨乙烯工程为依托的水东开发区，不断加大招商引资的力度，|正在成为华南地区投资的新热点。" position="0...32--33...47" ConnectiveType="隐式关系" Connective="" Major_relationType="因果性" RelationType="因果性+;目的性-;条件性-;虚拟性-;反转性-;顺序性+;解说性-;例证性-;评价性-;并列性-;递进性-;选择性-" ConnectivePosition="" ConnectiveAttribute="不可添加" RoleLocation="normal" LanguageSense="true"/>
  </pragraph>
  <pragraph ID="3" content="1、水东开发区管委会副主任梁小略介绍说，自一九九二年三月开发区成立以来，已有来自日本、德国、韩国和美国等二十多个国家和地区的外商，签约了计划投资总额达四十五亿元人民币的项目，2、在水东开发区内进行乙烯产品后继加工。">
    <relative ID="1" Relation_Pair="1--2" Center="1" times="78" Sentence="水东开发区管委会副主任梁小略介绍说，自一九九二年三月开发区成立以来，已有来自日本、德国、韩国和美国等二十多个国家和地区的外商，签约了计划投资总额达四十五亿元人民币的项目，|在水东开发区内进行乙烯产品后继加工。" position="0...84--85...102" ConnectiveType="隐式关系" Connective="" Major_relationType="解说性" RelationType="因果性-;目的性+;条件性-;虚拟性-;反转性-;顺序性+;解说性+;例证性-;评价性-;并列性+;递进性-;选择性-" ConnectivePosition="" ConnectiveAttribute="不可添加" RoleLocation="normal" LanguageSense="true"/>
  </pragraph>
  <pragraph ID="4" content="1、这样，包括国内二十多个省市在内，目前水东开发区内签订了协议或合同的客商已经达到七百五十多家，2、总投资将突破一百五十亿元，3、实际到位资金已有三十多亿元，4、已上马建设的项目达一百六十多个。">
    <relative ID="1" Relation_Pair="1--2" Center="3" times="25" Sentence="这样，包括国内二十多个省市在内，目前水东开发区内签订了协议或合同的客商已经达到七百五十多家，|总投资将突破一百五十亿元，" position="0...45--46...58" ConnectiveType="隐式关系" Connective="" Major_relationType="并列性" RelationType="因果性-;目的性-;条件性-;虚拟性-;反转性-;顺序性-;解说性-;例证性-;评价性-;并列性+;递进性-;选择性-" ConnectivePosition="" ConnectiveAttribute="不可添加" RoleLocation="normal" LanguageSense="true"/>
    <relative ID="2" Relation_Pair="2--3" Center="3" times="8" Sentence="总投资将突破一百五十亿元，|实际到位资金已有三十多亿元，" position="46...58--59...72" ConnectiveType="隐式关系" Connective="" Major_relationType="并列性" RelationType="因果性-;目的性-;条件性-;虚拟性-;反转性-;顺序性-;解说性-;例证性-;评价性-;并列性+;递进性-;选择性-" ConnectivePosition="" ConnectiveAttribute="不可添加" RoleLocation="normal" LanguageSense="true"/>
    <relative ID="3" Relation_Pair="3--4" Center="3" times="7" Sentence="实际到位资金已有三十多亿元，|已上马建设的项目达一百六十多个。" position="59...72--73...88" ConnectiveType="隐式关系" Connective="" Major_relationType="并列性" RelationType="因果性-;目的性-;条件性-;虚拟性-;反转性-;顺序性-;解说性-;例证性-;评价性-;并列性+;递进性-;选择性-" ConnectivePosition="" ConnectiveAttribute="不可添加" RoleLocation="normal" LanguageSense="true"/>
  </pragraph>
  <pragraph ID="6" content="1、拥有一个终年不冻的天然深水良港，是水东开发区发展乙烯后继加工项目的有利条件。2、几年来，开发区在原有的两个三千吨级泊位基础上，扩建了数个一万吨级、二万吨级、三万吨级和五万吨级的泊位。3、全国最大的二十五万吨单点系泊原油装卸系统也已投入了使用。4、港口的年吞吐量已近一千五百万吨，5、被国务院批准为中国对外开放的一类口岸。">
    <relative ID="1" Relation_Pair="1--2" Center="1" times="97" Sentence="拥有一个终年不冻的天然深水良港，是水东开发区发展乙烯后继加工项目的有利条件。|几年来，开发区在原有的两个三千吨级泊位基础上，扩建了数个一万吨级、二万吨级、三万吨级和五万吨级的泊位。" position="0...37--38...88" ConnectiveType="隐式关系" Connective="" Major_relationType="条件性" RelationType="因果性+;目的性-;条件性+;虚拟性-;反转性-;顺序性+;解说性-;例证性-;评价性-;并列性-;递进性-;选择性-" ConnectivePosition="" ConnectiveAttribute="不可添加" RoleLocation="normal" LanguageSense="true"/>
    <relative ID="2" Relation_Pair="1--3" Center="1" times="28" Sentence="拥有一个终年不冻的天然深水良港，是水东开发区发展乙烯后继加工项目的有利条件。|全国最大的二十五万吨单点系泊原油装卸系统也已投入了使用。" position="0...37--89...116" ConnectiveType="隐式关系" Connective="" Major_relationType="条件性" RelationType="因果性+;目的性-;条件性+;虚拟性-;反转性-;顺序性+;解说性-;例证性-;评价性-;并列性-;递进性-;选择性-" ConnectivePosition="" ConnectiveAttribute="不可添加" RoleLocation="normal" LanguageSense="true"/>
    <relative ID="3" Relation_Pair="1--4" Center="1" times="8" Sentence="拥有一个终年不冻的天然深水良港，是水东开发区发展乙烯后继加工项目的有利条件。|港口的年吞吐量已近一千五百万吨，" position="0...37--117...132" ConnectiveType="隐式关系" Connective="" Major_relationType="条件性" RelationType="因果性+;目的性-;条件性+;虚拟性-;反转性-;顺序性+;解说性-;例证性-;评价性-;并列性-;递进性-;选择性-" ConnectivePosition="" ConnectiveAttribute="不可添加" RoleLocation="normal" LanguageSense="true"/>
    <relative ID="4" Relation_Pair="4--5" Center="1" times="16" Sentence="港口的年吞吐量已近一千五百万吨，|被国务院批准为中国对外开放的一类口岸。" position="117...132--133...151" ConnectiveType="隐式关系" Connective="" Major_relationType="评价性" RelationType="因果性-;目的性-;条件性-;虚拟性-;反转性-;顺序性-;解说性-;例证性-;评价性+;并列性-;递进性-;选择性-" ConnectivePosition="" ConnectiveAttribute="不可添加" RoleLocation="normal" LanguageSense="true"/>
  </pragraph>
  <pragraph ID="7" content="1、此外，水东开发区还投入了数亿元进行道路、供水、供电和邮电等基础设施建设。2、目前，开发区内的市政道路已经形成“三纵六横”的现代化格局，3、其它设施也日趋完善，4、为大规模开发建设创造了条件。">
    <relative ID="1" Relation_Pair="1--2" Center="2" times="46" Sentence="此外，水东开发区还投入了数亿元进行道路、供水、供电和邮电等基础设施建设。|目前，开发区内的市政道路已经形成“三纵六横”的现代化格局，" position="0...35--36...64" ConnectiveType="隐式关系" Connective="" Major_relationType="因果性" RelationType="因果性+;目的性-;条件性-;虚拟性-;反转性-;顺序性+;解说性-;例证性-;评价性-;并列性-;递进性-;选择性-" ConnectivePosition="" ConnectiveAttribute="不可添加" RoleLocation="normal" LanguageSense="true"/>
    <relative ID="2" Relation_Pair="2--3" Center="3" times="127" Sentence="目前，开发区内的市政道路已经形成“三纵六横”的现代化格局，|其它设施也日趋完善，" position="36...64--65...74" ConnectiveType="显式关系" Connective="其它" Major_relationType="并列性" RelationType="因果性-;目的性-;条件性-;虚拟性-;反转性-;顺序性-;解说性-;例证性-;评价性-;并列性+;递进性-;选择性-" ConnectivePosition="67…69" ConnectiveAttribute="不可删除" RoleLocation="normal" LanguageSense="true"/>
    <relative ID="3" Relation_Pair="3--4" Center="2" times="104" Sentence="其它设施也日趋完善，|为大规模开发建设创造了条件。" position="65...74--75...88" ConnectiveType="显式关系" Connective="为" Major_relationType="评价性" RelationType="因果性-;目的性-;条件性+;虚拟性-;反转性-;顺序性-;解说性-;例证性-;评价性+;并列性-;递进性-;选择性-" ConnectivePosition="78…79" ConnectiveAttribute="不可删除" RoleLocation="normal" LanguageSense="true"/>
  </pragraph>
  <pragraph ID="8" content="1、据悉，茂名三十万吨乙烯工程将于今年下半年正式点火投产，2、一些国际大企业也加快了后继加工项目的筹建工作，3、其中包括日本伊滕忠商事株式会社与韩国乐金集团分别投资三十亿和十五亿元人民币的后加工项目。4、香港德成化工有限公司投资二点五亿元人民币兴建二万吨级聚脂切片工程也已签约立项，5、并进入了全面筹建阶段。">
    <relative ID="1" Relation_Pair="1--2" Center="3" times="55" Sentence="据悉，茂名三十万吨乙烯工程将于今年下半年正式点火投产，|一些国际大企业也加快了后继加工项目的筹建工作，" position="0...26--27...49" ConnectiveType="显式关系" Connective="也" Major_relationType="并列性" RelationType="因果性-;目的性-;条件性-;虚拟性+;反转性-;顺序性-;解说性-;例证性-;评价性-;并列性+;递进性-;选择性-" ConnectivePosition="35…36" ConnectiveAttribute="不可删除" RoleLocation="normal" LanguageSense="true"/>
    <relative ID="2" Relation_Pair="2--3" Center="1" times="31" Sentence="一些国际大企业也加快了后继加工项目的筹建工作，|其中包括日本伊滕忠商事株式会社与韩国乐金集团分别投资三十亿和十五亿元人民币的后加工项目。" position="27...49--50...93" ConnectiveType="显式关系" Connective="其中" Major_relationType="解说性" RelationType="因果性-;目的性-;条件性-;虚拟性-;反转性-;顺序性-;解说性+;例证性-;评价性-;并列性-;递进性-;选择性-" ConnectivePosition="52…54" ConnectiveAttribute="不可删除" RoleLocation="normal" LanguageSense="true"/>
    <relative ID="3" Relation_Pair="2--4" Center="1" times="25" Sentence="一些国际大企业也加快了后继加工项目的筹建工作，|香港德成化工有限公司投资二点五亿元人民币兴建二万吨级聚脂切片工程也已签约立项，" position="27...49--94...132" ConnectiveType="隐式关系" Connective="" Major_relationType="例证性" RelationType="因果性-;目的性-;条件性-;虚拟性-;反转性-;顺序性-;解说性-;例证性+;评价性-;并列性-;递进性-;选择性-" ConnectivePosition="" ConnectiveAttribute="不可添加" RoleLocation="normal" LanguageSense="true"/>
    <relative ID="4" Relation_Pair="4--5" Center="3" times="18" Sentence="香港德成化工有限公司投资二点五亿元人民币兴建二万吨级聚脂切片工程也已签约立项，|并进入了全面筹建阶段。" position="94...132--133...143" ConnectiveType="显式关系" Connective="并" Major_relationType="并列性" RelationType="因果性-;目的性-;条件性-;虚拟性-;反转性-;顺序性+;解说性-;例证性-;评价性-;并列性+;递进性-;选择性-" ConnectivePosition="137…138" ConnectiveAttribute="不可删除" RoleLocation="normal" LanguageSense="true"/>
  </pragraph>
  <pragraph ID="9" content="1、到去年底，水东开发区已经办起了各类企业达二千四百多家，2、工业总产值达八点八四亿元。3、乙烯工程投产后，4、水东开发区可望进入全面产出时期，5、工业总产值将实现较大幅度的增长。">
    <relative ID="1" Relation_Pair="1--2" Center="3" times="20" Sentence="到去年底，水东开发区已经办起了各类企业达二千四百多家，|工业总产值达八点八四亿元。" position="0...26--27...39" ConnectiveType="隐式关系" Connective="" Major_relationType="并列性" RelationType="因果性-;目的性-;条件性-;虚拟性-;反转性-;顺序性-;解说性-;例证性-;评价性-;并列性+;递进性-;选择性-" ConnectivePosition="" ConnectiveAttribute="不可添加" RoleLocation="normal" LanguageSense="true"/>
    <relative ID="2" Relation_Pair="3--4" Center="1" times="36" Sentence="乙烯工程投产后，|水东开发区可望进入全面产出时期，" position="40...47--48...63" ConnectiveType="隐式关系" Connective="" Major_relationType="因果性" RelationType="因果性+;目的性-;条件性-;虚拟性+;反转性-;顺序性+;解说性-;例证性-;评价性-;并列性-;递进性-;选择性-" ConnectivePosition="" ConnectiveAttribute="不可添加" RoleLocation="normal" LanguageSense="true"/>
    <relative ID="3" Relation_Pair="4--5" Center="3" times="82" Sentence="水东开发区可望进入全面产出时期，|工业总产值将实现较大幅度的增长。" position="48...63--64...79" ConnectiveType="隐式关系" Connective="" Major_relationType="并列性" RelationType="因果性+;目的性-;条件性-;虚拟性+;反转性-;顺序性-;解说性+;例证性-;评价性-;并列性+;递进性-;选择性-" ConnectivePosition="" ConnectiveAttribute="不可添加" RoleLocation="normal" LanguageSense="true"/>
  </pragraph>
</doc>
