<?xml version="1.0" encoding="UTF-8"?>

<doc>
  <pragraph ID="2" content="1、由中国自主设计建设、达到当今世界先进技术水平的安阳彩色显像管玻壳有限公司二期工程，今天建成投产。2、国务院副总理邹家华参加了今天举行的投产剪彩仪式。">
    <relative ID="1" Relation_Pair="1--2" Center="1" times="12" Sentence="由中国自主设计建设、达到当今世界先进技术水平的安阳彩色显像管玻壳有限公司二期工程，今天建成投产。|国务院副总理邹家华参加了今天举行的投产剪彩仪式。" position="0...47--48...71" ConnectiveType="隐式关系" Connective="" Major_relationType="解说性" RelationType="因果性-;目的性-;条件性-;虚拟性-;反转性-;顺序性-;解说性+;例证性-;评价性-;并列性-;递进性-;选择性-" ConnectivePosition="" ConnectiveAttribute="不可添加" RoleLocation="normal" LanguageSense="true"/>
  </pragraph>
  <pragraph ID="3" content="1、据介绍，安玻二期工程的建成投产，使安玻公司的彩色玻壳年生产能力由一期的六百万套扩大到一千一百万套，2、成为中国目前生产规模最大的彩色玻壳生产基地。3、投产后，它既可生产与彩电配套的彩色显像管玻壳，4、又可生产与计算机显示屏配套的彩色显示管玻壳，5、规格从三十五厘米一直到八十四厘米，6、并为下一步独立开发生产高清晰度玻壳和宽屏幕彩电玻壳打下了基础。">
    <relative ID="1" Relation_Pair="1--2" Center="1" times="22" Sentence="据介绍，安玻二期工程的建成投产，使安玻公司的彩色玻壳年生产能力由一期的六百万套扩大到一千一百万套，|成为中国目前生产规模最大的彩色玻壳生产基地。" position="0...48--49...70" ConnectiveType="隐式关系" Connective="" Major_relationType="评价性" RelationType="因果性+;目的性-;条件性-;虚拟性-;反转性-;顺序性-;解说性+;例证性-;评价性+;并列性-;递进性-;选择性-" ConnectivePosition="" ConnectiveAttribute="不可添加" RoleLocation="normal" LanguageSense="true"/>
    <relative ID="2" Relation_Pair="3--4" Center="3" times="44" Sentence="投产后，它既可生产与彩电配套的彩色显像管玻壳，|又可生产与计算机显示屏配套的彩色显示管玻壳，" position="71...93--94...115" ConnectiveType="显式关系" Connective="又" Major_relationType="并列性" RelationType="因果性-;目的性-;条件性-;虚拟性-;反转性-;顺序性-;解说性-;例证性-;评价性-;并列性+;递进性-;选择性-" ConnectivePosition="97…98" ConnectiveAttribute="不可删除" RoleLocation="normal" LanguageSense="true"/>
    <relative ID="3" Relation_Pair="4--5" Center="1" times="15" Sentence="又可生产与计算机显示屏配套的彩色显示管玻壳，|规格从三十五厘米一直到八十四厘米，" position="94...115--116...132" ConnectiveType="隐式关系" Connective="" Major_relationType="解说性" RelationType="因果性-;目的性-;条件性-;虚拟性-;反转性-;顺序性-;解说性+;例证性-;评价性-;并列性-;递进性-;选择性-" ConnectivePosition="" ConnectiveAttribute="不可添加" RoleLocation="normal" LanguageSense="true"/>
    <relative ID="4" Relation_Pair="4--6" Center="1" times="18" Sentence="又可生产与计算机显示屏配套的彩色显示管玻壳，|并为下一步独立开发生产高清晰度玻壳和宽屏幕彩电玻壳打下了基础。" position="94...115--133...163" ConnectiveType="隐式关系" Connective="" Major_relationType="解说性" RelationType="因果性-;目的性-;条件性-;虚拟性-;反转性-;顺序性-;解说性+;例证性-;评价性+;并列性-;递进性-;选择性-" ConnectivePosition="" ConnectiveAttribute="不可添加" RoleLocation="normal" LanguageSense="true"/>
    <relative ID="5" Relation_Pair="1--3" Center="2" times="20" Sentence="据介绍，安玻二期工程的建成投产，使安玻公司的彩色玻壳年生产能力由一期的六百万套扩大到一千一百万套，|投产后，它既可生产与彩电配套的彩色显像管玻壳，" position="0...48--71...93" ConnectiveType="隐式关系" Connective="" Major_relationType="解说性" RelationType="因果性-;目的性-;条件性-;虚拟性-;反转性-;顺序性-;解说性+;例证性-;评价性-;并列性-;递进性-;选择性-" ConnectivePosition="" ConnectiveAttribute="不可添加" RoleLocation="normal" LanguageSense="true"/>
  </pragraph>
  <pragraph ID="4" content="1、安玻公司是中国“七五”期间（一九八六至一九九０年）成套引进国外先进技术，2、并由外方实行技术总承包兴建起来的中国彩电国产化重点工程。3、自一九九一年投产以来，共完成技术改进和开发项目近千项，4、独立开发了包括大屏幕彩电玻壳在内的二十多个新产品、新品种，5、年产量超过设计能力百分之七十八，6、去年已达七百一十二万套；7、产品的国内市场占有率和品种覆盖率分别达到百分之七十和百分之九十，8、并返销日本，9、出口韩国和印度等国家。10、投产以来累计实现综合经济效益十点六亿元、出口创汇四千八百五十六万美元，11、相当于收回了一期工程的静态总投资。">
    <relative ID="1" Relation_Pair="1--2" Center="3" times="16" Sentence="安玻公司是中国“七五”期间（一九八六至一九九０年）成套引进国外先进技术，|并由外方实行技术总承包兴建起来的中国彩电国产化重点工程。" position="0...35--36...63" ConnectiveType="显式关系" Connective="并" Major_relationType="并列性" RelationType="因果性-;目的性-;条件性-;虚拟性-;反转性-;顺序性-;解说性-;例证性-;评价性-;并列性+;递进性-;选择性-" ConnectivePosition="37…38" ConnectiveAttribute="不可删除" RoleLocation="normal" LanguageSense="true"/>
    <relative ID="2" Relation_Pair="3--4" Center="1" times="11" Sentence="自一九九一年投产以来，共完成技术改进和开发项目近千项，|独立开发了包括大屏幕彩电玻壳在内的二十多个新产品、新品种，" position="64...90--91...119" ConnectiveType="隐式关系" Connective="" Major_relationType="解说性" RelationType="因果性-;目的性-;条件性-;虚拟性-;反转性-;顺序性-;解说性+;例证性-;评价性-;并列性+;递进性-;选择性-" ConnectivePosition="" ConnectiveAttribute="不可添加" RoleLocation="normal" LanguageSense="true"/>
    <relative ID="3" Relation_Pair="3--5" Center="1" times="17" Sentence="自一九九一年投产以来，共完成技术改进和开发项目近千项，|年产量超过设计能力百分之七十八，" position="64...90--120...135" ConnectiveType="隐式关系" Connective="" Major_relationType="解说性" RelationType="因果性-;目的性-;条件性-;虚拟性-;反转性-;顺序性-;解说性+;例证性-;评价性-;并列性+;递进性-;选择性-" ConnectivePosition="" ConnectiveAttribute="不可添加" RoleLocation="normal" LanguageSense="true"/>
    <relative ID="4" Relation_Pair="5--6" Center="1" times="19" Sentence="年产量超过设计能力百分之七十八，|去年已达七百一十二万套；" position="120...135--136...147" ConnectiveType="隐式关系" Connective="" Major_relationType="解说性" RelationType="因果性-;目的性-;条件性-;虚拟性-;反转性-;顺序性-;解说性+;例证性-;评价性-;并列性+;递进性-;选择性-" ConnectivePosition="" ConnectiveAttribute="不可添加" RoleLocation="normal" LanguageSense="true"/>
    <relative ID="5" Relation_Pair="7--8" Center="3" times="22" Sentence="产品的国内市场占有率和品种覆盖率分别达到百分之七十和百分之九十，|并返销日本，" position="148...179--180...185" ConnectiveType="显式关系" Connective="并" Major_relationType="并列性" RelationType="因果性-;目的性-;条件性-;虚拟性-;反转性-;顺序性-;解说性-;例证性-;评价性-;并列性+;递进性-;选择性-" ConnectivePosition="187…188" ConnectiveAttribute="不可删除" RoleLocation="normal" LanguageSense="true"/>
    <relative ID="6" Relation_Pair="6--7" Center="3" times="12" Sentence="去年已达七百一十二万套；|产品的国内市场占有率和品种覆盖率分别达到百分之七十和百分之九十，" position="136...147--148...179" ConnectiveType="隐式关系" Connective="" Major_relationType="并列性" RelationType="因果性-;目的性-;条件性-;虚拟性-;反转性-;顺序性-;解说性-;例证性-;评价性-;并列性+;递进性-;选择性-" ConnectivePosition="" ConnectiveAttribute="不可添加" RoleLocation="normal" LanguageSense="true"/>
    <relative ID="7" Relation_Pair="10--11" Center="1" times="23" Sentence="投产以来累计实现综合经济效益十点六亿元、出口创汇四千八百五十六万美元，|相当于收回了一期工程的静态总投资。" position="197...231--232...248" ConnectiveType="隐式关系" Connective="" Major_relationType="评价性" RelationType="因果性-;目的性-;条件性-;虚拟性-;反转性-;顺序性-;解说性+;例证性-;评价性+;并列性-;递进性-;选择性-" ConnectivePosition="" ConnectiveAttribute="不可添加" RoleLocation="normal" LanguageSense="true"/>
    <relative ID="8" Relation_Pair="3--10" Center="1" times="32" Sentence="自一九九一年投产以来，共完成技术改进和开发项目近千项，|投产以来累计实现综合经济效益十点六亿元、出口创汇四千八百五十六万美元，" position="64...90--197...231" ConnectiveType="隐式关系" Connective="" Major_relationType="解说性" RelationType="因果性-;目的性-;条件性-;虚拟性-;反转性-;顺序性-;解说性+;例证性-;评价性-;并列性-;递进性-;选择性-" ConnectivePosition="" ConnectiveAttribute="不可添加" RoleLocation="normal" LanguageSense="true"/>
    <relative ID="9" Relation_Pair="2--3" Center="1" times="21" Sentence="并由外方实行技术总承包兴建起来的中国彩电国产化重点工程。|自一九九一年投产以来，共完成技术改进和开发项目近千项，" position="36...63--64...90" ConnectiveType="隐式关系" Connective="" Major_relationType="解说性" RelationType="因果性-;目的性-;条件性-;虚拟性-;反转性-;顺序性-;解说性+;例证性-;评价性-;并列性-;递进性-;选择性-" ConnectivePosition="" ConnectiveAttribute="不可添加" RoleLocation="normal" LanguageSense="true"/>
    <relative ID="10" Relation_Pair="8--9" Center="3" times="22" Sentence="并返销日本，|出口韩国和印度等国家。" position="180...185--186...196" ConnectiveType="隐式关系" Connective="" Major_relationType="并列性" RelationType="因果性-;目的性-;条件性-;虚拟性-;反转性-;顺序性-;解说性-;例证性-;评价性-;并列性+;递进性-;选择性-" ConnectivePosition="" ConnectiveAttribute="不可添加" RoleLocation="normal" LanguageSense="true"/>
  </pragraph>
  <pragraph ID="5" content="1、为加速创建和发展中国民族彩玻工业，2、安玻人在二期工程建设中，大胆采用了“以我为主、博采众长、别具一格、自成体系”和“自我技术总承包、高起点优化国际国内两种资源”的全新思路，3、得到国务院领导的肯定和国家有关部门的大力支持，4、创造了引起国内外同行业广泛注目的多项奇迹。5、一是从一九九四年十一月十八日破土动工到锥炉点火成功，6、仅用了十三个月，7、工期比安玻一期缩短了十八个月，8、比世界建设最快的同类项目还提前五个月；9、二是实现了国内外人才、技术、设备、设计和施工等资源的最佳组合，10、无论硬件配置和软件应用都达到了当今国际同行业先进水平；11、三是与成套引进国外技术和设备相比，12、投资大大节省。13、据测算，安玻二期工程实际投资，仅为国内目前成套引进国外技术和设备而兴建的同类项目总投资的二分之一。">
    <relative ID="1" Relation_Pair="1--2" Center="2" times="27" Sentence="为加速创建和发展中国民族彩玻工业，|安玻人在二期工程建设中，大胆采用了“以我为主、博采众长、别具一格、自成体系”和“自我技术总承包、高起点优化国际国内两种资源”的全新思路，" position="0...16--17...84" ConnectiveType="显式关系" Connective="为" Major_relationType="目的性" RelationType="因果性+;目的性+;条件性-;虚拟性-;反转性-;顺序性+;解说性-;例证性-;评价性-;并列性-;递进性-;选择性-" ConnectivePosition="0…1" ConnectiveAttribute="不可删除" RoleLocation="normal" LanguageSense="true"/>
    <relative ID="2" Relation_Pair="2--3" Center="1" times="23" Sentence="安玻人在二期工程建设中，大胆采用了“以我为主、博采众长、别具一格、自成体系”和“自我技术总承包、高起点优化国际国内两种资源”的全新思路，|得到国务院领导的肯定和国家有关部门的大力支持，" position="17...84--85...107" ConnectiveType="隐式关系" Connective="" Major_relationType="解说性" RelationType="因果性+;目的性-;条件性-;虚拟性-;反转性-;顺序性+;解说性+;例证性-;评价性-;并列性-;递进性-;选择性-" ConnectivePosition="" ConnectiveAttribute="不可添加" RoleLocation="normal" LanguageSense="true"/>
    <relative ID="3" Relation_Pair="2--4" Center="2" times="16" Sentence="安玻人在二期工程建设中，大胆采用了“以我为主、博采众长、别具一格、自成体系”和“自我技术总承包、高起点优化国际国内两种资源”的全新思路，|创造了引起国内外同行业广泛注目的多项奇迹。" position="17...84--108...128" ConnectiveType="隐式关系" Connective="" Major_relationType="因果性" RelationType="因果性+;目的性-;条件性-;虚拟性-;反转性-;顺序性+;解说性+;例证性-;评价性-;并列性-;递进性-;选择性-" ConnectivePosition="" ConnectiveAttribute="不可添加" RoleLocation="normal" LanguageSense="true"/>
    <relative ID="4" Relation_Pair="5--6" Center="2" times="32" Sentence="一是从一九九四年十一月十八日破土动工到锥炉点火成功，|仅用了十三个月，" position="129...154--155...162" ConnectiveType="隐式关系" Connective="" Major_relationType="条件性" RelationType="因果性-;目的性-;条件性+;虚拟性-;反转性-;顺序性-;解说性+;例证性-;评价性-;并列性-;递进性-;选择性-" ConnectivePosition="" ConnectiveAttribute="不可添加" RoleLocation="normal" LanguageSense="true"/>
    <relative ID="5" Relation_Pair="6--7" Center="1" times="45" Sentence="仅用了十三个月，|工期比安玻一期缩短了十八个月，" position="155...162--163...177" ConnectiveType="隐式关系" Connective="" Major_relationType="解说性" RelationType="因果性+;目的性-;条件性-;虚拟性-;反转性-;顺序性-;解说性+;例证性-;评价性+;并列性-;递进性-;选择性-" ConnectivePosition="" ConnectiveAttribute="不可添加" RoleLocation="normal" LanguageSense="true"/>
    <relative ID="6" Relation_Pair="6--8" Center="1" times="20" Sentence="仅用了十三个月，|比世界建设最快的同类项目还提前五个月；" position="155...162--178...196" ConnectiveType="隐式关系" Connective="" Major_relationType="评价性" RelationType="因果性+;目的性-;条件性-;虚拟性-;反转性-;顺序性-;解说性+;例证性-;评价性+;并列性-;递进性-;选择性-" ConnectivePosition="" ConnectiveAttribute="不可添加" RoleLocation="normal" LanguageSense="true"/>
    <relative ID="7" Relation_Pair="9--10" Center="1" times="28" Sentence="二是实现了国内外人才、技术、设备、设计和施工等资源的最佳组合，|无论硬件配置和软件应用都达到了当今国际同行业先进水平；" position="197...227--228...254" ConnectiveType="隐式关系" Connective="" Major_relationType="评价性" RelationType="因果性-;目的性-;条件性-;虚拟性-;反转性-;顺序性-;解说性+;例证性-;评价性+;并列性-;递进性-;选择性-" ConnectivePosition="" ConnectiveAttribute="不可添加" RoleLocation="normal" LanguageSense="true"/>
    <relative ID="8" Relation_Pair="11--12" Center="2" times="29" Sentence="三是与成套引进国外技术和设备相比，|投资大大节省。" position="255...271--272...278" ConnectiveType="隐式关系" Connective="" Major_relationType="因果性" RelationType="因果性+;目的性-;条件性-;虚拟性-;反转性-;顺序性-;解说性-;例证性-;评价性+;并列性-;递进性-;选择性-" ConnectivePosition="" ConnectiveAttribute="不可添加" RoleLocation="normal" LanguageSense="false"/>
    <relative ID="9" Relation_Pair="12--13" Center="1" times="33" Sentence="投资大大节省。|据测算，安玻二期工程实际投资，仅为国内目前成套引进国外技术和设备而兴建的同类项目总投资的二分之一。" position="272...278--279...327" ConnectiveType="隐式关系" Connective="" Major_relationType="解说性" RelationType="因果性+;目的性-;条件性-;虚拟性-;反转性-;顺序性-;解说性+;例证性-;评价性+;并列性-;递进性-;选择性-" ConnectivePosition="" ConnectiveAttribute="不可添加" RoleLocation="normal" LanguageSense="true"/>
    <relative ID="10" Relation_Pair="4--6" Center="1" times="18" Sentence="创造了引起国内外同行业广泛注目的多项奇迹。|仅用了十三个月，" position="108...128--155...162" ConnectiveType="隐式关系" Connective="" Major_relationType="解说性" RelationType="因果性-;目的性-;条件性-;虚拟性-;反转性-;顺序性-;解说性+;例证性-;评价性-;并列性-;递进性-;选择性-" ConnectivePosition="" ConnectiveAttribute="不可添加" RoleLocation="normal" LanguageSense="true"/>
    <relative ID="11" Relation_Pair="4--9" Center="1" times="17" Sentence="创造了引起国内外同行业广泛注目的多项奇迹。|二是实现了国内外人才、技术、设备、设计和施工等资源的最佳组合，" position="108...128--197...227" ConnectiveType="隐式关系" Connective="" Major_relationType="解说性" RelationType="因果性-;目的性-;条件性-;虚拟性-;反转性-;顺序性-;解说性+;例证性-;评价性-;并列性-;递进性-;选择性-" ConnectivePosition="" ConnectiveAttribute="不可添加" RoleLocation="normal" LanguageSense="true"/>
    <relative ID="12" Relation_Pair="4--12" Center="1" times="12" Sentence="创造了引起国内外同行业广泛注目的多项奇迹。|投资大大节省。" position="108...128--272...278" ConnectiveType="隐式关系" Connective="" Major_relationType="解说性" RelationType="因果性-;目的性-;条件性-;虚拟性-;反转性-;顺序性-;解说性+;例证性-;评价性-;并列性-;递进性-;选择性-" ConnectivePosition="" ConnectiveAttribute="不可添加" RoleLocation="normal" LanguageSense="true"/>
  </pragraph>
</doc>
