<?xml version="1.0" encoding="UTF-8"?>

<doc>
  <pragraph ID="2" content="1、美国商会中国分会近日派出一个２５人组成的代表团，2、在华盛顿向国会和白宫展开为期一周的游说活动，要求继续延长给中国的贸易最惠国待遇。">
    <relative ID="1" Relation_Pair="1--2" Center="2" times="13" Sentence="美国商会中国分会近日派出一个２５人组成的代表团，|在华盛顿向国会和白宫展开为期一周的游说活动，要求继续延长给中国的贸易最惠国待遇。" position="0...23--24...63" ConnectiveType="隐式关系" Connective="" Major_relationType="目的性" RelationType="因果性-;目的性+;条件性-;虚拟性-;反转性-;顺序性+;解说性-;例证性-;评价性-;并列性-;递进性-;选择性-" ConnectivePosition="" ConnectiveAttribute="不可添加" RoleLocation="normal" LanguageSense="true"/>
  </pragraph>
  <pragraph ID="3" content="1、参加这次游说活动的美商代表来自美国在华的许多知名大企业，2、如道·琼斯、ＡＴ＆Ｔ、ＩＢＭ、波音、麦道、通用电气、西屋电气、福特以及仙妮雷德集团等。3、他们分为５个小组，4、共约见了约１５０位议员或议员助手以及政府官员，5、用他们在中国投资办企业的经验，6、阐述延长给中国贸易最惠国待遇的必要性。">
    <relative ID="1" Relation_Pair="1--2" Center="1" times="14" Sentence="参加这次游说活动的美商代表来自美国在华的许多知名大企业，|如道·琼斯、ＡＴ＆Ｔ、ＩＢＭ、波音、麦道、通用电气、西屋电气、福特以及仙妮雷德集团等。" position="0...27--28...70" ConnectiveType="显式关系" Connective="如" Major_relationType="解说性" RelationType="因果性-;目的性-;条件性-;虚拟性-;反转性-;顺序性-;解说性+;例证性-;评价性-;并列性-;递进性-;选择性-" ConnectivePosition="29…30" ConnectiveAttribute="不可删除" RoleLocation="normal" LanguageSense="true"/>
    <relative ID="2" Relation_Pair="1--3" Center="1" times="8" Sentence="参加这次游说活动的美商代表来自美国在华的许多知名大企业，|他们分为５个小组，" position="0...27--71...79" ConnectiveType="隐式关系" Connective="" Major_relationType="解说性" RelationType="因果性-;目的性-;条件性-;虚拟性-;反转性-;顺序性-;解说性+;例证性-;评价性-;并列性-;递进性-;选择性-" ConnectivePosition="" ConnectiveAttribute="不可添加" RoleLocation="normal" LanguageSense="true"/>
    <relative ID="3" Relation_Pair="3--4" Center="1" times="26" Sentence="他们分为５个小组，|共约见了约１５０位议员或议员助手以及政府官员，" position="71...79--80...102" ConnectiveType="隐式关系" Connective="" Major_relationType="目的性" RelationType="因果性-;目的性+;条件性-;虚拟性-;反转性-;顺序性+;解说性-;例证性-;评价性-;并列性-;递进性-;选择性-" ConnectivePosition="" ConnectiveAttribute="不可添加" RoleLocation="normal" LanguageSense="true"/>
    <relative ID="4" Relation_Pair="1--5" Center="1" times="21" Sentence="参加这次游说活动的美商代表来自美国在华的许多知名大企业，|用他们在中国投资办企业的经验，" position="0...27--103...117" ConnectiveType="隐式关系" Connective="" Major_relationType="解说性" RelationType="因果性-;目的性-;条件性-;虚拟性-;反转性-;顺序性-;解说性+;例证性-;评价性-;并列性-;递进性-;选择性-" ConnectivePosition="" ConnectiveAttribute="不可添加" RoleLocation="normal" LanguageSense="true"/>
    <relative ID="5" Relation_Pair="5--6" Center="2" times="19" Sentence="用他们在中国投资办企业的经验，|阐述延长给中国贸易最惠国待遇的必要性。" position="103...117--118...136" ConnectiveType="隐式关系" Connective="" Major_relationType="解说性" RelationType="因果性-;目的性+;条件性-;虚拟性-;反转性-;顺序性-;解说性+;例证性-;评价性-;并列性-;递进性-;选择性-" ConnectivePosition="" ConnectiveAttribute="不可添加" RoleLocation="normal" LanguageSense="true"/>
  </pragraph>
  <pragraph ID="4" content="1、随着美国政府和国会一年一度对中国贸易最惠国待遇问题的审议又将临近，在华美资企业普遍担心今年大选年的美国党派之争可能使这个问题更加复杂，2、于是组团对他们进行有组织、有计划的游说活动。">
    <relative ID="1" Relation_Pair="1--2" Center="2" times="22" Sentence="随着美国政府和国会一年一度对中国贸易最惠国待遇问题的审议又将临近，在华美资企业普遍担心今年大选年的美国党派之争可能使这个问题更加复杂，|于是组团对他们进行有组织、有计划的游说活动。" position="0...66--67...88" ConnectiveType="显式关系" Connective="于是" Major_relationType="因果性" RelationType="因果性+;目的性+;条件性-;虚拟性+;反转性-;顺序性+;解说性-;例证性-;评价性-;并列性-;递进性-;选择性-" ConnectivePosition="68…70" ConnectiveAttribute="不可删除" RoleLocation="normal" LanguageSense="true"/>
  </pragraph>
  <pragraph ID="5" content="1、代表美国商会广州分会和仙妮雷德集团参加游说团的华裔商人王震对记者说，作为这次游说的后续行动，他准备发动公司下属的数万名经销商给当地国会议员写信，2、支持延长中国的贸易最惠国待遇。">
    <relative ID="1" Relation_Pair="1--2" Center="2" times="20" Sentence="代表美国商会广州分会和仙妮雷德集团参加游说团的华裔商人王震对记者说，作为这次游说的后续行动，他准备发动公司下属的数万名经销商给当地国会议员写信，|支持延长中国的贸易最惠国待遇。" position="0...71--72...86" ConnectiveType="隐式关系" Connective="" Major_relationType="目的性" RelationType="因果性-;目的性+;条件性-;虚拟性-;反转性-;顺序性-;解说性-;例证性-;评价性-;并列性-;递进性+;选择性-" ConnectivePosition="" ConnectiveAttribute="不可添加" RoleLocation="normal" LanguageSense="true"/>
  </pragraph>
  <pragraph ID="6" content="1、美国商会广东分会会长康永华律师说，克林顿政府已经表示要延长中国的贸易最惠国待遇，2、因此，这次游说的重点是那些较保守的议员。">
    <relative ID="1" Relation_Pair="1--2" Center="1" times="35" Sentence="美国商会广东分会会长康永华律师说，克林顿政府已经表示要延长中国的贸易最惠国待遇，|因此，这次游说的重点是那些较保守的议员。" position="0...39--40...59" ConnectiveType="显式关系" Connective="因此" Major_relationType="因果性" RelationType="因果性+;目的性+;条件性-;虚拟性-;反转性-;顺序性+;解说性-;例证性-;评价性-;并列性-;递进性-;选择性-" ConnectivePosition="41…43" ConnectiveAttribute="不可删除" RoleLocation="normal" LanguageSense="true"/>
  </pragraph>
</doc>
