<?xml version="1.0" encoding="UTF-8"?>

<doc>
  <pragraph ID="2" content="1、“五年前，中国的数字电话程控交换机市场为多种品牌的外国产品垄断，2、我们还担心中国能不能研制成功数字程控交换机。3、如今国产的高性能电话程控交换机已占国内市场份额的百分之三十六”。">
    <relative ID="1" Relation_Pair="1--2" Center="2" times="77" Sentence="“五年前，中国的数字电话程控交换机市场为多种品牌的外国产品垄断，|我们还担心中国能不能研制成功数字程控交换机。" position="0...31--32...53" ConnectiveType="隐式关系" Connective="" Major_relationType="因果性" RelationType="因果性+;目的性-;条件性-;虚拟性-;反转性-;顺序性+;解说性-;例证性-;评价性-;并列性-;递进性-;选择性-" ConnectivePosition="" ConnectiveAttribute="不可添加" RoleLocation="normal" LanguageSense="true"/>
    <relative ID="2" Relation_Pair="2--3" Center="2" times="27" Sentence="我们还担心中国能不能研制成功数字程控交换机。|如今国产的高性能电话程控交换机已占国内市场份额的百分之三十六”。" position="32...53--54...85" ConnectiveType="隐式关系" Connective="" Major_relationType="反转性" RelationType="因果性-;目的性-;条件性-;虚拟性-;反转性+;顺序性-;解说性-;例证性-;评价性-;并列性-;递进性-;选择性-" ConnectivePosition="" ConnectiveAttribute="不可添加" RoleLocation="normal" LanguageSense="true"/>
  </pragraph>
  <pragraph ID="3" content="1、“中国国家气象局购买美国克雷公司的大型计算机，2、克雷公司只卖给我们两台处理器。3、如今，我们自己开发的‘曙光１０００’计算机每秒最大计算速度已达二十五亿次，4、超过克雷公司卖给我们的计算机速度。”">
    <relative ID="1" Relation_Pair="1--2" Center="2" times="68" Sentence="“中国国家气象局购买美国克雷公司的大型计算机，|克雷公司只卖给我们两台处理器。" position="0...22--23...37" ConnectiveType="隐式关系" Connective="" Major_relationType="反转性" RelationType="因果性+;目的性-;条件性-;虚拟性-;反转性+;顺序性+;解说性-;例证性-;评价性-;并列性-;递进性-;选择性-" ConnectivePosition="" ConnectiveAttribute="不可添加" RoleLocation="normal" LanguageSense="true"/>
    <relative ID="2" Relation_Pair="3--4" Center="2" times="39" Sentence="如今，我们自己开发的‘曙光１０００’计算机每秒最大计算速度已达二十五亿次，|超过克雷公司卖给我们的计算机速度。”" position="38...74--75...92" ConnectiveType="隐式关系" Connective="" Major_relationType="解说性" RelationType="因果性-;目的性-;条件性-;虚拟性-;反转性-;顺序性-;解说性+;例证性-;评价性-;并列性-;递进性-;选择性-" ConnectivePosition="" ConnectiveAttribute="不可添加" RoleLocation="normal" LanguageSense="true"/>
    <relative ID="3" Relation_Pair="2--4" Center="2" times="53" Sentence="克雷公司只卖给我们两台处理器。|超过克雷公司卖给我们的计算机速度。”" position="23...37--75...92" ConnectiveType="隐式关系" Connective="" Major_relationType="反转性" RelationType="因果性-;目的性-;条件性-;虚拟性-;反转性+;顺序性-;解说性-;例证性-;评价性-;并列性-;递进性-;选择性-" ConnectivePosition="" ConnectiveAttribute="不可添加" RoleLocation="normal" LanguageSense="true"/>
  </pragraph>
  <pragraph ID="4" content="1、这是国务委员兼国家科委主任宋健今天在“八六三计划”工作会议上讲的一段话。2、“八六三计划”是中国高技术研究计划，3、启动于一九八六年。">
    <relative ID="1" Relation_Pair="1--2" Center="2" times="39" Sentence="这是国务委员兼国家科委主任宋健今天在“八六三计划”工作会议上讲的一段话。|“八六三计划”是中国高技术研究计划，" position="0...35--36...53" ConnectiveType="隐式关系" Connective="" Major_relationType="解说性" RelationType="因果性-;目的性-;条件性-;虚拟性-;反转性-;顺序性-;解说性+;例证性-;评价性-;并列性-;递进性-;选择性-" ConnectivePosition="" ConnectiveAttribute="不可添加" RoleLocation="normal" LanguageSense="true"/>
    <relative ID="2" Relation_Pair="2--3" Center="3" times="14" Sentence="“八六三计划”是中国高技术研究计划，|启动于一九八六年。" position="36...53--54...62" ConnectiveType="隐式关系" Connective="" Major_relationType="并列性" RelationType="因果性-;目的性-;条件性-;虚拟性-;反转性-;顺序性-;解说性-;例证性-;评价性-;并列性+;递进性-;选择性-" ConnectivePosition="" ConnectiveAttribute="不可添加" RoleLocation="normal" LanguageSense="true"/>
  </pragraph>
  <pragraph ID="5" content="1、西方发达国家一直禁止向中国出口重要的高技术产品，2、如高性能的大型数字电话程控交换机和巨型电子计算机。">
    <relative ID="1" Relation_Pair="1--2" Center="1" times="18" Sentence="西方发达国家一直禁止向中国出口重要的高技术产品，|如高性能的大型数字电话程控交换机和巨型电子计算机。" position="0...23--24...48" ConnectiveType="显式关系" Connective="如" Major_relationType="例证性" RelationType="因果性-;目的性-;条件性-;虚拟性-;反转性-;顺序性-;解说性-;例证性+;评价性-;并列性-;递进性-;选择性-" ConnectivePosition="25…26" ConnectiveAttribute="不可删除" RoleLocation="normal" LanguageSense="true"/>
  </pragraph>
  <pragraph ID="6" content="1、宋健说：“如今，中国已能生产上万门数字电话程控交换机，2、而且这种交换机的总设计师只有二十八岁，3、武汉大学毕业的。”">
    <relative ID="1" Relation_Pair="2--3" Center="3" times="12" Sentence="而且这种交换机的总设计师只有二十八岁，|武汉大学毕业的。”" position="27...45--46...54" ConnectiveType="隐式关系" Connective="" Major_relationType="并列性" RelationType="因果性-;目的性-;条件性-;虚拟性-;反转性-;顺序性-;解说性-;例证性-;评价性-;并列性+;递进性-;选择性-" ConnectivePosition="" ConnectiveAttribute="不可添加" RoleLocation="normal" LanguageSense="true"/>
    <relative ID="2" Relation_Pair="1--2" Center="2" times="58" Sentence="宋健说：“如今，中国已能生产上万门数字电话程控交换机，|而且这种交换机的总设计师只有二十八岁，" position="0...26--27...45" ConnectiveType="隐式关系" Connective="" Major_relationType="解说性" RelationType="因果性-;目的性-;条件性-;虚拟性-;反转性-;顺序性-;解说性+;例证性-;评价性-;并列性-;递进性-;选择性-" ConnectivePosition="" ConnectiveAttribute="不可添加" RoleLocation="normal" LanguageSense="true"/>
  </pragraph>
  <pragraph ID="8" content="1、宋健今天向出席会议的数百名高技术专家代表和科技官员说：“我们在高技术发展及其产业化所取得的一系列成就，2、进一步克服了认为高技术高不可攀的怯懦思想，3、极大地增强了我们全民族实现社会主义现代化的勇气和信心”。">
    <relative ID="1" Relation_Pair="1--2" Center="2" times="79" Sentence="宋健今天向出席会议的数百名高技术专家代表和科技官员说：“我们在高技术发展及其产业化所取得的一系列成就，|进一步克服了认为高技术高不可攀的怯懦思想，" position="0...50--51...71" ConnectiveType="隐式关系" Connective="" Major_relationType="因果性" RelationType="因果性+;目的性+;条件性-;虚拟性-;反转性-;顺序性-;解说性-;例证性-;评价性+;并列性-;递进性-;选择性-" ConnectivePosition="" ConnectiveAttribute="不可添加" RoleLocation="normal" LanguageSense="true"/>
    <relative ID="2" Relation_Pair="1--3" Center="2" times="11" Sentence="宋健今天向出席会议的数百名高技术专家代表和科技官员说：“我们在高技术发展及其产业化所取得的一系列成就，|极大地增强了我们全民族实现社会主义现代化的勇气和信心”。" position="0...50--72...99" ConnectiveType="隐式关系" Connective="" Major_relationType="因果性" RelationType="因果性+;目的性+;条件性-;虚拟性-;反转性-;顺序性-;解说性-;例证性-;评价性+;并列性-;递进性-;选择性-" ConnectivePosition="" ConnectiveAttribute="不可添加" RoleLocation="normal" LanguageSense="true"/>
  </pragraph>
  <pragraph ID="9" content="1、总投资一百亿元人民币，2、为期十五年的“八六三计划”自一九八六年实施以来，在一大批重大关键技术领域获得突破性进展，3、大大缩小了中国高技术与国际先进水平的差距，4、促进了民用工业和国防工业的现代化。5、仅在民用的生物技术、信息技术、自动化技术、能源技术和新材料技术领域，已取得一千二百多项研究成果，6、其中达到国际先进水平的有五百六十项。">
    <relative ID="1" Relation_Pair="1--2" Center="2" times="55" Sentence="总投资一百亿元人民币，|为期十五年的“八六三计划”自一九八六年实施以来，在一大批重大关键技术领域获得突破性进展，" position="0...10--11...54" ConnectiveType="隐式关系" Connective="" Major_relationType="评价性" RelationType="因果性+;目的性-;条件性-;虚拟性-;反转性-;顺序性-;解说性-;例证性-;评价性+;并列性-;递进性-;选择性-" ConnectivePosition="" ConnectiveAttribute="不可添加" RoleLocation="normal" LanguageSense="true"/>
    <relative ID="2" Relation_Pair="2--3" Center="1" times="8" Sentence="为期十五年的“八六三计划”自一九八六年实施以来，在一大批重大关键技术领域获得突破性进展，|大大缩小了中国高技术与国际先进水平的差距，" position="11...54--55...75" ConnectiveType="隐式关系" Connective="" Major_relationType="评价性" RelationType="因果性+;目的性-;条件性-;虚拟性-;反转性-;顺序性+;解说性-;例证性-;评价性+;并列性-;递进性-;选择性-" ConnectivePosition="" ConnectiveAttribute="不可添加" RoleLocation="normal" LanguageSense="true"/>
    <relative ID="3" Relation_Pair="2--4" Center="1" times="10" Sentence="为期十五年的“八六三计划”自一九八六年实施以来，在一大批重大关键技术领域获得突破性进展，|促进了民用工业和国防工业的现代化。" position="11...54--76...92" ConnectiveType="隐式关系" Connective="" Major_relationType="评价性" RelationType="因果性+;目的性-;条件性-;虚拟性-;反转性-;顺序性+;解说性-;例证性-;评价性+;并列性-;递进性-;选择性-" ConnectivePosition="" ConnectiveAttribute="不可添加" RoleLocation="normal" LanguageSense="true"/>
    <relative ID="4" Relation_Pair="2--5" Center="1" times="22" Sentence="为期十五年的“八六三计划”自一九八六年实施以来，在一大批重大关键技术领域获得突破性进展，|仅在民用的生物技术、信息技术、自动化技术、能源技术和新材料技术领域，已取得一千二百多项研究成果，" position="11...54--93...140" ConnectiveType="显式关系" Connective="仅" Major_relationType="例证性" RelationType="因果性-;目的性-;条件性-;虚拟性-;反转性-;顺序性-;解说性-;例证性+;评价性-;并列性-;递进性-;选择性-" ConnectivePosition="97…98" ConnectiveAttribute="不可删除" RoleLocation="normal" LanguageSense="true"/>
    <relative ID="5" Relation_Pair="5--6" Center="1" times="22" Sentence="仅在民用的生物技术、信息技术、自动化技术、能源技术和新材料技术领域，已取得一千二百多项研究成果，|其中达到国际先进水平的有五百六十项。" position="93...140--141...158" ConnectiveType="显式关系" Connective="其中" Major_relationType="解说性" RelationType="因果性-;目的性-;条件性-;虚拟性-;反转性-;顺序性-;解说性+;例证性-;评价性-;并列性-;递进性-;选择性-" ConnectivePosition="146…148" ConnectiveAttribute="不可删除" RoleLocation="normal" LanguageSense="true"/>
  </pragraph>
  <pragraph ID="10" content="1、此外，中国在航天技术和激光技术领域安排了四百多个课题的研究，2、涉及空间科学及应用、大型运载火箭、空间站、天地往返运输系统，3、在一些关键技术领域取得阶段性成果。">
    <relative ID="1" Relation_Pair="1--2" Center="1" times="23" Sentence="此外，中国在航天技术和激光技术领域安排了四百多个课题的研究，|涉及空间科学及应用、大型运载火箭、空间站、天地往返运输系统，" position="0...29--30...59" ConnectiveType="显式关系" Connective="涉及" Major_relationType="解说性" RelationType="因果性-;目的性-;条件性-;虚拟性-;反转性-;顺序性-;解说性+;例证性-;评价性-;并列性-;递进性-;选择性-" ConnectivePosition="31…33" ConnectiveAttribute="不可删除" RoleLocation="normal" LanguageSense="true"/>
    <relative ID="2" Relation_Pair="1--3" Center="1" times="122" Sentence="此外，中国在航天技术和激光技术领域安排了四百多个课题的研究，|在一些关键技术领域取得阶段性成果。" position="0...29--60...76" ConnectiveType="隐式关系" Connective="" Major_relationType="评价性" RelationType="因果性-;目的性-;条件性-;虚拟性-;反转性-;顺序性-;解说性-;例证性-;评价性+;并列性-;递进性-;选择性-" ConnectivePosition="" ConnectiveAttribute="不可添加" RoleLocation="normal" LanguageSense="true"/>
  </pragraph>
  <pragraph ID="11" content="1、宋健还列举了中国在农业生物技术、生物医药、基因工程、激光、机器人等领域取得的具有国际先进水平的重大成就，2、如中国研制的基因工程乙肝疫苗和用于阻断乙肝进程的ａ干扰素已经上市，3、为中国一点二亿乙肝病毒携带者带来福音。4、晚期乙肝疾病往往会转化为肝癌。">
    <relative ID="1" Relation_Pair="1--2" Center="1" times="11" Sentence="宋健还列举了中国在农业生物技术、生物医药、基因工程、激光、机器人等领域取得的具有国际先进水平的重大成就，|如中国研制的基因工程乙肝疫苗和用于阻断乙肝进程的ａ干扰素已经上市，" position="0...51--52...84" ConnectiveType="显式关系" Connective="如" Major_relationType="例证性" RelationType="因果性-;目的性-;条件性-;虚拟性-;反转性-;顺序性-;解说性-;例证性+;评价性-;并列性-;递进性-;选择性-" ConnectivePosition="53…54" ConnectiveAttribute="不可删除" RoleLocation="normal" LanguageSense="true"/>
    <relative ID="2" Relation_Pair="2--3" Center="1" times="38" Sentence="如中国研制的基因工程乙肝疫苗和用于阻断乙肝进程的ａ干扰素已经上市，|为中国一点二亿乙肝病毒携带者带来福音。" position="52...84--85...103" ConnectiveType="隐式关系" Connective="" Major_relationType="评价性" RelationType="因果性+;目的性-;条件性-;虚拟性-;反转性-;顺序性+;解说性-;例证性-;评价性+;并列性-;递进性-;选择性-" ConnectivePosition="" ConnectiveAttribute="不可添加" RoleLocation="normal" LanguageSense="false"/>
    <relative ID="3" Relation_Pair="3--4" Center="1" times="17" Sentence="为中国一点二亿乙肝病毒携带者带来福音。|晚期乙肝疾病往往会转化为肝癌。" position="85...103--104...118" ConnectiveType="隐式关系" Connective="" Major_relationType="反转性" RelationType="因果性-;目的性-;条件性-;虚拟性-;反转性+;顺序性-;解说性-;例证性-;评价性-;并列性-;递进性-;选择性-" ConnectivePosition="" ConnectiveAttribute="不可添加" RoleLocation="normal" LanguageSense="true"/>
  </pragraph>
  <pragraph ID="12" content="1、中国已确定了未来五年高技术研究重点，2、并着手制订下世纪的高科技研究计划。">
    <relative ID="1" Relation_Pair="1--2" Center="3" times="17" Sentence="中国已确定了未来五年高技术研究重点，|并着手制订下世纪的高科技研究计划。" position="0...17--18...34" ConnectiveType="显式关系" Connective="并" Major_relationType="并列性" RelationType="因果性-;目的性-;条件性-;虚拟性-;反转性-;顺序性-;解说性-;例证性-;评价性-;并列性+;递进性-;选择性-" ConnectivePosition="19…20" ConnectiveAttribute="不可删除" RoleLocation="normal" LanguageSense="true"/>
  </pragraph>
  <pragraph ID="13" content="1、宋健最后说，“能否把我们自己的高技术及其产业搞上去，2、关系到中国现代化建设事业的成败，3、关系到中华民族的兴衰。4、大力发展高技术，5、尽快形成我国强大的民族高技术产业，6、是当前中国科技界和经济界面临的迫切任务。”">
    <relative ID="1" Relation_Pair="1--2" Center="2" times="231" Sentence="宋健最后说，“能否把我们自己的高技术及其产业搞上去，|关系到中国现代化建设事业的成败，" position="0...25--26...41" ConnectiveType="隐式关系" Connective="" Major_relationType="解说性" RelationType="因果性+;目的性-;条件性-;虚拟性-;反转性-;顺序性-;解说性+;例证性-;评价性-;并列性-;递进性-;选择性-" ConnectivePosition="" ConnectiveAttribute="不可添加" RoleLocation="normal" LanguageSense="true"/>
    <relative ID="2" Relation_Pair="2--3" Center="3" times="11" Sentence="关系到中国现代化建设事业的成败，|关系到中华民族的兴衰。" position="26...41--42...52" ConnectiveType="隐式关系" Connective="" Major_relationType="并列性" RelationType="因果性-;目的性-;条件性-;虚拟性-;反转性-;顺序性-;解说性-;例证性-;评价性-;并列性+;递进性-;选择性-" ConnectivePosition="" ConnectiveAttribute="不可添加" RoleLocation="normal" LanguageSense="true"/>
    <relative ID="3" Relation_Pair="3--4" Center="2" times="22" Sentence="关系到中华民族的兴衰。|大力发展高技术，" position="42...52--53...60" ConnectiveType="隐式关系" Connective="" Major_relationType="因果性" RelationType="因果性+;目的性-;条件性-;虚拟性-;反转性-;顺序性-;解说性-;例证性-;评价性-;并列性-;递进性-;选择性-" ConnectivePosition="" ConnectiveAttribute="不可添加" RoleLocation="normal" LanguageSense="true"/>
    <relative ID="4" Relation_Pair="4--5" Center="1" times="63" Sentence="大力发展高技术，|尽快形成我国强大的民族高技术产业，" position="53...60--61...77" ConnectiveType="隐式关系" Connective="" Major_relationType="目的性" RelationType="因果性-;目的性+;条件性-;虚拟性+;反转性-;顺序性-;解说性-;例证性-;评价性-;并列性-;递进性-;选择性-" ConnectivePosition="" ConnectiveAttribute="不可添加" RoleLocation="normal" LanguageSense="true"/>
    <relative ID="5" Relation_Pair="4--6" Center="1" times="25" Sentence="大力发展高技术，|是当前中国科技界和经济界面临的迫切任务。”" position="53...60--78...98" ConnectiveType="隐式关系" Connective="" Major_relationType="评价性" RelationType="因果性-;目的性-;条件性-;虚拟性-;反转性-;顺序性-;解说性-;例证性-;评价性+;并列性-;递进性-;选择性-" ConnectivePosition="" ConnectiveAttribute="不可添加" RoleLocation="normal" LanguageSense="true"/>
  </pragraph>
</doc>
