<?xml version="1.0" encoding="UTF-8"?>

<doc>
  <pragraph ID="3" content="1、这个采用差别化氨伦丝生产技术改造的项目，总投资七千万元，2、累计年产氨纶丝一千五百吨。">
    <relative ID="1" Relation_Pair="1--2" Center="3" times="20" Sentence="这个采用差别化氨伦丝生产技术改造的项目，总投资七千万元，|累计年产氨纶丝一千五百吨。" position="0...27--28...40" ConnectiveType="隐式关系" Connective="" Major_relationType="并列性" RelationType="因果性-;目的性-;条件性-;虚拟性-;反转性-;顺序性-;解说性-;例证性-;评价性-;并列性+;递进性-;选择性-" ConnectivePosition="" ConnectiveAttribute="不可添加" RoleLocation="normal" LanguageSense="true"/>
  </pragraph>
  <pragraph ID="4" content="1、连云港钟山氨纶丝有限公司是九十年代初引进日本东洋纺织技术和设备的一家苏港合资企业，2、前两期工程建成并投产以来，3、已累计实现利润一点四七亿元，4、跻身于国家二类大型企业行列。5、这次新投产的生产线，由该公司自行设计，自行开发，自行调试。6、设备从安装到投产只用了三个月时间，7、开发了企业自己的专利技术，8、为公司下一步对外输出氨伦丝生产技术奠定了基础。">
    <relative ID="1" Relation_Pair="1--2" Center="2" times="46" Sentence="连云港钟山氨纶丝有限公司是九十年代初引进日本东洋纺织技术和设备的一家苏港合资企业，|前两期工程建成并投产以来，" position="0...40--41...53" ConnectiveType="隐式关系" Connective="" Major_relationType="解说性" RelationType="因果性-;目的性-;条件性-;虚拟性-;反转性-;顺序性-;解说性+;例证性-;评价性-;并列性-;递进性-;选择性-" ConnectivePosition="" ConnectiveAttribute="不可添加" RoleLocation="normal" LanguageSense="true"/>
    <relative ID="2" Relation_Pair="2--3" Center="1" times="115" Sentence="前两期工程建成并投产以来，|已累计实现利润一点四七亿元，" position="41...53--54...67" ConnectiveType="隐式关系" Connective="" Major_relationType="因果性" RelationType="因果性+;目的性-;条件性-;虚拟性-;反转性-;顺序性-;解说性-;例证性-;评价性-;并列性-;递进性-;选择性-" ConnectivePosition="" ConnectiveAttribute="不可添加" RoleLocation="normal" LanguageSense="true"/>
    <relative ID="3" Relation_Pair="2--4" Center="1" times="8" Sentence="前两期工程建成并投产以来，|跻身于国家二类大型企业行列。" position="41...53--68...81" ConnectiveType="隐式关系" Connective="" Major_relationType="因果性" RelationType="因果性+;目的性-;条件性-;虚拟性-;反转性-;顺序性-;解说性-;例证性-;评价性-;并列性-;递进性-;选择性-" ConnectivePosition="" ConnectiveAttribute="不可添加" RoleLocation="normal" LanguageSense="true"/>
    <relative ID="4" Relation_Pair="2--5" Center="3" times="46" Sentence="前两期工程建成并投产以来，|这次新投产的生产线，由该公司自行设计，自行开发，自行调试。" position="41...53--82...110" ConnectiveType="隐式关系" Connective="" Major_relationType="并列性" RelationType="因果性-;目的性-;条件性-;虚拟性-;反转性-;顺序性+;解说性-;例证性-;评价性-;并列性+;递进性-;选择性-" ConnectivePosition="" ConnectiveAttribute="不可添加" RoleLocation="normal" LanguageSense="true"/>
    <relative ID="5" Relation_Pair="5--6" Center="1" times="13" Sentence="这次新投产的生产线，由该公司自行设计，自行开发，自行调试。|设备从安装到投产只用了三个月时间，" position="82...110--111...127" ConnectiveType="隐式关系" Connective="" Major_relationType="解说性" RelationType="因果性-;目的性-;条件性-;虚拟性-;反转性-;顺序性-;解说性+;例证性-;评价性-;并列性-;递进性-;选择性-" ConnectivePosition="" ConnectiveAttribute="不可添加" RoleLocation="normal" LanguageSense="true"/>
    <relative ID="6" Relation_Pair="5--7" Center="1" times="53" Sentence="这次新投产的生产线，由该公司自行设计，自行开发，自行调试。|开发了企业自己的专利技术，" position="82...110--128...140" ConnectiveType="隐式关系" Connective="" Major_relationType="解说性" RelationType="因果性-;目的性-;条件性-;虚拟性-;反转性-;顺序性-;解说性+;例证性-;评价性-;并列性-;递进性-;选择性-" ConnectivePosition="" ConnectiveAttribute="不可添加" RoleLocation="normal" LanguageSense="true"/>
    <relative ID="7" Relation_Pair="7--8" Center="1" times="427" Sentence="开发了企业自己的专利技术，|为公司下一步对外输出氨伦丝生产技术奠定了基础。" position="128...140--141...163" ConnectiveType="隐式关系" Connective="" Major_relationType="因果性" RelationType="因果性+;目的性-;条件性-;虚拟性+;反转性-;顺序性+;解说性-;例证性-;评价性+;并列性-;递进性-;选择性-" ConnectivePosition="" ConnectiveAttribute="不可添加" RoleLocation="normal" LanguageSense="true"/>
  </pragraph>
</doc>
