<?xml version="1.0" encoding="UTF-8"?>

<doc>
  <pragraph ID="2" content="1、地处世界名山庐山脚下的九江民生集团有限公司，是跻身中国五百家最大私营企业。2、身兼全国政协委员、江西省政协常委、集团公司总裁等多职的王翔，在谈到近几年大量投资国家基础建设取得成效时，实实在在地告诉记者：“立足内地，为当地经济发展‘修桥铺路’，是我明智的选择。”">
    <relative ID="1" Relation_Pair="1--2" Center="3" times="32" Sentence="地处世界名山庐山脚下的九江民生集团有限公司，是跻身中国五百家最大私营企业。|身兼全国政协委员、江西省政协常委、集团公司总裁等多职的王翔，在谈到近几年大量投资国家基础建设取得成效时，实实在在地告诉记者：“立足内地，为当地经济发展‘修桥铺路’，是我明智的选择。”" position="0...36--37...127" ConnectiveType="隐式关系" Connective="" Major_relationType="并列性" RelationType="因果性-;目的性-;条件性-;虚拟性-;反转性-;顺序性-;解说性-;例证性-;评价性-;并列性+;递进性-;选择性-" ConnectivePosition="" ConnectiveAttribute="不可添加" RoleLocation="normal" LanguageSense="true"/>
  </pragraph>
  <pragraph ID="3" content="1、王翔虽年过半百，2、但其充沛的精力和敏捷的思维，给人以一个挑战者的印象。3、民生集团近两年为改善九江基础设施所做的贡献，4、在九江无人不晓。">
    <relative ID="1" Relation_Pair="1--2" Center="2" times="95" Sentence="王翔虽年过半百，|但其充沛的精力和敏捷的思维，给人以一个挑战者的印象。" position="0...7--8...33" ConnectiveType="显式关系" Connective="但" Major_relationType="反转性" RelationType="因果性-;目的性-;条件性-;虚拟性-;反转性+;顺序性-;解说性-;例证性-;评价性-;并列性-;递进性-;选择性-" ConnectivePosition="9…10" ConnectiveAttribute="不可删除" RoleLocation="normal" LanguageSense="true"/>
    <relative ID="2" Relation_Pair="3--4" Center="1" times="67" Sentence="民生集团近两年为改善九江基础设施所做的贡献，|在九江无人不晓。" position="34...55--56...63" ConnectiveType="隐式关系" Connective="" Major_relationType="评价性" RelationType="因果性-;目的性-;条件性-;虚拟性-;反转性-;顺序性-;解说性-;例证性-;评价性+;并列性-;递进性-;选择性-" ConnectivePosition="" ConnectiveAttribute="不可添加" RoleLocation="normal" LanguageSense="true"/>
    <relative ID="3" Relation_Pair="2--4" Center="3" times="13" Sentence="但其充沛的精力和敏捷的思维，给人以一个挑战者的印象。|在九江无人不晓。" position="8...33--56...63" ConnectiveType="隐式关系" Connective="" Major_relationType="并列性" RelationType="因果性-;目的性-;条件性-;虚拟性-;反转性-;顺序性-;解说性-;例证性-;评价性-;并列性+;递进性-;选择性-" ConnectivePosition="" ConnectiveAttribute="不可添加" RoleLocation="normal" LanguageSense="true"/>
  </pragraph>
  <pragraph ID="4" content="1、九江是江西的北大门，2、是沿长江开放开发的重点城市之一。3、王翔投巨资一点二七亿元人民币参与了九江火车站站场的建设。4、江泽民主席在九江视察时说：“九江地处京九中段，地理位置很好，九江前途无量。”5、并亲笔为九江站题写了站名。">
    <relative ID="1" Relation_Pair="1--2" Center="3" times="36" Sentence="九江是江西的北大门，|是沿长江开放开发的重点城市之一。" position="0...9--10...25" ConnectiveType="隐式关系" Connective="" Major_relationType="并列性" RelationType="因果性-;目的性-;条件性-;虚拟性-;反转性-;顺序性-;解说性-;例证性-;评价性-;并列性+;递进性-;选择性-" ConnectivePosition="" ConnectiveAttribute="不可添加" RoleLocation="normal" LanguageSense="true"/>
    <relative ID="2" Relation_Pair="2--3" Center="2" times="353" Sentence="是沿长江开放开发的重点城市之一。|王翔投巨资一点二七亿元人民币参与了九江火车站站场的建设。" position="10...25--26...53" ConnectiveType="隐式关系" Connective="" Major_relationType="因果性" RelationType="因果性+;目的性-;条件性-;虚拟性-;反转性-;顺序性-;解说性-;例证性-;评价性-;并列性-;递进性-;选择性-" ConnectivePosition="" ConnectiveAttribute="不可添加" RoleLocation="normal" LanguageSense="true"/>
    <relative ID="3" Relation_Pair="4--5" Center="3" times="28" Sentence="江泽民主席在九江视察时说：“九江地处京九中段，地理位置很好，九江前途无量。”|并亲笔为九江站题写了站名。" position="54...91--92...104" ConnectiveType="显式关系" Connective="并" Major_relationType="并列性" RelationType="因果性-;目的性-;条件性-;虚拟性-;反转性-;顺序性-;解说性-;例证性-;评价性-;并列性+;递进性-;选择性-" ConnectivePosition="96…97" ConnectiveAttribute="不可删除" RoleLocation="normal" LanguageSense="true"/>
    <relative ID="4" Relation_Pair="2--4" Center="3" times="11" Sentence="是沿长江开放开发的重点城市之一。|江泽民主席在九江视察时说：“九江地处京九中段，地理位置很好，九江前途无量。”" position="10...25--54...91" ConnectiveType="隐式关系" Connective="" Major_relationType="并列性" RelationType="因果性-;目的性-;条件性-;虚拟性-;反转性-;顺序性-;解说性-;例证性-;评价性-;并列性+;递进性-;选择性-" ConnectivePosition="" ConnectiveAttribute="不可添加" RoleLocation="normal" LanguageSense="true"/>
  </pragraph>
  <pragraph ID="5" content="1、九江是连接长江南北的要道。2、但每年的汛期给当地经济建设和老百姓的生活都造成了一定的影响，3、特别是九江市的龙开河下游段处在市区的中轴线位置上，其水流穿城区注入长江，4、所以一到汛期，5、上涨的长江水倒灌，6、使龙开河下游段成了历年紧张抗洪的战场。7、为此，省政府将“龙开河治理开发工程”纳入了省重点防洪工程。">
    <relative ID="1" Relation_Pair="2--3" Center="1" times="52" Sentence="但每年的汛期给当地经济建设和老百姓的生活都造成了一定的影响，|特别是九江市的龙开河下游段处在市区的中轴线位置上，其水流穿城区注入长江，" position="13...42--43...78" ConnectiveType="显式关系" Connective="特别是" Major_relationType="解说性" RelationType="因果性-;目的性-;条件性-;虚拟性-;反转性-;顺序性-;解说性+;例证性-;评价性-;并列性-;递进性+;选择性-" ConnectivePosition="45…48" ConnectiveAttribute="不可删除" RoleLocation="normal" LanguageSense="true"/>
    <relative ID="2" Relation_Pair="4--5" Center="2" times="77" Sentence="所以一到汛期，|上涨的长江水倒灌，" position="79...85--86...94" ConnectiveType="隐式关系" Connective="" Major_relationType="因果性" RelationType="因果性+;目的性-;条件性-;虚拟性+;反转性-;顺序性-;解说性-;例证性-;评价性-;并列性-;递进性-;选择性-" ConnectivePosition="82…84" ConnectiveAttribute="不可添加" RoleLocation="normal" LanguageSense="true"/>
    <relative ID="3" Relation_Pair="5--6" Center="2" times="29" Sentence="上涨的长江水倒灌，|使龙开河下游段成了历年紧张抗洪的战场。" position="86...94--95...113" ConnectiveType="显式关系" Connective="使" Major_relationType="因果性" RelationType="因果性+;目的性-;条件性-;虚拟性-;反转性-;顺序性-;解说性-;例证性-;评价性+;并列性-;递进性-;选择性-" ConnectivePosition="100…101" ConnectiveAttribute="不可删除" RoleLocation="normal" LanguageSense="true"/>
    <relative ID="4" Relation_Pair="3--6" Center="2" times="79" Sentence="特别是九江市的龙开河下游段处在市区的中轴线位置上，其水流穿城区注入长江，|使龙开河下游段成了历年紧张抗洪的战场。" position="43...78--95...113" ConnectiveType="显式关系" Connective="使" Major_relationType="因果性" RelationType="因果性+;目的性-;条件性-;虚拟性-;反转性-;顺序性-;解说性-;例证性-;评价性-;并列性-;递进性-;选择性-" ConnectivePosition="100…101" ConnectiveAttribute="不可删除" RoleLocation="normal" LanguageSense="true"/>
    <relative ID="5" Relation_Pair="6--7" Center="2" times="34" Sentence="使龙开河下游段成了历年紧张抗洪的战场。|为此，省政府将“龙开河治理开发工程”纳入了省重点防洪工程。" position="95...113--114...142" ConnectiveType="显式关系" Connective="为此" Major_relationType="因果性" RelationType="因果性+;目的性-;条件性-;虚拟性-;反转性-;顺序性-;解说性-;例证性-;评价性-;并列性-;递进性-;选择性-" ConnectivePosition="120…122" ConnectiveAttribute="不可删除" RoleLocation="normal" LanguageSense="true"/>
    <relative ID="6" Relation_Pair="1--2" Center="2" times="24" Sentence="九江是连接长江南北的要道。|但每年的汛期给当地经济建设和老百姓的生活都造成了一定的影响，" position="0...12--13...42" ConnectiveType="显式关系" Connective="但" Major_relationType="反转性" RelationType="因果性-;目的性-;条件性-;虚拟性-;反转性+;顺序性-;解说性-;例证性-;评价性-;并列性-;递进性-;选择性-" ConnectivePosition="14…15" ConnectiveAttribute="不可删除" RoleLocation="normal" LanguageSense="true"/>
  </pragraph>
  <pragraph ID="6" content="1、王翔得知后立即请专家论证。2、他说，这是一项施泽后世的工程，3、也是政府最急切要办的事，4、我有责任尽一份力。5、王翔举全力投资一点二亿元人民币兴建防洪工程。6、在今年的防汛中这项工程显示出了巨大的威力。">
    <relative ID="1" Relation_Pair="2--3" Center="3" times="29" Sentence="他说，这是一项施泽后世的工程，|也是政府最急切要办的事，" position="13...27--28...39" ConnectiveType="显式关系" Connective="也" Major_relationType="并列性" RelationType="因果性-;目的性-;条件性-;虚拟性-;反转性-;顺序性-;解说性-;例证性-;评价性-;并列性+;递进性-;选择性-" ConnectivePosition="30…31" ConnectiveAttribute="不可删除" RoleLocation="normal" LanguageSense="true"/>
    <relative ID="2" Relation_Pair="3--4" Center="1" times="59" Sentence="也是政府最急切要办的事，|我有责任尽一份力。" position="28...39--40...48" ConnectiveType="隐式关系" Connective="" Major_relationType="因果性" RelationType="因果性+;目的性-;条件性-;虚拟性-;反转性-;顺序性-;解说性-;例证性-;评价性-;并列性-;递进性-;选择性-" ConnectivePosition="" ConnectiveAttribute="不可添加" RoleLocation="normal" LanguageSense="true"/>
    <relative ID="3" Relation_Pair="4--5" Center="2" times="39" Sentence="我有责任尽一份力。|王翔举全力投资一点二亿元人民币兴建防洪工程。" position="40...48--49...70" ConnectiveType="隐式关系" Connective="" Major_relationType="解说性" RelationType="因果性+;目的性-;条件性-;虚拟性-;反转性-;顺序性-;解说性+;例证性-;评价性-;并列性-;递进性-;选择性-" ConnectivePosition="" ConnectiveAttribute="不可添加" RoleLocation="normal" LanguageSense="true"/>
    <relative ID="4" Relation_Pair="5--6" Center="1" times="35" Sentence="王翔举全力投资一点二亿元人民币兴建防洪工程。|在今年的防汛中这项工程显示出了巨大的威力。" position="49...70--71...91" ConnectiveType="隐式关系" Connective="" Major_relationType="评价性" RelationType="因果性+;目的性-;条件性-;虚拟性-;反转性-;顺序性+;解说性-;例证性-;评价性+;并列性-;递进性-;选择性-" ConnectivePosition="" ConnectiveAttribute="不可添加" RoleLocation="normal" LanguageSense="true"/>
    <relative ID="5" Relation_Pair="1--2" Center="2" times="17" Sentence="王翔得知后立即请专家论证。|他说，这是一项施泽后世的工程，" position="0...12--13...27" ConnectiveType="隐式关系" Connective="" Major_relationType="因果性" RelationType="因果性+;目的性-;条件性-;虚拟性-;反转性-;顺序性-;解说性-;例证性-;评价性-;并列性-;递进性-;选择性-" ConnectivePosition="" ConnectiveAttribute="不可添加" RoleLocation="normal" LanguageSense="true"/>
  </pragraph>
  <pragraph ID="7" content="1、目前，王翔又开始了九龙街的建设。2、与此同时，为改善九江的投资环境，3、王翔决定投资数亿元在九江市区开发建设与世界名山庐山相呼应的“大千世界游乐园”。">
    <relative ID="1" Relation_Pair="2--3" Center="2" times="30" Sentence="与此同时，为改善九江的投资环境，|王翔决定投资数亿元在九江市区开发建设与世界名山庐山相呼应的“大千世界游乐园”。" position="16...31--32...70" ConnectiveType="显式关系" Connective="为" Major_relationType="目的性" RelationType="因果性-;目的性+;条件性-;虚拟性-;反转性-;顺序性-;解说性-;例证性-;评价性-;并列性-;递进性-;选择性-" ConnectivePosition="22…23" ConnectiveAttribute="不可删除" RoleLocation="normal" LanguageSense="true"/>
    <relative ID="2" Relation_Pair="1--3" Center="3" times="21" Sentence="目前，王翔又开始了九龙街的建设。|王翔决定投资数亿元在九江市区开发建设与世界名山庐山相呼应的“大千世界游乐园”。" position="0...15--32...70" ConnectiveType="显式关系" Connective="与此同时" Major_relationType="并列性" RelationType="因果性-;目的性-;条件性-;虚拟性-;反转性-;顺序性-;解说性-;例证性-;评价性-;并列性+;递进性-;选择性-" ConnectivePosition="17…21" ConnectiveAttribute="不可删除" RoleLocation="normal" LanguageSense="true"/>
  </pragraph>
  <pragraph ID="8" content="1、王翔投资国家基础设施建设，2、利国利民利己。3、当地政府为鼓励投资者，4、已将王翔投资建设的九江火车站站场和填平后的龙开河部分地带交给王翔治理开发。5、有人预言，随着九江的进一步开放开发，王翔将从政府划给他的土地中获得可观的利润。">
    <relative ID="1" Relation_Pair="1--2" Center="1" times="60" Sentence="王翔投资国家基础设施建设，|利国利民利己。" position="0...12--13...19" ConnectiveType="隐式关系" Connective="" Major_relationType="评价性" RelationType="因果性+;目的性-;条件性-;虚拟性-;反转性-;顺序性-;解说性-;例证性-;评价性+;并列性-;递进性-;选择性-" ConnectivePosition="" ConnectiveAttribute="不可添加" RoleLocation="normal" LanguageSense="true"/>
    <relative ID="2" Relation_Pair="3--4" Center="2" times="80" Sentence="当地政府为鼓励投资者，|已将王翔投资建设的九江火车站站场和填平后的龙开河部分地带交给王翔治理开发。" position="20...30--31...67" ConnectiveType="显式关系" Connective="为" Major_relationType="目的性" RelationType="因果性-;目的性+;条件性-;虚拟性-;反转性-;顺序性-;解说性+;例证性-;评价性-;并列性-;递进性-;选择性-" ConnectivePosition="26…27" ConnectiveAttribute="不可删除" RoleLocation="normal" LanguageSense="true"/>
    <relative ID="3" Relation_Pair="4--5" Center="1" times="66" Sentence="已将王翔投资建设的九江火车站站场和填平后的龙开河部分地带交给王翔治理开发。|有人预言，随着九江的进一步开放开发，王翔将从政府划给他的土地中获得可观的利润。" position="31...67--68...106" ConnectiveType="隐式关系" Connective="" Major_relationType="因果性" RelationType="因果性+;目的性-;条件性-;虚拟性+;反转性-;顺序性-;解说性-;例证性-;评价性-;并列性-;递进性-;选择性-" ConnectivePosition="" ConnectiveAttribute="不可添加" RoleLocation="normal" LanguageSense="true"/>
    <relative ID="4" Relation_Pair="1--4" Center="1" times="103" Sentence="王翔投资国家基础设施建设，|已将王翔投资建设的九江火车站站场和填平后的龙开河部分地带交给王翔治理开发。" position="0...12--31...67" ConnectiveType="隐式关系" Connective="" Major_relationType="因果性" RelationType="因果性+;目的性-;条件性-;虚拟性-;反转性-;顺序性+;解说性-;例证性-;评价性-;并列性-;递进性-;选择性-" ConnectivePosition="" ConnectiveAttribute="不可添加" RoleLocation="normal" LanguageSense="true"/>
  </pragraph>
  <pragraph ID="9" content="1、王翔创业的民生集团，是江西省最早成立的由台属、侨属等集资兴办的集体企业，2、到今天已经历了十一个春秋，3、下属二十二个子公司。4、不断壮大的企业规模，已从流通领域拓展到生产领域、高新技术、房地产、建筑及投资建设大型基础设施等多行业多领域。">
    <relative ID="1" Relation_Pair="1--2" Center="1" times="18" Sentence="王翔创业的民生集团，是江西省最早成立的由台属、侨属等集资兴办的集体企业，|到今天已经历了十一个春秋，" position="0...35--36...48" ConnectiveType="隐式关系" Connective="" Major_relationType="解说性" RelationType="因果性-;目的性-;条件性-;虚拟性-;反转性-;顺序性-;解说性+;例证性-;评价性-;并列性-;递进性-;选择性-" ConnectivePosition="" ConnectiveAttribute="不可添加" RoleLocation="normal" LanguageSense="true"/>
    <relative ID="2" Relation_Pair="1--3" Center="1" times="18" Sentence="王翔创业的民生集团，是江西省最早成立的由台属、侨属等集资兴办的集体企业，|下属二十二个子公司。" position="0...35--49...58" ConnectiveType="隐式关系" Connective="" Major_relationType="解说性" RelationType="因果性-;目的性-;条件性-;虚拟性-;反转性-;顺序性-;解说性+;例证性-;评价性-;并列性-;递进性-;选择性-" ConnectivePosition="" ConnectiveAttribute="不可添加" RoleLocation="normal" LanguageSense="true"/>
    <relative ID="3" Relation_Pair="1--4" Center="1" times="6" Sentence="王翔创业的民生集团，是江西省最早成立的由台属、侨属等集资兴办的集体企业，|不断壮大的企业规模，已从流通领域拓展到生产领域、高新技术、房地产、建筑及投资建设大型基础设施等多行业多领域。" position="0...35--59...112" ConnectiveType="隐式关系" Connective="" Major_relationType="解说性" RelationType="因果性-;目的性-;条件性-;虚拟性-;反转性-;顺序性-;解说性+;例证性-;评价性-;并列性-;递进性-;选择性-" ConnectivePosition="" ConnectiveAttribute="不可添加" RoleLocation="normal" LanguageSense="true"/>
  </pragraph>
</doc>
