<?xml version="1.0" encoding="UTF-8"?>

<doc>
  <pragraph ID="2" content="1、中国最大城市上海决心抓住本世纪最后三年的发展时机，2、到二０００年实现人均国内生产总值五千美元。">
    <relative ID="1" Relation_Pair="1--2" Center="2" times="20" Sentence="中国最大城市上海决心抓住本世纪最后三年的发展时机，|到二０００年实现人均国内生产总值五千美元。" position="0...24--25...45" ConnectiveType="隐式关系" Connective="" Major_relationType="目的性" RelationType="因果性-;目的性+;条件性-;虚拟性+;反转性-;顺序性-;解说性-;例证性-;评价性-;并列性-;递进性-;选择性-" ConnectivePosition="" ConnectiveAttribute="不可添加" RoleLocation="normal" LanguageSense="true"/>
  </pragraph>
  <pragraph ID="3" content="1、经过近几年来的快速增长，上海人均国内生产总值今年将突破三千美元。2、而在一九九二年，这项数字仅为一千五百美元。">
    <relative ID="1" Relation_Pair="1--2" Center="1" times="24" Sentence="经过近几年来的快速增长，上海人均国内生产总值今年将突破三千美元。|而在一九九二年，这项数字仅为一千五百美元。" position="0...31--32...52" ConnectiveType="显式关系" Connective="而" Major_relationType="反转性" RelationType="因果性-;目的性-;条件性-;虚拟性-;反转性+;顺序性-;解说性-;例证性-;评价性-;并列性-;递进性-;选择性-" ConnectivePosition="33…34" ConnectiveAttribute="不可删除" RoleLocation="normal" LanguageSense="true"/>
  </pragraph>
  <pragraph ID="4" content="1、据上海市计委专家分析测算，要在二０００年实现人均国内生产总值五千美元的目标，2、今后三年上海国内生产总值平均年增幅要达到百分之十至百分之十一。">
    <relative ID="1" Relation_Pair="1--2" Center="2" times="85" Sentence="据上海市计委专家分析测算，要在二０００年实现人均国内生产总值五千美元的目标，|今后三年上海国内生产总值平均年增幅要达到百分之十至百分之十一。" position="0...37--38...68" ConnectiveType="隐式关系" Connective="" Major_relationType="目的性" RelationType="因果性+;目的性+;条件性-;虚拟性+;反转性-;顺序性+;解说性+;例证性-;评价性-;并列性-;递进性-;选择性-" ConnectivePosition="" ConnectiveAttribute="不可添加" RoleLocation="normal" LanguageSense="true"/>
  </pragraph>
  <pragraph ID="6" content="1、上海统计局公布的数字显示，一九九二年至一九九六年上海国内生产总值年均增长百分之十四点二，2、今年的增长速度也将达到百分之十三以上。">
    <relative ID="1" Relation_Pair="1--2" Center="3" times="15" Sentence="上海统计局公布的数字显示，一九九二年至一九九六年上海国内生产总值年均增长百分之十四点二，|今年的增长速度也将达到百分之十三以上。" position="0...43--44...62" ConnectiveType="显式关系" Connective="也" Major_relationType="并列性" RelationType="因果性-;目的性-;条件性-;虚拟性-;反转性-;顺序性-;解说性-;例证性-;评价性-;并列性+;递进性-;选择性-" ConnectivePosition="52…53" ConnectiveAttribute="不可删除" RoleLocation="normal" LanguageSense="true"/>
  </pragraph>
  <pragraph ID="7" content="1、上海市政府发展研究中心主任王战认为，今后三年世界经济发展的趋势和国家宏观调控的政策取向，总体上将有利于上海经济的发展，2、而近六年来上海经济的快速增长又为后三年的发展奠定了良好基础。">
    <relative ID="1" Relation_Pair="1--2" Center="3" times="54" Sentence="上海市政府发展研究中心主任王战认为，今后三年世界经济发展的趋势和国家宏观调控的政策取向，总体上将有利于上海经济的发展，|而近六年来上海经济的快速增长又为后三年的发展奠定了良好基础。" position="0...58--59...88" ConnectiveType="显式关系" Connective="而" Major_relationType="并列性" RelationType="因果性-;目的性-;条件性-;虚拟性-;反转性-;顺序性+;解说性-;例证性-;评价性-;并列性+;递进性-;选择性-" ConnectivePosition="60…61" ConnectiveAttribute="不可删除" RoleLocation="normal" LanguageSense="true"/>
  </pragraph>
  <pragraph ID="8" content="1、上海金融、商业、贸易、航运等行业的专家认为，今后三年里，第三产业将对上海国内生产总值作出更大的贡献。2、在资本市场、保险业、连锁商业、批发销售、集装箱运输、房地产、信息服务等经济增长点的带动下，第三产业增加值预计年均增长百分之十一至十二，3、第三产业占国内生产总值的比重也将由一九九六年的百分之四十三，上升到二０００年的百分之四十八。">
    <relative ID="1" Relation_Pair="1--2" Center="1" times="7" Sentence="上海金融、商业、贸易、航运等行业的专家认为，今后三年里，第三产业将对上海国内生产总值作出更大的贡献。|在资本市场、保险业、连锁商业、批发销售、集装箱运输、房地产、信息服务等经济增长点的带动下，第三产业增加值预计年均增长百分之十一至十二，" position="0...49--50...116" ConnectiveType="隐式关系" Connective="" Major_relationType="解说性" RelationType="因果性-;目的性-;条件性-;虚拟性-;反转性-;顺序性-;解说性+;例证性-;评价性-;并列性-;递进性-;选择性-" ConnectivePosition="" ConnectiveAttribute="不可添加" RoleLocation="normal" LanguageSense="true"/>
    <relative ID="2" Relation_Pair="1--3" Center="1" times="25" Sentence="上海金融、商业、贸易、航运等行业的专家认为，今后三年里，第三产业将对上海国内生产总值作出更大的贡献。|第三产业占国内生产总值的比重也将由一九九六年的百分之四十三，上升到二０００年的百分之四十八。" position="0...49--117...162" ConnectiveType="隐式关系" Connective="" Major_relationType="解说性" RelationType="因果性-;目的性-;条件性-;虚拟性+;反转性-;顺序性-;解说性+;例证性-;评价性-;并列性-;递进性-;选择性-" ConnectivePosition="" ConnectiveAttribute="不可添加" RoleLocation="normal" LanguageSense="true"/>
  </pragraph>
  <pragraph ID="9" content="1、上海市经委的研究人员在提交的报告中指出，经过大量投入和积极培育，汽车、电子通信设备等六大支柱产业在未来三年内仍将保持良好增长势头，2、占全市工业的比重将上升到百分之五十五左右，3、并推动上海第二产业增加值年均增长百分之九至百分之十。4、与此同时，风头正健的“三资”企业、民营和私营经济也会保持快速增长。">
    <relative ID="1" Relation_Pair="1--2" Center="1" times="75" Sentence="上海市经委的研究人员在提交的报告中指出，经过大量投入和积极培育，汽车、电子通信设备等六大支柱产业在未来三年内仍将保持良好增长势头，|占全市工业的比重将上升到百分之五十五左右，" position="0...64--65...85" ConnectiveType="隐式关系" Connective="" Major_relationType="解说性" RelationType="因果性+;目的性-;条件性-;虚拟性+;反转性-;顺序性-;解说性+;例证性-;评价性-;并列性-;递进性-;选择性-" ConnectivePosition="" ConnectiveAttribute="不可添加" RoleLocation="normal" LanguageSense="true"/>
    <relative ID="2" Relation_Pair="1--3" Center="3" times="73" Sentence="上海市经委的研究人员在提交的报告中指出，经过大量投入和积极培育，汽车、电子通信设备等六大支柱产业在未来三年内仍将保持良好增长势头，|并推动上海第二产业增加值年均增长百分之九至百分之十。" position="0...64--86...111" ConnectiveType="显式关系" Connective="并" Major_relationType="并列性" RelationType="因果性-;目的性-;条件性-;虚拟性-;反转性-;顺序性-;解说性-;例证性-;评价性-;并列性+;递进性-;选择性-" ConnectivePosition="88…89" ConnectiveAttribute="不可删除" RoleLocation="normal" LanguageSense="true"/>
    <relative ID="3" Relation_Pair="1--4" Center="3" times="25" Sentence="上海市经委的研究人员在提交的报告中指出，经过大量投入和积极培育，汽车、电子通信设备等六大支柱产业在未来三年内仍将保持良好增长势头，|与此同时，风头正健的“三资”企业、民营和私营经济也会保持快速增长。" position="0...64--112...144" ConnectiveType="隐式关系" Connective="" Major_relationType="并列性" RelationType="因果性-;目的性-;条件性-;虚拟性-;反转性-;顺序性-;解说性-;例证性-;评价性-;并列性+;递进性-;选择性-" ConnectivePosition="" ConnectiveAttribute="不可添加" RoleLocation="normal" LanguageSense="true"/>
  </pragraph>
  <pragraph ID="11" content="1、经专家测算，今后三年上海固定资产投资总额预计为六千亿元至七千亿元，2、社会消费品零售总额预计年均增长百分之十三至十四，3、外贸出口预计年均增长百分之十至十二，4、这些规模与国内生产总值年均增长百分之十至十一是相适应的。">
    <relative ID="1" Relation_Pair="1--4" Center="1" times="70" Sentence="经专家测算，今后三年上海固定资产投资总额预计为六千亿元至七千亿元，|这些规模与国内生产总值年均增长百分之十至十一是相适应的。" position="0...32--75...102" ConnectiveType="隐式关系" Connective="" Major_relationType="解说性" RelationType="因果性-;目的性-;条件性-;虚拟性+;反转性-;顺序性-;解说性+;例证性-;评价性-;并列性-;递进性-;选择性-" ConnectivePosition="" ConnectiveAttribute="不可添加" RoleLocation="normal" LanguageSense="true"/>
    <relative ID="2" Relation_Pair="2--4" Center="1" times="18" Sentence="社会消费品零售总额预计年均增长百分之十三至十四，|这些规模与国内生产总值年均增长百分之十至十一是相适应的。" position="33...56--75...102" ConnectiveType="隐式关系" Connective="" Major_relationType="解说性" RelationType="因果性-;目的性-;条件性-;虚拟性+;反转性-;顺序性-;解说性+;例证性-;评价性-;并列性-;递进性-;选择性-" ConnectivePosition="" ConnectiveAttribute="不可添加" RoleLocation="normal" LanguageSense="true"/>
    <relative ID="3" Relation_Pair="3--4" Center="1" times="8" Sentence="外贸出口预计年均增长百分之十至十二，|这些规模与国内生产总值年均增长百分之十至十一是相适应的。" position="57...74--75...102" ConnectiveType="隐式关系" Connective="" Major_relationType="解说性" RelationType="因果性-;目的性-;条件性-;虚拟性+;反转性-;顺序性-;解说性+;例证性-;评价性-;并列性-;递进性-;选择性-" ConnectivePosition="" ConnectiveAttribute="不可添加" RoleLocation="normal" LanguageSense="true"/>
  </pragraph>
  <pragraph ID="12" content="1、上海市长徐匡迪强调，本世纪末上海实现人均国内生产总值五千美元是有基础的，有可能的，2、但上海也面临着市场竞争加剧的压力，3、以及经济生活中一些突出矛盾的困扰。">
    <relative ID="1" Relation_Pair="1--2" Center="2" times="29" Sentence="上海市长徐匡迪强调，本世纪末上海实现人均国内生产总值五千美元是有基础的，有可能的，|但上海也面临着市场竞争加剧的压力，" position="0...40--41...57" ConnectiveType="显式关系" Connective="但" Major_relationType="反转性" RelationType="因果性-;目的性-;条件性-;虚拟性-;反转性+;顺序性-;解说性-;例证性-;评价性-;并列性-;递进性-;选择性-" ConnectivePosition="42…43" ConnectiveAttribute="不可删除" RoleLocation="normal" LanguageSense="true"/>
    <relative ID="2" Relation_Pair="2--3" Center="3" times="18" Sentence="但上海也面临着市场竞争加剧的压力，|以及经济生活中一些突出矛盾的困扰。" position="41...57--58...74" ConnectiveType="显式关系" Connective="以及" Major_relationType="并列性" RelationType="因果性-;目的性-;条件性-;虚拟性-;反转性-;顺序性-;解说性-;例证性-;评价性-;并列性+;递进性-;选择性-" ConnectivePosition="60…62" ConnectiveAttribute="不可删除" RoleLocation="normal" LanguageSense="true"/>
  </pragraph>
  <pragraph ID="13" content="1、他说，为迎接挑战，2、实现目标，3、上海将推动新一轮产业结构调整，4、大胆进行国有企业改革，5、积极开拓对外开放新领域，6、使上海经济再上新台阶。">
    <relative ID="1" Relation_Pair="1--2" Center="3" times="114" Sentence="他说，为迎接挑战，|实现目标，" position="0...8--9...13" ConnectiveType="隐式关系" Connective="" Major_relationType="并列性" RelationType="因果性-;目的性-;条件性-;虚拟性-;反转性-;顺序性-;解说性-;例证性-;评价性-;并列性+;递进性-;选择性-" ConnectivePosition="" ConnectiveAttribute="不可添加" RoleLocation="normal" LanguageSense="true"/>
    <relative ID="2" Relation_Pair="2--3" Center="2" times="37" Sentence="实现目标，|上海将推动新一轮产业结构调整，" position="9...13--14...28" ConnectiveType="显式关系" Connective="为" Major_relationType="目的性" RelationType="因果性+;目的性+;条件性-;虚拟性+;反转性-;顺序性-;解说性-;例证性-;评价性-;并列性-;递进性-;选择性-" ConnectivePosition="3…4" ConnectiveAttribute="不可删除" RoleLocation="normal" LanguageSense="true"/>
    <relative ID="3" Relation_Pair="3--4" Center="3" times="9" Sentence="上海将推动新一轮产业结构调整，|大胆进行国有企业改革，" position="14...28--29...39" ConnectiveType="隐式关系" Connective="" Major_relationType="并列性" RelationType="因果性-;目的性-;条件性-;虚拟性-;反转性-;顺序性-;解说性-;例证性-;评价性-;并列性+;递进性-;选择性-" ConnectivePosition="" ConnectiveAttribute="不可添加" RoleLocation="normal" LanguageSense="true"/>
    <relative ID="4" Relation_Pair="4--5" Center="3" times="7" Sentence="大胆进行国有企业改革，|积极开拓对外开放新领域，" position="29...39--40...51" ConnectiveType="隐式关系" Connective="" Major_relationType="并列性" RelationType="因果性-;目的性-;条件性-;虚拟性-;反转性-;顺序性-;解说性-;例证性-;评价性-;并列性+;递进性-;选择性-" ConnectivePosition="" ConnectiveAttribute="不可添加" RoleLocation="normal" LanguageSense="true"/>
    <relative ID="5" Relation_Pair="5--6" Center="1" times="47" Sentence="积极开拓对外开放新领域，|使上海经济再上新台阶。" position="40...51--52...62" ConnectiveType="显式关系" Connective="使" Major_relationType="目的性" RelationType="因果性+;目的性+;条件性-;虚拟性+;反转性-;顺序性+;解说性-;例证性-;评价性-;并列性-;递进性-;选择性-" ConnectivePosition="57…58" ConnectiveAttribute="不可删除" RoleLocation="normal" LanguageSense="true"/>
  </pragraph>
</doc>
