<?xml version="1.0" encoding="UTF-8"?>

<doc>
  <pragraph ID="2" content="1、香港特区行政长官董建华今天对美国传统基金会发表的《一九九八年经济自由指数报告》表示欢迎，2、该报告认为香港继续是全球最自由的经济体系。">
    <relative ID="1" Relation_Pair="1--2" Center="2" times="36" Sentence="香港特区行政长官董建华今天对美国传统基金会发表的《一九九八年经济自由指数报告》表示欢迎，|该报告认为香港继续是全球最自由的经济体系。" position="0...43--44...64" ConnectiveType="隐式关系" Connective="" Major_relationType="解说性" RelationType="因果性-;目的性-;条件性-;虚拟性-;反转性-;顺序性-;解说性+;例证性-;评价性-;并列性-;递进性-;选择性-" ConnectivePosition="" ConnectiveAttribute="不可添加" RoleLocation="normal" LanguageSense="true"/>
  </pragraph>
  <pragraph ID="4" content="1、传统基金会和《华尔街日报》的报告确认了香港的经济结构在回归中国后仍维持不变。2、传统基金会表示，该指数也有被投资者用作投资指南。">
    <relative ID="1" Relation_Pair="1--2" Center="3" times="79" Sentence="传统基金会和《华尔街日报》的报告确认了香港的经济结构在回归中国后仍维持不变。|传统基金会表示，该指数也有被投资者用作投资指南。" position="0...37--38...61" ConnectiveType="隐式关系" Connective="" Major_relationType="并列性" RelationType="因果性-;目的性-;条件性-;虚拟性-;反转性-;顺序性-;解说性-;例证性-;评价性-;并列性+;递进性-;选择性-" ConnectivePosition="" ConnectiveAttribute="不可添加" RoleLocation="normal" LanguageSense="true"/>
  </pragraph>
  <pragraph ID="5" content="1、董建华在评论该指数时表示，香港已连续四年成为全球最自由的经济体系。2、他强调，香港会致力维持自由贸易，3、并加强香港经济上的竞争力。">
    <relative ID="1" Relation_Pair="2--3" Center="3" times="19" Sentence="他强调，香港会致力维持自由贸易，|并加强香港经济上的竞争力。" position="33...48--49...61" ConnectiveType="显式关系" Connective="并" Major_relationType="并列性" RelationType="因果性-;目的性-;条件性-;虚拟性-;反转性-;顺序性-;解说性-;例证性-;评价性-;并列性+;递进性-;选择性-" ConnectivePosition="51…52" ConnectiveAttribute="不可删除" RoleLocation="normal" LanguageSense="true"/>
    <relative ID="2" Relation_Pair="1--2" Center="3" times="25" Sentence="董建华在评论该指数时表示，香港已连续四年成为全球最自由的经济体系。|他强调，香港会致力维持自由贸易，" position="0...32--33...48" ConnectiveType="隐式关系" Connective="" Major_relationType="并列性" RelationType="因果性-;目的性-;条件性-;虚拟性-;反转性-;顺序性-;解说性-;例证性-;评价性-;并列性+;递进性-;选择性-" ConnectivePosition="" ConnectiveAttribute="不可添加" RoleLocation="normal" LanguageSense="true"/>
  </pragraph>
</doc>
