<?xml version="1.0" encoding="UTF-8"?>

<doc>
  <pragraph ID="2" content="1、中国内陆大省四川实行一系列鼓励对外开放的新政策，2、今年全省对外开放又迈出新步伐。">
    <relative ID="1" Relation_Pair="1--2" Center="3" times="38" Sentence="中国内陆大省四川实行一系列鼓励对外开放的新政策，|今年全省对外开放又迈出新步伐。" position="0...23--24...38" ConnectiveType="显式关系" Connective="又" Major_relationType="并列性" RelationType="因果性-;目的性-;条件性-;虚拟性-;反转性-;顺序性+;解说性-;例证性-;评价性-;并列性+;递进性+;选择性-" ConnectivePosition="33…34" ConnectiveAttribute="不可删除" RoleLocation="normal" LanguageSense="true"/>
  </pragraph>
  <pragraph ID="3" content="1、据四川省有关部门介绍，今年一至十月，全省外贸进出口总值达十九点二七亿美元，2、比去年同期增长百分之九点三，3、其中外贸出口十三亿五千七百多万美元，4、同比增长百分之十五点八。">
    <relative ID="1" Relation_Pair="1--2" Center="1" times="17" Sentence="据四川省有关部门介绍，今年一至十月，全省外贸进出口总值达十九点二七亿美元，|比去年同期增长百分之九点三，" position="0...36--37...50" ConnectiveType="隐式关系" Connective="" Major_relationType="评价性" RelationType="因果性-;目的性-;条件性-;虚拟性-;反转性-;顺序性-;解说性-;例证性-;评价性+;并列性+;递进性-;选择性-" ConnectivePosition="" ConnectiveAttribute="不可添加" RoleLocation="normal" LanguageSense="true"/>
    <relative ID="2" Relation_Pair="1--3" Center="1" times="18" Sentence="据四川省有关部门介绍，今年一至十月，全省外贸进出口总值达十九点二七亿美元，|其中外贸出口十三亿五千七百多万美元，" position="0...36--51...68" ConnectiveType="显式关系" Connective="其中" Major_relationType="解说性" RelationType="因果性-;目的性-;条件性-;虚拟性-;反转性-;顺序性-;解说性+;例证性-;评价性-;并列性-;递进性-;选择性-" ConnectivePosition="53…55" ConnectiveAttribute="不可删除" RoleLocation="normal" LanguageSense="true"/>
    <relative ID="3" Relation_Pair="3--4" Center="1" times="9" Sentence="其中外贸出口十三亿五千七百多万美元，|同比增长百分之十五点八。" position="51...68--69...80" ConnectiveType="隐式关系" Connective="" Major_relationType="评价性" RelationType="因果性-;目的性-;条件性-;虚拟性-;反转性-;顺序性-;解说性-;例证性-;评价性+;并列性+;递进性-;选择性-" ConnectivePosition="" ConnectiveAttribute="不可添加" RoleLocation="normal" LanguageSense="true"/>
  </pragraph>
  <pragraph ID="4" content="1、在此期间，全省新批外商投资项目近二百个，2、比去年同期增长近一倍，3、合同利用外资五点七八亿美元；4、签订对外工程承包劳务输出合同三点四七亿美元；5、同时，新加坡华侨银行、澳大利亚国卫人寿保险公司等九家外资金融机构相继入川落户。">
    <relative ID="1" Relation_Pair="1--2" Center="1" times="17" Sentence="在此期间，全省新批外商投资项目近二百个，|比去年同期增长近一倍，" position="0...19--20...30" ConnectiveType="隐式关系" Connective="" Major_relationType="评价性" RelationType="因果性-;目的性-;条件性-;虚拟性-;反转性-;顺序性-;解说性-;例证性-;评价性+;并列性+;递进性-;选择性-" ConnectivePosition="" ConnectiveAttribute="不可添加" RoleLocation="normal" LanguageSense="true"/>
    <relative ID="2" Relation_Pair="1--3" Center="1" times="12" Sentence="在此期间，全省新批外商投资项目近二百个，|合同利用外资五点七八亿美元；" position="0...19--31...44" ConnectiveType="隐式关系" Connective="" Major_relationType="评价性" RelationType="因果性-;目的性-;条件性-;虚拟性-;反转性-;顺序性-;解说性-;例证性-;评价性+;并列性+;递进性-;选择性-" ConnectivePosition="" ConnectiveAttribute="不可添加" RoleLocation="normal" LanguageSense="true"/>
    <relative ID="3" Relation_Pair="1--4" Center="3" times="11" Sentence="在此期间，全省新批外商投资项目近二百个，|签订对外工程承包劳务输出合同三点四七亿美元；" position="0...19--45...66" ConnectiveType="隐式关系" Connective="" Major_relationType="并列性" RelationType="因果性-;目的性-;条件性-;虚拟性-;反转性-;顺序性-;解说性-;例证性-;评价性-;并列性+;递进性-;选择性-" ConnectivePosition="" ConnectiveAttribute="不可添加" RoleLocation="normal" LanguageSense="true"/>
    <relative ID="4" Relation_Pair="4--5" Center="3" times="8" Sentence="签订对外工程承包劳务输出合同三点四七亿美元；|同时，新加坡华侨银行、澳大利亚国卫人寿保险公司等九家外资金融机构相继入川落户。" position="45...66--67...105" ConnectiveType="隐式关系" Connective="" Major_relationType="并列性" RelationType="因果性-;目的性-;条件性-;虚拟性-;反转性-;顺序性-;解说性-;例证性-;评价性-;并列性+;递进性-;选择性-" ConnectivePosition="" ConnectiveAttribute="不可添加" RoleLocation="normal" LanguageSense="true"/>
  </pragraph>
  <pragraph ID="5" content="1、四川今年对外开放之所以能迈出新步伐，2、主要经验在于省政府鼓励扩大外贸出口，3、并对引进外资采取了一系列优惠的扶持政策，4、如省里出台并实施的《四川省鼓励外商投资优惠政策》等，5、为外商提供了优惠、宽松的政策环境。">
    <relative ID="1" Relation_Pair="1--2" Center="2" times="33" Sentence="四川今年对外开放之所以能迈出新步伐，|主要经验在于省政府鼓励扩大外贸出口，" position="0...17--18...35" ConnectiveType="显式关系" Connective="之所以" Major_relationType="因果性" RelationType="因果性+;目的性-;条件性-;虚拟性-;反转性-;顺序性-;解说性-;例证性-;评价性-;并列性-;递进性-;选择性-" ConnectivePosition="8…11" ConnectiveAttribute="不可删除" RoleLocation="abnormal" LanguageSense="true"/>
    <relative ID="2" Relation_Pair="2--3" Center="3" times="11" Sentence="主要经验在于省政府鼓励扩大外贸出口，|并对引进外资采取了一系列优惠的扶持政策，" position="18...35--36...55" ConnectiveType="显式关系" Connective="并" Major_relationType="并列性" RelationType="因果性-;目的性-;条件性-;虚拟性-;反转性-;顺序性-;解说性-;例证性-;评价性-;并列性+;递进性-;选择性-" ConnectivePosition="38…39" ConnectiveAttribute="不可删除" RoleLocation="abnormal" LanguageSense="true"/>
    <relative ID="3" Relation_Pair="3--4" Center="1" times="17" Sentence="并对引进外资采取了一系列优惠的扶持政策，|如省里出台并实施的《四川省鼓励外商投资优惠政策》等，" position="36...55--56...81" ConnectiveType="显式关系" Connective="如" Major_relationType="解说性" RelationType="因果性-;目的性-;条件性-;虚拟性-;反转性-;顺序性-;解说性+;例证性-;评价性-;并列性-;递进性-;选择性-" ConnectivePosition="59…60" ConnectiveAttribute="不可删除" RoleLocation="abnormal" LanguageSense="true"/>
    <relative ID="4" Relation_Pair="3--5" Center="1" times="27" Sentence="并对引进外资采取了一系列优惠的扶持政策，|为外商提供了优惠、宽松的政策环境。" position="36...55--82...98" ConnectiveType="显式关系" Connective="为" Major_relationType="目的性" RelationType="因果性+;目的性+;条件性-;虚拟性-;反转性-;顺序性+;解说性-;例证性-;评价性-;并列性-;递进性-;选择性-" ConnectivePosition="86…87" ConnectiveAttribute="不可删除" RoleLocation="abnormal" LanguageSense="true"/>
  </pragraph>
  <pragraph ID="6" content="1、此外，四川省实施的改善外商投资的软硬环境、减轻外商投资企业的不合理负担、简化审批手续等措施也为招商引资发挥了积极的作用。2、目前，四川省对外商外资开放的领域不断扩大，3、现已由过去的一般加工业，扩大到基础工业、基础设施和一些贸易行业、外商直接投资、国际证券融资等等。">
    <relative ID="1" Relation_Pair="1--2" Center="1" times="18" Sentence="此外，四川省实施的改善外商投资的软硬环境、减轻外商投资企业的不合理负担、简化审批手续等措施也为招商引资发挥了积极的作用。|目前，四川省对外商外资开放的领域不断扩大，" position="0...59--60...80" ConnectiveType="隐式关系" Connective="" Major_relationType="解说性" RelationType="因果性-;目的性-;条件性-;虚拟性-;反转性-;顺序性-;解说性+;例证性-;评价性-;并列性-;递进性-;选择性-" ConnectivePosition="" ConnectiveAttribute="不可添加" RoleLocation="abnormal" LanguageSense="true"/>
    <relative ID="2" Relation_Pair="2--3" Center="1" times="10" Sentence="目前，四川省对外商外资开放的领域不断扩大，|现已由过去的一般加工业，扩大到基础工业、基础设施和一些贸易行业、外商直接投资、国际证券融资等等。" position="60...80--81...128" ConnectiveType="隐式关系" Connective="" Major_relationType="解说性" RelationType="因果性-;目的性-;条件性-;虚拟性-;反转性-;顺序性-;解说性+;例证性-;评价性-;并列性-;递进性-;选择性-" ConnectivePosition="" ConnectiveAttribute="不可添加" RoleLocation="normal" LanguageSense="true"/>
  </pragraph>
</doc>
