<?xml version="1.0" encoding="UTF-8"?>

<doc>
  <pragraph ID="3" content="1、中国人民对外友好协会办公厅主任毕惠罗说：“友好城市增进了中外各地方之间的了解和友谊，2、也发展了国家之间的关系，3、并在工业、农业、经贸、文教等方面进行了多种交流合作。”他认为，友好城市现已成为民间外交的主要渠道。">
    <relative ID="1" Relation_Pair="1--2" Center="3" times="13" Sentence="中国人民对外友好协会办公厅主任毕惠罗说：“友好城市增进了中外各地方之间的了解和友谊，|也发展了国家之间的关系，" position="0...41--42...53" ConnectiveType="显式关系" Connective="也" Major_relationType="并列性" RelationType="因果性-;目的性-;条件性-;虚拟性-;反转性-;顺序性-;解说性-;例证性-;评价性-;并列性+;递进性-;选择性-" ConnectivePosition="43…44" ConnectiveAttribute="不可删除" RoleLocation="normal" LanguageSense="true"/>
    <relative ID="2" Relation_Pair="2--3" Center="3" times="18" Sentence="也发展了国家之间的关系，|并在工业、农业、经贸、文教等方面进行了多种交流合作。”他认为，友好城市现已成为民间外交的主要渠道。" position="42...53--54...102" ConnectiveType="显式关系" Connective="并" Major_relationType="并列性" RelationType="因果性-;目的性-;条件性-;虚拟性-;反转性-;顺序性-;解说性-;例证性-;评价性-;并列性+;递进性-;选择性-" ConnectivePosition="56…57" ConnectiveAttribute="不可删除" RoleLocation="normal" LanguageSense="true"/>
  </pragraph>
  <pragraph ID="5" content="1、中国改革开放后，中外友好城市数量以每年五十对左右上升，2、其中约百分之八十分布在沿海地带，3、以经济发达的江苏省和山东省为最多。4、但随着中国整体经济的上升，中西部地区交通和投资条件的改善，近年来中西部省区结对城市明显增多。5、在与中国缔结友好城市中，以日本为最多。">
    <relative ID="1" Relation_Pair="2--3" Center="1" times="14" Sentence="其中约百分之八十分布在沿海地带，|以经济发达的江苏省和山东省为最多。" position="27...42--43...59" ConnectiveType="隐式关系" Connective="" Major_relationType="例证性" RelationType="因果性-;目的性-;条件性-;虚拟性-;反转性-;顺序性-;解说性+;例证性+;评价性-;并列性-;递进性-;选择性-" ConnectivePosition="" ConnectiveAttribute="不可添加" RoleLocation="normal" LanguageSense="true"/>
    <relative ID="2" Relation_Pair="1--2" Center="2" times="27" Sentence="中国改革开放后，中外友好城市数量以每年五十对左右上升，|其中约百分之八十分布在沿海地带，" position="0...26--27...42" ConnectiveType="显式关系" Connective="其中" Major_relationType="解说性" RelationType="因果性-;目的性-;条件性-;虚拟性-;反转性-;顺序性-;解说性+;例证性-;评价性-;并列性-;递进性-;选择性-" ConnectivePosition="28…30" ConnectiveAttribute="不可删除" RoleLocation="normal" LanguageSense="true"/>
    <relative ID="3" Relation_Pair="2--4" Center="2" times="41" Sentence="其中约百分之八十分布在沿海地带，|但随着中国整体经济的上升，中西部地区交通和投资条件的改善，近年来中西部省区结对城市明显增多。" position="27...42--60...105" ConnectiveType="显式关系" Connective="但" Major_relationType="反转性" RelationType="因果性-;目的性-;条件性-;虚拟性-;反转性+;顺序性-;解说性-;例证性-;评价性-;并列性+;递进性-;选择性-" ConnectivePosition="63…64" ConnectiveAttribute="不可删除" RoleLocation="normal" LanguageSense="true"/>
    <relative ID="4" Relation_Pair="4--5" Center="1" times="12" Sentence="但随着中国整体经济的上升，中西部地区交通和投资条件的改善，近年来中西部省区结对城市明显增多。|在与中国缔结友好城市中，以日本为最多。" position="60...105--106...124" ConnectiveType="隐式关系" Connective="" Major_relationType="例证性" RelationType="因果性-;目的性-;条件性-;虚拟性-;反转性-;顺序性-;解说性+;例证性+;评价性-;并列性-;递进性-;选择性-" ConnectivePosition="" ConnectiveAttribute="不可添加" RoleLocation="normal" LanguageSense="true"/>
  </pragraph>
  <pragraph ID="6" content="1、据悉，友好城市的缔结促进了中国各地对外经贸的发展。2、据不完全统计，近五年，各省通过友好城市渠道举办或参加各种贸易展销活动六百多次，3、成交额六十多亿美元，4、引进各种独资、合资项目一千二百多个，5、吸引外资近一百亿美元。">
    <relative ID="1" Relation_Pair="1--2" Center="2" times="12" Sentence="据悉，友好城市的缔结促进了中国各地对外经贸的发展。|据不完全统计，近五年，各省通过友好城市渠道举办或参加各种贸易展销活动六百多次，" position="0...24--25...63" ConnectiveType="隐式关系" Connective="" Major_relationType="解说性" RelationType="因果性+;目的性-;条件性-;虚拟性-;反转性-;顺序性+;解说性+;例证性-;评价性-;并列性-;递进性-;选择性-" ConnectivePosition="" ConnectiveAttribute="不可添加" RoleLocation="normal" LanguageSense="true"/>
    <relative ID="2" Relation_Pair="2--3" Center="1" times="18" Sentence="据不完全统计，近五年，各省通过友好城市渠道举办或参加各种贸易展销活动六百多次，|成交额六十多亿美元，" position="25...63--64...73" ConnectiveType="隐式关系" Connective="" Major_relationType="解说性" RelationType="因果性+;目的性-;条件性-;虚拟性-;反转性-;顺序性+;解说性+;例证性-;评价性-;并列性-;递进性-;选择性-" ConnectivePosition="" ConnectiveAttribute="不可添加" RoleLocation="normal" LanguageSense="true"/>
    <relative ID="3" Relation_Pair="2--4" Center="1" times="9" Sentence="据不完全统计，近五年，各省通过友好城市渠道举办或参加各种贸易展销活动六百多次，|引进各种独资、合资项目一千二百多个，" position="25...63--74...91" ConnectiveType="隐式关系" Connective="" Major_relationType="解说性" RelationType="因果性+;目的性-;条件性-;虚拟性-;反转性-;顺序性+;解说性+;例证性-;评价性-;并列性-;递进性-;选择性-" ConnectivePosition="" ConnectiveAttribute="不可添加" RoleLocation="normal" LanguageSense="true"/>
    <relative ID="4" Relation_Pair="4--5" Center="1" times="12" Sentence="引进各种独资、合资项目一千二百多个，|吸引外资近一百亿美元。" position="74...91--92...102" ConnectiveType="隐式关系" Connective="" Major_relationType="解说性" RelationType="因果性+;目的性-;条件性-;虚拟性-;反转性-;顺序性+;解说性+;例证性-;评价性-;并列性-;递进性-;选择性-" ConnectivePosition="" ConnectiveAttribute="不可添加" RoleLocation="normal" LanguageSense="true"/>
  </pragraph>
</doc>
