<?xml version="1.0" encoding="UTF-8"?>

<doc>
  <pragraph ID="2" content="1、中国北方最大的沿海城市天津市在吸引外商投资的同时，鼓励企业到境外投资建厂。2、目前，天津在海外投资的各类企业已逾三百家，3、总投资额超过一亿美元。">
    <relative ID="1" Relation_Pair="2--3" Center="3" times="170" Sentence="目前，天津在海外投资的各类企业已逾三百家，|总投资额超过一亿美元。" position="37...57--58...68" ConnectiveType="隐式关系" Connective="" Major_relationType="并列性" RelationType="因果性+;目的性-;条件性-;虚拟性-;反转性-;顺序性-;解说性+;例证性-;评价性-;并列性+;递进性-;选择性-" ConnectivePosition="" ConnectiveAttribute="不可添加" RoleLocation="normal" LanguageSense="true"/>
    <relative ID="2" Relation_Pair="1--2" Center="2" times="32" Sentence="中国北方最大的沿海城市天津市在吸引外商投资的同时，鼓励企业到境外投资建厂。|目前，天津在海外投资的各类企业已逾三百家，" position="0...36--37...57" ConnectiveType="隐式关系" Connective="" Major_relationType="因果性" RelationType="因果性+;目的性-;条件性-;虚拟性-;反转性-;顺序性+;解说性-;例证性-;评价性-;并列性-;递进性-;选择性-" ConnectivePosition="" ConnectiveAttribute="不可添加" RoleLocation="normal" LanguageSense="true"/>
  </pragraph>
  <pragraph ID="3" content="1、据天津市外经贸委介绍，这三百多家企业涉及进出口贸易、生产加工、医疗卫生、旅游、餐饮、工程承包等行业，2、分布在六十多个国家和地区。">
    <relative ID="1" Relation_Pair="1--2" Center="3" times="9" Sentence="据天津市外经贸委介绍，这三百多家企业涉及进出口贸易、生产加工、医疗卫生、旅游、餐饮、工程承包等行业，|分布在六十多个国家和地区。" position="0...49--50...62" ConnectiveType="隐式关系" Connective="" Major_relationType="并列性" RelationType="因果性-;目的性-;条件性-;虚拟性-;反转性-;顺序性-;解说性-;例证性-;评价性-;并列性+;递进性-;选择性-" ConnectivePosition="" ConnectiveAttribute="不可添加" RoleLocation="normal" LanguageSense="true"/>
  </pragraph>
  <pragraph ID="4" content="1、餐饮业是天津市在海外投资的重点之一。2、天津在新加坡开设的“药膳”受到当地政要的关注。3、天津名小吃狗不理包子店则在日本、韩国、美国等国建立了特许连锁店。">
    <relative ID="1" Relation_Pair="1--2" Center="1" times="21" Sentence="餐饮业是天津市在海外投资的重点之一。|天津在新加坡开设的“药膳”受到当地政要的关注。" position="0...17--18...40" ConnectiveType="隐式关系" Connective="" Major_relationType="例证性" RelationType="因果性-;目的性-;条件性-;虚拟性-;反转性-;顺序性-;解说性-;例证性+;评价性-;并列性-;递进性-;选择性-" ConnectivePosition="" ConnectiveAttribute="不可添加" RoleLocation="normal" LanguageSense="true"/>
    <relative ID="2" Relation_Pair="1--3" Center="1" times="11" Sentence="餐饮业是天津市在海外投资的重点之一。|天津名小吃狗不理包子店则在日本、韩国、美国等国建立了特许连锁店。" position="0...17--41...72" ConnectiveType="隐式关系" Connective="" Major_relationType="例证性" RelationType="因果性-;目的性-;条件性-;虚拟性-;反转性-;顺序性-;解说性-;例证性+;评价性-;并列性-;递进性-;选择性-" ConnectivePosition="" ConnectiveAttribute="不可添加" RoleLocation="normal" LanguageSense="true"/>
  </pragraph>
  <pragraph ID="5" content="1、据悉，天津市外经贸委明年将继续采取措施组织和引导一批企业到海外投资建厂。2、目前该市已经建立有关数据库，3、通过驻外使馆和机构以及外国驻华使馆和机构提供投资伙伴和项目。">
    <relative ID="1" Relation_Pair="1--2" Center="1" times="39" Sentence="据悉，天津市外经贸委明年将继续采取措施组织和引导一批企业到海外投资建厂。|目前该市已经建立有关数据库，" position="0...35--36...49" ConnectiveType="隐式关系" Connective="" Major_relationType="解说性" RelationType="因果性-;目的性-;条件性-;虚拟性-;反转性-;顺序性-;解说性+;例证性-;评价性-;并列性-;递进性-;选择性-" ConnectivePosition="" ConnectiveAttribute="不可添加" RoleLocation="normal" LanguageSense="true"/>
    <relative ID="2" Relation_Pair="1--3" Center="1" times="11" Sentence="据悉，天津市外经贸委明年将继续采取措施组织和引导一批企业到海外投资建厂。|通过驻外使馆和机构以及外国驻华使馆和机构提供投资伙伴和项目。" position="0...35--50...79" ConnectiveType="隐式关系" Connective="" Major_relationType="解说性" RelationType="因果性-;目的性-;条件性-;虚拟性-;反转性-;顺序性-;解说性+;例证性-;评价性-;并列性-;递进性-;选择性-" ConnectivePosition="" ConnectiveAttribute="不可添加" RoleLocation="normal" LanguageSense="true"/>
  </pragraph>
</doc>
