<?xml version="1.0" encoding="UTF-8"?>

<doc>
  <pragraph ID="2" content="1、今年以来，联合国开发计划署在中国吉林，举行了图们江地区国际旅游会议，2、对中国长白山冬季冰雪旅游等项目积极支持；3、同时还出资在这里培训国际经贸人才。">
    <relative ID="1" Relation_Pair="1--2" Center="1" times="242" Sentence="今年以来，联合国开发计划署在中国吉林，举行了图们江地区国际旅游会议，|对中国长白山冬季冰雪旅游等项目积极支持；" position="0...33--34...53" ConnectiveType="隐式关系" Connective="" Major_relationType="因果性" RelationType="因果性+;目的性+;条件性-;虚拟性-;反转性-;顺序性-;解说性+;例证性-;评价性-;并列性-;递进性-;选择性-" ConnectivePosition="" ConnectiveAttribute="不可添加" RoleLocation="normal" LanguageSense="true"/>
    <relative ID="2" Relation_Pair="1--3" Center="3" times="31" Sentence="今年以来，联合国开发计划署在中国吉林，举行了图们江地区国际旅游会议，|同时还出资在这里培训国际经贸人才。" position="0...33--54...70" ConnectiveType="显式关系" Connective="同时" Major_relationType="并列性" RelationType="因果性-;目的性-;条件性-;虚拟性-;反转性-;顺序性-;解说性-;例证性-;评价性-;并列性+;递进性-;选择性-" ConnectivePosition="56…58" ConnectiveAttribute="不可删除" RoleLocation="normal" LanguageSense="true"/>
  </pragraph>
  <pragraph ID="3" content="1、联合国工发组织近期对图们江地区工业项目现状进行了充分调查，2、并对该地区未来工业发展项目提出建议。3、他们还对有关国家提出的工业项目邀请专家进行评估，4、评估之后再把这些项目输入工发组织的网络进行国际招商。">
    <relative ID="1" Relation_Pair="1--2" Center="3" times="50" Sentence="联合国工发组织近期对图们江地区工业项目现状进行了充分调查，|并对该地区未来工业发展项目提出建议。" position="0...28--29...46" ConnectiveType="显式关系" Connective="并" Major_relationType="并列性" RelationType="因果性+;目的性-;条件性-;虚拟性-;反转性-;顺序性+;解说性-;例证性-;评价性-;并列性+;递进性-;选择性-" ConnectivePosition="30…31" ConnectiveAttribute="不可删除" RoleLocation="normal" LanguageSense="true"/>
    <relative ID="2" Relation_Pair="2--3" Center="3" times="18" Sentence="并对该地区未来工业发展项目提出建议。|他们还对有关国家提出的工业项目邀请专家进行评估，" position="29...46--47...70" ConnectiveType="显式关系" Connective="还" Major_relationType="并列性" RelationType="因果性-;目的性-;条件性-;虚拟性-;反转性-;顺序性-;解说性-;例证性-;评价性-;并列性+;递进性-;选择性-" ConnectivePosition="51…52" ConnectiveAttribute="不可删除" RoleLocation="normal" LanguageSense="true"/>
    <relative ID="3" Relation_Pair="3--4" Center="3" times="70" Sentence="他们还对有关国家提出的工业项目邀请专家进行评估，|评估之后再把这些项目输入工发组织的网络进行国际招商。" position="47...70--71...96" ConnectiveType="显式关系" Connective="再" Major_relationType="顺序性" RelationType="因果性-;目的性-;条件性-;虚拟性-;反转性-;顺序性+;解说性-;例证性-;评价性-;并列性-;递进性-;选择性-" ConnectivePosition="78…79" ConnectiveAttribute="不可删除" RoleLocation="normal" LanguageSense="true"/>
  </pragraph>
  <pragraph ID="6" content="1、自一九九五年底该计划由论证阶段转入实施阶段以来，中、俄、朝三国都进行了基础设施建设和招商引资活动，2、并初步启动了双边和多边合作。3、相关国家和国际社会也对该计划予以支持。">
    <relative ID="1" Relation_Pair="1--2" Center="3" times="22" Sentence="自一九九五年底该计划由论证阶段转入实施阶段以来，中、俄、朝三国都进行了基础设施建设和招商引资活动，|并初步启动了双边和多边合作。" position="0...48--49...62" ConnectiveType="显式关系" Connective="并" Major_relationType="并列性" RelationType="因果性-;目的性-;条件性-;虚拟性-;反转性-;顺序性-;解说性-;例证性-;评价性-;并列性+;递进性-;选择性-" ConnectivePosition="50…51" ConnectiveAttribute="不可删除" RoleLocation="normal" LanguageSense="true"/>
    <relative ID="2" Relation_Pair="2--3" Center="1" times="312" Sentence="并初步启动了双边和多边合作。|相关国家和国际社会也对该计划予以支持。" position="49...62--63...81" ConnectiveType="隐式关系" Connective="" Major_relationType="解说性" RelationType="因果性-;目的性-;条件性-;虚拟性-;反转性-;顺序性-;解说性+;例证性-;评价性-;并列性+;递进性-;选择性-" ConnectivePosition="" ConnectiveAttribute="不可添加" RoleLocation="normal" LanguageSense="true"/>
  </pragraph>
  <pragraph ID="7" content="1、开发计划署几年来一如既往地支持图们江开发，2、并积极帮助中俄朝三国在世界上招商，3、帮助搞开发项目的可行性研究。">
    <relative ID="1" Relation_Pair="1--2" Center="3" times="36" Sentence="开发计划署几年来一如既往地支持图们江开发，|并积极帮助中俄朝三国在世界上招商，" position="0...20--21...37" ConnectiveType="显式关系" Connective="并" Major_relationType="并列性" RelationType="因果性-;目的性-;条件性-;虚拟性-;反转性-;顺序性-;解说性-;例证性-;评价性-;并列性+;递进性-;选择性-" ConnectivePosition="22…23" ConnectiveAttribute="不可删除" RoleLocation="normal" LanguageSense="true"/>
    <relative ID="2" Relation_Pair="2--3" Center="3" times="8" Sentence="并积极帮助中俄朝三国在世界上招商，|帮助搞开发项目的可行性研究。" position="21...37--38...51" ConnectiveType="隐式关系" Connective="" Major_relationType="并列性" RelationType="因果性-;目的性-;条件性-;虚拟性-;反转性-;顺序性-;解说性-;例证性-;评价性-;并列性+;递进性-;选择性-" ConnectivePosition="" ConnectiveAttribute="不可添加" RoleLocation="normal" LanguageSense="true"/>
  </pragraph>
  <pragraph ID="8" content="1、一九九五和一九九六年，在开发计划署和工发组织的帮助下，在中国、朝鲜先后进行了“图们江地区投资贸易洽谈会”，2、都取得了较好成效。3、近期还将在海参崴举行俄罗斯图们江地区招商会。">
    <relative ID="1" Relation_Pair="1--2" Center="1" times="36" Sentence="一九九五和一九九六年，在开发计划署和工发组织的帮助下，在中国、朝鲜先后进行了“图们江地区投资贸易洽谈会”，|都取得了较好成效。" position="0...52--53...61" ConnectiveType="隐式关系" Connective="" Major_relationType="评价性" RelationType="因果性+;目的性-;条件性-;虚拟性-;反转性-;顺序性+;解说性-;例证性-;评价性+;并列性-;递进性-;选择性-" ConnectivePosition="" ConnectiveAttribute="不可添加" RoleLocation="normal" LanguageSense="true"/>
    <relative ID="2" Relation_Pair="1--3" Center="3" times="33" Sentence="一九九五和一九九六年，在开发计划署和工发组织的帮助下，在中国、朝鲜先后进行了“图们江地区投资贸易洽谈会”，|近期还将在海参崴举行俄罗斯图们江地区招商会。" position="0...52--62...83" ConnectiveType="隐式关系" Connective="" Major_relationType="并列性" RelationType="因果性-;目的性-;条件性-;虚拟性+;反转性-;顺序性+;解说性-;例证性-;评价性-;并列性+;递进性-;选择性-" ConnectivePosition="" ConnectiveAttribute="不可添加" RoleLocation="normal" LanguageSense="true"/>
  </pragraph>
  <pragraph ID="10" content="1、图们江开发计划也得到了很多国家政府和企业的大力支持。2、如芬兰政府拨款一百万美元对图们江开发前期工作予以资助；3、瑞典出资帮助搞中蒙铁路接轨、建设新的东北亚大陆桥的可行性研究。4、另外，日本进出口银行已与俄罗斯签订合同，5、参与俄扎鲁比诺港扩建工程建设。6、日本还应中国有关部门之邀，7、对中国长春至珲春的铁路沿线地区综合开发进行调查。">
    <relative ID="1" Relation_Pair="1--2" Center="1" times="25" Sentence="图们江开发计划也得到了很多国家政府和企业的大力支持。|如芬兰政府拨款一百万美元对图们江开发前期工作予以资助；" position="0...25--26...52" ConnectiveType="显式关系" Connective="如" Major_relationType="例证性" RelationType="因果性-;目的性-;条件性-;虚拟性-;反转性-;顺序性-;解说性-;例证性+;评价性-;并列性-;递进性-;选择性-" ConnectivePosition="27…28" ConnectiveAttribute="不可删除" RoleLocation="normal" LanguageSense="true"/>
    <relative ID="2" Relation_Pair="1--3" Center="1" times="10" Sentence="图们江开发计划也得到了很多国家政府和企业的大力支持。|瑞典出资帮助搞中蒙铁路接轨、建设新的东北亚大陆桥的可行性研究。" position="0...25--53...83" ConnectiveType="显式关系" Connective="如" Major_relationType="例证性" RelationType="因果性-;目的性-;条件性-;虚拟性-;反转性-;顺序性-;解说性-;例证性+;评价性-;并列性-;递进性-;选择性-" ConnectivePosition="27…28" ConnectiveAttribute="不可删除" RoleLocation="normal" LanguageSense="true"/>
    <relative ID="3" Relation_Pair="1--4" Center="1" times="20" Sentence="图们江开发计划也得到了很多国家政府和企业的大力支持。|另外，日本进出口银行已与俄罗斯签订合同，" position="0...25--84...103" ConnectiveType="显式关系" Connective="如" Major_relationType="例证性" RelationType="因果性-;目的性-;条件性-;虚拟性-;反转性-;顺序性-;解说性-;例证性+;评价性-;并列性-;递进性-;选择性-" ConnectivePosition="27…28" ConnectiveAttribute="不可删除" RoleLocation="normal" LanguageSense="true"/>
    <relative ID="4" Relation_Pair="4--5" Center="1" times="360" Sentence="另外，日本进出口银行已与俄罗斯签订合同，|参与俄扎鲁比诺港扩建工程建设。" position="84...103--104...118" ConnectiveType="隐式关系" Connective="" Major_relationType="解说性" RelationType="因果性-;目的性-;条件性-;虚拟性-;反转性-;顺序性-;解说性+;例证性-;评价性-;并列性-;递进性-;选择性-" ConnectivePosition="" ConnectiveAttribute="不可添加" RoleLocation="normal" LanguageSense="true"/>
    <relative ID="5" Relation_Pair="6--7" Center="2" times="154" Sentence="日本还应中国有关部门之邀，|对中国长春至珲春的铁路沿线地区综合开发进行调查。" position="119...131--132...155" ConnectiveType="隐式关系" Connective="" Major_relationType="解说性" RelationType="因果性-;目的性-;条件性-;虚拟性-;反转性-;顺序性+;解说性+;例证性-;评价性-;并列性-;递进性-;选择性-" ConnectivePosition="" ConnectiveAttribute="不可添加" RoleLocation="normal" LanguageSense="true"/>
    <relative ID="6" Relation_Pair="1--7" Center="1" times="11" Sentence="图们江开发计划也得到了很多国家政府和企业的大力支持。|对中国长春至珲春的铁路沿线地区综合开发进行调查。" position="0...25--132...155" ConnectiveType="隐式关系" Connective="" Major_relationType="例证性" RelationType="因果性-;目的性-;条件性-;虚拟性-;反转性-;顺序性-;解说性-;例证性+;评价性-;并列性-;递进性-;选择性-" ConnectivePosition="" ConnectiveAttribute="不可添加" RoleLocation="normal" LanguageSense="true"/>
  </pragraph>
  <pragraph ID="11" content="1、吉林省珲春市市长金硕仁说：“国际社会的支持和参与，对于珲春的开发开放起了积极而关键的作用。2、近几年是珲春综合实力增强最显著、城乡面貌变化最明显、人民得到实惠最多的时期。”">
    <relative ID="1" Relation_Pair="1--2" Center="1" times="66" Sentence="吉林省珲春市市长金硕仁说：“国际社会的支持和参与，对于珲春的开发开放起了积极而关键的作用。|近几年是珲春综合实力增强最显著、城乡面貌变化最明显、人民得到实惠最多的时期。”" position="0...44--45...83" ConnectiveType="隐式关系" Connective="" Major_relationType="因果性" RelationType="因果性+;目的性-;条件性-;虚拟性-;反转性-;顺序性+;解说性+;例证性-;评价性-;并列性-;递进性-;选择性-" ConnectivePosition="" ConnectiveAttribute="不可添加" RoleLocation="normal" LanguageSense="true"/>
  </pragraph>
  <pragraph ID="12" content="1、据了解，韩国企业界已在珲春市投资近一亿美元，2、外资企业已成为当地经济中的重要支柱。3、为推动图们江地区开发，4、韩国捐款一百万美元设立了图们江发展基金，5、目前从该基金中拿出十万美元正在进行中国珲春边境合作区环境评估项目，6、以期对外资大规模进入这个地区提供环境方面的咨询。">
    <relative ID="1" Relation_Pair="1--2" Center="1" times="81" Sentence="据了解，韩国企业界已在珲春市投资近一亿美元，|外资企业已成为当地经济中的重要支柱。" position="0...21--22...39" ConnectiveType="隐式关系" Connective="" Major_relationType="评价性" RelationType="因果性-;目的性-;条件性-;虚拟性-;反转性-;顺序性-;解说性-;例证性-;评价性+;并列性-;递进性-;选择性-" ConnectivePosition="" ConnectiveAttribute="不可添加" RoleLocation="normal" LanguageSense="true"/>
    <relative ID="2" Relation_Pair="3--4" Center="2" times="73" Sentence="为推动图们江地区开发，|韩国捐款一百万美元设立了图们江发展基金，" position="40...50--51...70" ConnectiveType="显式关系" Connective="为" Major_relationType="目的性" RelationType="因果性+;目的性+;条件性-;虚拟性+;反转性-;顺序性-;解说性-;例证性-;评价性-;并列性-;递进性-;选择性-" ConnectivePosition="42…43" ConnectiveAttribute="不可删除" RoleLocation="normal" LanguageSense="true"/>
    <relative ID="3" Relation_Pair="4--5" Center="1" times="25" Sentence="韩国捐款一百万美元设立了图们江发展基金，|目前从该基金中拿出十万美元正在进行中国珲春边境合作区环境评估项目，" position="51...70--71...103" ConnectiveType="隐式关系" Connective="" Major_relationType="解说性" RelationType="因果性-;目的性-;条件性-;虚拟性-;反转性-;顺序性-;解说性+;例证性-;评价性-;并列性-;递进性-;选择性-" ConnectivePosition="" ConnectiveAttribute="不可添加" RoleLocation="normal" LanguageSense="true"/>
    <relative ID="4" Relation_Pair="5--6" Center="1" times="33" Sentence="目前从该基金中拿出十万美元正在进行中国珲春边境合作区环境评估项目，|以期对外资大规模进入这个地区提供环境方面的咨询。" position="71...103--104...127" ConnectiveType="显式关系" Connective="以期" Major_relationType="目的性" RelationType="因果性-;目的性+;条件性-;虚拟性+;反转性-;顺序性-;解说性-;例证性-;评价性-;并列性-;递进性-;选择性-" ConnectivePosition="109…111" ConnectiveAttribute="不可删除" RoleLocation="normal" LanguageSense="true"/>
    <relative ID="5" Relation_Pair="1--4" Center="3" times="11" Sentence="据了解，韩国企业界已在珲春市投资近一亿美元，|韩国捐款一百万美元设立了图们江发展基金，" position="0...21--51...70" ConnectiveType="隐式关系" Connective="" Major_relationType="并列性" RelationType="因果性-;目的性-;条件性-;虚拟性-;反转性-;顺序性-;解说性-;例证性-;评价性-;并列性+;递进性-;选择性-" ConnectivePosition="" ConnectiveAttribute="不可添加" RoleLocation="normal" LanguageSense="true"/>
  </pragraph>
  <pragraph ID="13" content="1、吉林省主管经贸工作的副省长全哲洙说：“欢迎国际社会同我们一道，共同推进图们江开发事业，2、促进区域经济发展，3、造福东北亚人民。”">
    <relative ID="1" Relation_Pair="1--2" Center="3" times="11" Sentence="吉林省主管经贸工作的副省长全哲洙说：“欢迎国际社会同我们一道，共同推进图们江开发事业，|促进区域经济发展，" position="0...42--43...51" ConnectiveType="隐式关系" Connective="" Major_relationType="并列性" RelationType="因果性-;目的性-;条件性-;虚拟性-;反转性-;顺序性-;解说性-;例证性-;评价性-;并列性+;递进性-;选择性-" ConnectivePosition="" ConnectiveAttribute="不可添加" RoleLocation="normal" LanguageSense="true"/>
    <relative ID="2" Relation_Pair="2--3" Center="3" times="9" Sentence="促进区域经济发展，|造福东北亚人民。”" position="43...51--52...60" ConnectiveType="隐式关系" Connective="" Major_relationType="并列性" RelationType="因果性-;目的性-;条件性-;虚拟性-;反转性-;顺序性-;解说性-;例证性-;评价性-;并列性+;递进性-;选择性-" ConnectivePosition="" ConnectiveAttribute="不可添加" RoleLocation="normal" LanguageSense="true"/>
  </pragraph>
</doc>
