<?xml version="1.0" encoding="UTF-8"?>

<doc>
  <pragraph ID="2" content="1、外资对江苏省农业的投入日益增多。2、目前国外直接投资江苏省农业的项目达八百个，3、金额达八亿多美元。">
    <relative ID="1" Relation_Pair="1--2" Center="1" times="99" Sentence="外资对江苏省农业的投入日益增多。|目前国外直接投资江苏省农业的项目达八百个，" position="0...15--16...36" ConnectiveType="隐式关系" Connective="" Major_relationType="解说性" RelationType="因果性-;目的性-;条件性-;虚拟性-;反转性-;顺序性-;解说性+;例证性-;评价性-;并列性-;递进性-;选择性-" ConnectivePosition="" ConnectiveAttribute="不可添加" RoleLocation="normal" LanguageSense="true"/>
    <relative ID="2" Relation_Pair="1--3" Center="1" times="11" Sentence="外资对江苏省农业的投入日益增多。|金额达八亿多美元。" position="0...15--37...45" ConnectiveType="隐式关系" Connective="" Major_relationType="解说性" RelationType="因果性-;目的性-;条件性-;虚拟性-;反转性-;顺序性-;解说性+;例证性-;评价性-;并列性-;递进性-;选择性-" ConnectivePosition="" ConnectiveAttribute="不可添加" RoleLocation="normal" LanguageSense="true"/>
  </pragraph>
  <pragraph ID="3" content="1、江苏省农林厅的官员说，从一九九四年以来，江苏省农业系统批准的“三资”企业超过五百家，2、利用外资金额七亿多美元，3、分别是一九九三年前的三倍和七倍。4、来自美国、日本、新加坡的外资增加较多，5、新项目中外商投资比例越来越高，6、独资企业明显增加。">
    <relative ID="1" Relation_Pair="1--2" Center="3" times="162" Sentence="江苏省农林厅的官员说，从一九九四年以来，江苏省农业系统批准的“三资”企业超过五百家，|利用外资金额七亿多美元，" position="0...41--42...53" ConnectiveType="隐式关系" Connective="" Major_relationType="并列性" RelationType="因果性-;目的性-;条件性-;虚拟性-;反转性-;顺序性-;解说性-;例证性-;评价性-;并列性+;递进性-;选择性-" ConnectivePosition="" ConnectiveAttribute="不可添加" RoleLocation="normal" LanguageSense="true"/>
    <relative ID="2" Relation_Pair="1--3" Center="1" times="11" Sentence="江苏省农林厅的官员说，从一九九四年以来，江苏省农业系统批准的“三资”企业超过五百家，|分别是一九九三年前的三倍和七倍。" position="0...41--54...69" ConnectiveType="隐式关系" Connective="" Major_relationType="解说性" RelationType="因果性-;目的性-;条件性-;虚拟性-;反转性-;顺序性-;解说性+;例证性-;评价性-;并列性-;递进性-;选择性-" ConnectivePosition="" ConnectiveAttribute="不可添加" RoleLocation="normal" LanguageSense="true"/>
    <relative ID="3" Relation_Pair="2--3" Center="1" times="7" Sentence="利用外资金额七亿多美元，|分别是一九九三年前的三倍和七倍。" position="42...53--54...69" ConnectiveType="隐式关系" Connective="" Major_relationType="解说性" RelationType="因果性-;目的性-;条件性-;虚拟性-;反转性-;顺序性-;解说性+;例证性-;评价性-;并列性-;递进性-;选择性-" ConnectivePosition="" ConnectiveAttribute="不可添加" RoleLocation="normal" LanguageSense="true"/>
    <relative ID="4" Relation_Pair="2--4" Center="1" times="19" Sentence="利用外资金额七亿多美元，|来自美国、日本、新加坡的外资增加较多，" position="42...53--70...88" ConnectiveType="隐式关系" Connective="" Major_relationType="解说性" RelationType="因果性-;目的性-;条件性-;虚拟性-;反转性-;顺序性-;解说性+;例证性-;评价性-;并列性-;递进性-;选择性-" ConnectivePosition="" ConnectiveAttribute="不可添加" RoleLocation="normal" LanguageSense="true"/>
    <relative ID="5" Relation_Pair="2--5" Center="1" times="13" Sentence="利用外资金额七亿多美元，|新项目中外商投资比例越来越高，" position="42...53--89...103" ConnectiveType="隐式关系" Connective="" Major_relationType="解说性" RelationType="因果性-;目的性-;条件性-;虚拟性-;反转性-;顺序性-;解说性+;例证性-;评价性-;并列性-;递进性-;选择性-" ConnectivePosition="" ConnectiveAttribute="不可添加" RoleLocation="normal" LanguageSense="true"/>
    <relative ID="6" Relation_Pair="2--6" Center="1" times="8" Sentence="利用外资金额七亿多美元，|独资企业明显增加。" position="42...53--104...112" ConnectiveType="隐式关系" Connective="" Major_relationType="解说性" RelationType="因果性-;目的性-;条件性-;虚拟性-;反转性-;顺序性-;解说性+;例证性-;评价性-;并列性-;递进性-;选择性-" ConnectivePosition="" ConnectiveAttribute="不可添加" RoleLocation="normal" LanguageSense="true"/>
  </pragraph>
  <pragraph ID="4" content="1、外资迅速增加，2、在相当程度上弥补了江苏省农业投入的不足，3、加速了农业资源的开发利用。4、据统计，江苏省目前拥有产值超过一亿元人民币的农副产品加工企业已达一百多家。5、连云港如意集团利用日本政府贷款和外商直接投资，6、建成了目前中国出口量最大、品种最多的蔬菜加工销售企业。">
    <relative ID="1" Relation_Pair="1--2" Center="1" times="164" Sentence="外资迅速增加，|在相当程度上弥补了江苏省农业投入的不足，" position="0...6--7...26" ConnectiveType="隐式关系" Connective="" Major_relationType="因果性" RelationType="因果性+;目的性-;条件性-;虚拟性-;反转性-;顺序性-;解说性-;例证性-;评价性+;并列性-;递进性-;选择性-" ConnectivePosition="" ConnectiveAttribute="不可添加" RoleLocation="normal" LanguageSense="true"/>
    <relative ID="2" Relation_Pair="1--3" Center="1" times="10" Sentence="外资迅速增加，|加速了农业资源的开发利用。" position="0...6--27...39" ConnectiveType="隐式关系" Connective="" Major_relationType="因果性" RelationType="因果性+;目的性-;条件性-;虚拟性-;反转性-;顺序性-;解说性-;例证性-;评价性+;并列性-;递进性-;选择性-" ConnectivePosition="" ConnectiveAttribute="不可添加" RoleLocation="normal" LanguageSense="true"/>
    <relative ID="3" Relation_Pair="5--6" Center="1" times="47" Sentence="连云港如意集团利用日本政府贷款和外商直接投资，|建成了目前中国出口量最大、品种最多的蔬菜加工销售企业。" position="77...99--100...126" ConnectiveType="隐式关系" Connective="" Major_relationType="因果性" RelationType="因果性+;目的性-;条件性-;虚拟性-;反转性-;顺序性+;解说性-;例证性-;评价性-;并列性-;递进性-;选择性-" ConnectivePosition="" ConnectiveAttribute="不可添加" RoleLocation="normal" LanguageSense="true"/>
    <relative ID="4" Relation_Pair="4--5" Center="1" times="86" Sentence="据统计，江苏省目前拥有产值超过一亿元人民币的农副产品加工企业已达一百多家。|连云港如意集团利用日本政府贷款和外商直接投资，" position="40...76--77...99" ConnectiveType="隐式关系" Connective="" Major_relationType="例证性" RelationType="因果性-;目的性-;条件性-;虚拟性-;反转性-;顺序性-;解说性-;例证性+;评价性-;并列性-;递进性-;选择性-" ConnectivePosition="" ConnectiveAttribute="不可添加" RoleLocation="normal" LanguageSense="true"/>
    <relative ID="5" Relation_Pair="1--4" Center="1" times="91" Sentence="外资迅速增加，|据统计，江苏省目前拥有产值超过一亿元人民币的农副产品加工企业已达一百多家。" position="0...6--40...76" ConnectiveType="隐式关系" Connective="" Major_relationType="因果性" RelationType="因果性+;目的性-;条件性-;虚拟性-;反转性-;顺序性-;解说性-;例证性-;评价性-;并列性-;递进性-;选择性-" ConnectivePosition="" ConnectiveAttribute="不可添加" RoleLocation="normal" LanguageSense="true"/>
  </pragraph>
  <pragraph ID="5" content="1、江苏还利用外资引进了啤酒大麦、加州鲈鱼、罗氏沼虾、良种鸡、瘦肉型猪及蔬菜、花卉等近百个优良品种和先进生产加工技术，2、农业生产水平明显提高。">
    <relative ID="1" Relation_Pair="1--2" Center="1" times="89" Sentence="江苏还利用外资引进了啤酒大麦、加州鲈鱼、罗氏沼虾、良种鸡、瘦肉型猪及蔬菜、花卉等近百个优良品种和先进生产加工技术，|农业生产水平明显提高。" position="0...56--57...67" ConnectiveType="隐式关系" Connective="" Major_relationType="因果性" RelationType="因果性+;目的性-;条件性-;虚拟性-;反转性-;顺序性+;解说性-;例证性-;评价性+;并列性-;递进性-;选择性-" ConnectivePosition="" ConnectiveAttribute="不可添加" RoleLocation="normal" LanguageSense="true"/>
  </pragraph>
</doc>
