<?xml version="1.0" encoding="UTF-8"?>

<doc>
  <pragraph ID="2" content="1、河南省政府和八十八家驻京外资金融机构的一百多位代表今天在这里举办了经济合作洽谈会，2、以增进河南省与国际金融界的相互了解，3、为河南经济发展开辟融资渠道。">
    <relative ID="1" Relation_Pair="1--2" Center="2" times="34" Sentence="河南省政府和八十八家驻京外资金融机构的一百多位代表今天在这里举办了经济合作洽谈会，|以增进河南省与国际金融界的相互了解，" position="0...40--41...58" ConnectiveType="显式关系" Connective="以" Major_relationType="目的性" RelationType="因果性-;目的性+;条件性-;虚拟性+;反转性-;顺序性+;解说性-;例证性-;评价性-;并列性-;递进性+;选择性-" ConnectivePosition="42…43" ConnectiveAttribute="不可删除" RoleLocation="normal" LanguageSense="true"/>
    <relative ID="2" Relation_Pair="2--3" Center="2" times="18" Sentence="以增进河南省与国际金融界的相互了解，|为河南经济发展开辟融资渠道。" position="41...58--59...72" ConnectiveType="显式关系" Connective="为" Major_relationType="目的性" RelationType="因果性+;目的性+;条件性-;虚拟性-;反转性-;顺序性+;解说性-;例证性-;评价性-;并列性-;递进性-;选择性-" ConnectivePosition="61…62" ConnectiveAttribute="不可删除" RoleLocation="normal" LanguageSense="true"/>
  </pragraph>
  <pragraph ID="3" content="1、中国人民银行副行长陈元在向会议发来的贺辞中说，中国政府已决定加大中西部地区的开发力度，2、鼓励中外企业到中西部地区投资，3、并决定今后将百分之六十以上的外国银行和政府贷款用于中西部地区。">
    <relative ID="1" Relation_Pair="1--2" Center="2" times="30" Sentence="中国人民银行副行长陈元在向会议发来的贺辞中说，中国政府已决定加大中西部地区的开发力度，|鼓励中外企业到中西部地区投资，" position="0...42--43...57" ConnectiveType="隐式关系" Connective="" Major_relationType="因果性" RelationType="因果性+;目的性-;条件性-;虚拟性-;反转性-;顺序性+;解说性-;例证性-;评价性-;并列性-;递进性-;选择性-" ConnectivePosition="" ConnectiveAttribute="不可添加" RoleLocation="normal" LanguageSense="true"/>
    <relative ID="2" Relation_Pair="2--3" Center="3" times="12" Sentence="鼓励中外企业到中西部地区投资，|并决定今后将百分之六十以上的外国银行和政府贷款用于中西部地区。" position="43...57--58...88" ConnectiveType="显式关系" Connective="并" Major_relationType="并列性" RelationType="因果性-;目的性-;条件性-;虚拟性-;反转性-;顺序性-;解说性-;例证性-;评价性-;并列性+;递进性+;选择性-" ConnectivePosition="60…61" ConnectiveAttribute="不可删除" RoleLocation="normal" LanguageSense="true"/>
  </pragraph>
  <pragraph ID="5" content="1、河南省常务副省长李成玉在会上介绍了该省的自然资源和经济发展情况。2、他说，河南省不仅具有外商投资所需的硬件，3、而且还根据国家政策、结合本省实际制定了鼓励外商投资和发展对外经贸技术合作的优惠政策。">
    <relative ID="1" Relation_Pair="1--2" Center="2" times="21" Sentence="河南省常务副省长李成玉在会上介绍了该省的自然资源和经济发展情况。|他说，河南省不仅具有外商投资所需的硬件，" position="0...31--32...51" ConnectiveType="隐式关系" Connective="" Major_relationType="解说性" RelationType="因果性-;目的性-;条件性-;虚拟性-;反转性-;顺序性-;解说性+;例证性-;评价性-;并列性-;递进性-;选择性-" ConnectivePosition="" ConnectiveAttribute="不可添加" RoleLocation="normal" LanguageSense="true"/>
    <relative ID="2" Relation_Pair="2--3" Center="3" times="21" Sentence="他说，河南省不仅具有外商投资所需的硬件，|而且还根据国家政策、结合本省实际制定了鼓励外商投资和发展对外经贸技术合作的优惠政策。" position="32...51--52...93" ConnectiveType="显式关系" Connective="不仅;而且" Major_relationType="并列性" RelationType="因果性-;目的性-;条件性-;虚拟性-;反转性-;顺序性-;解说性-;例证性-;评价性-;并列性+;递进性-;选择性-" ConnectivePosition="39…41;54…56" ConnectiveAttribute="不可删除" RoleLocation="normal" LanguageSense="true"/>
  </pragraph>
  <pragraph ID="6" content="1、河南省政府有关部门在会上发布了该省对外经济技术合作项目，2、与会代表就有关项目的合作意向进行了洽谈。">
    <relative ID="1" Relation_Pair="1--2" Center="2" times="21" Sentence="河南省政府有关部门在会上发布了该省对外经济技术合作项目，|与会代表就有关项目的合作意向进行了洽谈。" position="0...27--28...47" ConnectiveType="隐式关系" Connective="" Major_relationType="因果性" RelationType="因果性+;目的性-;条件性-;虚拟性-;反转性-;顺序性+;解说性+;例证性-;评价性-;并列性-;递进性-;选择性-" ConnectivePosition="" ConnectiveAttribute="不可添加" RoleLocation="normal" LanguageSense="true"/>
  </pragraph>
</doc>
