<?xml version="1.0" encoding="UTF-8"?>

<doc>
  <pragraph ID="2" content="1、在东盟成立３０周年之际，东盟９国首脑同中国、日本、韩国首脑１５日在马来西亚首都吉隆坡举行了非正式会晤。2、次日，中日韩首脑又分别同东盟成员国首脑举行非正式会晤。3、东亚首脑非正式会晤在历史上尚属首次，4、这是一个良好的开端。">
    <relative ID="1" Relation_Pair="1--2" Center="3" times="17" Sentence="在东盟成立３０周年之际，东盟９国首脑同中国、日本、韩国首脑１５日在马来西亚首都吉隆坡举行了非正式会晤。|次日，中日韩首脑又分别同东盟成员国首脑举行非正式会晤。" position="0...50--51...77" ConnectiveType="隐式关系" Connective="" Major_relationType="并列性" RelationType="因果性-;目的性-;条件性-;虚拟性-;反转性-;顺序性-;解说性-;例证性-;评价性-;并列性+;递进性-;选择性-" ConnectivePosition="" ConnectiveAttribute="不可添加" RoleLocation="normal" LanguageSense="true"/>
    <relative ID="2" Relation_Pair="3--4" Center="2" times="32" Sentence="东亚首脑非正式会晤在历史上尚属首次，|这是一个良好的开端。" position="78...95--96...105" ConnectiveType="隐式关系" Connective="" Major_relationType="评价性" RelationType="因果性-;目的性-;条件性-;虚拟性-;反转性-;顺序性-;解说性-;例证性-;评价性+;并列性-;递进性-;选择性-" ConnectivePosition="" ConnectiveAttribute="不可添加" RoleLocation="normal" LanguageSense="true"/>
    <relative ID="3" Relation_Pair="2--3" Center="2" times="8" Sentence="次日，中日韩首脑又分别同东盟成员国首脑举行非正式会晤。|东亚首脑非正式会晤在历史上尚属首次，" position="51...77--78...95" ConnectiveType="隐式关系" Connective="" Major_relationType="解说性" RelationType="因果性-;目的性-;条件性-;虚拟性-;反转性-;顺序性-;解说性+;例证性-;评价性-;并列性-;递进性-;选择性-" ConnectivePosition="" ConnectiveAttribute="不可添加" RoleLocation="normal" LanguageSense="true"/>
  </pragraph>
  <pragraph ID="4" content="1、国家要发展离不开地区，2、地区要发展离不开全球。3、打破旧观念，建立国际政治经济新秩序，符合各国人民要和平、求发展、谋稳定、促合作的时代主流。4、正确认识经济发展、政治稳定、社会和谐和国家安全的关系，努力推动各国、地区和整个世界走上和平发展，共同探讨面向２１世纪的东亚经济合作，展望东亚未来发展的前景，是这次东亚首脑非正式会晤讨论的主题。">
    <relative ID="1" Relation_Pair="1--2" Center="3" times="31" Sentence="国家要发展离不开地区，|地区要发展离不开全球。" position="0...10--11...21" ConnectiveType="隐式关系" Connective="" Major_relationType="并列性" RelationType="因果性-;目的性-;条件性-;虚拟性-;反转性-;顺序性-;解说性-;例证性-;评价性-;并列性+;递进性-;选择性-" ConnectivePosition="" ConnectiveAttribute="不可添加" RoleLocation="normal" LanguageSense="true"/>
    <relative ID="2" Relation_Pair="2--4" Center="1" times="13" Sentence="地区要发展离不开全球。|正确认识经济发展、政治稳定、社会和谐和国家安全的关系，努力推动各国、地区和整个世界走上和平发展，共同探讨面向２１世纪的东亚经济合作，展望东亚未来发展的前景，是这次东亚首脑非正式会晤讨论的主题。" position="11...21--67...162" ConnectiveType="隐式关系" Connective="" Major_relationType="因果性" RelationType="因果性+;目的性-;条件性-;虚拟性-;反转性-;顺序性-;解说性-;例证性-;评价性-;并列性-;递进性-;选择性-" ConnectivePosition="" ConnectiveAttribute="不可添加" RoleLocation="normal" LanguageSense="true"/>
    <relative ID="3" Relation_Pair="2--3" Center="1" times="10" Sentence="地区要发展离不开全球。|打破旧观念，建立国际政治经济新秩序，符合各国人民要和平、求发展、谋稳定、促合作的时代主流。" position="11...21--22...66" ConnectiveType="隐式关系" Connective="" Major_relationType="因果性" RelationType="因果性+;目的性-;条件性-;虚拟性-;反转性-;顺序性-;解说性-;例证性-;评价性-;并列性-;递进性-;选择性-" ConnectivePosition="" ConnectiveAttribute="不可添加" RoleLocation="normal" LanguageSense="true"/>
  </pragraph>
  <pragraph ID="5" content="1、和平是经济发展的前提。2、没有和平环境，3、任何建设事业都无从谈起。4、只有实现持久的和平，5、才有可能实现持续发展。6、为此，必须培育新型的安全观，7、寻求维护和平的新方法。8、在相互尊重主权和领土完整、互不侵犯、互不干涉内政、平等互利、和平共处五项原则基础上建立国与国之间的关系，是全球和地区安全的政治基础和前提。9、各国在经济领域加强互利合作，相互开放，消除经贸交往中的不平等现象和歧视政策，逐步缩小国家之间的发展差距，谋求共同繁荣，是全球和地区安全的经济基础。10、各国通过对话与合作增进相互了解和信任，承诺以和平方式解决国家间的分歧和争端，是确保和平与安全的现实途径。">
    <relative ID="1" Relation_Pair="2--3" Center="1" times="64" Sentence="没有和平环境，|任何建设事业都无从谈起。" position="11...17--18...29" ConnectiveType="隐式关系" Connective="" Major_relationType="条件性" RelationType="因果性+;目的性-;条件性+;虚拟性+;反转性-;顺序性-;解说性-;例证性-;评价性-;并列性-;递进性-;选择性-" ConnectivePosition="" ConnectiveAttribute="不可添加" RoleLocation="normal" LanguageSense="true"/>
    <relative ID="2" Relation_Pair="4--5" Center="1" times="39" Sentence="只有实现持久的和平，|才有可能实现持续发展。" position="30...39--40...50" ConnectiveType="显式关系" Connective="只有;才" Major_relationType="条件性" RelationType="因果性+;目的性-;条件性+;虚拟性+;反转性-;顺序性+;解说性-;例证性-;评价性-;并列性-;递进性-;选择性-" ConnectivePosition="33…35;44…45" ConnectiveAttribute="不可删除" RoleLocation="normal" LanguageSense="true"/>
    <relative ID="3" Relation_Pair="6--7" Center="3" times="57" Sentence="为此，必须培育新型的安全观，|寻求维护和平的新方法。" position="51...64--65...75" ConnectiveType="隐式关系" Connective="" Major_relationType="并列性" RelationType="因果性-;目的性-;条件性-;虚拟性-;反转性-;顺序性-;解说性-;例证性-;评价性-;并列性+;递进性-;选择性-" ConnectivePosition="" ConnectiveAttribute="不可添加" RoleLocation="normal" LanguageSense="true"/>
    <relative ID="4" Relation_Pair="2--4" Center="3" times="177" Sentence="没有和平环境，|只有实现持久的和平，" position="11...17--30...39" ConnectiveType="隐式关系" Connective="" Major_relationType="并列性" RelationType="因果性-;目的性-;条件性-;虚拟性-;反转性-;顺序性-;解说性-;例证性-;评价性-;并列性+;递进性-;选择性-" ConnectivePosition="" ConnectiveAttribute="不可添加" RoleLocation="normal" LanguageSense="true"/>
    <relative ID="5" Relation_Pair="5--6" Center="1" times="63" Sentence="才有可能实现持续发展。|为此，必须培育新型的安全观，" position="40...50--51...64" ConnectiveType="隐式关系" Connective="" Major_relationType="因果性" RelationType="因果性+;目的性-;条件性-;虚拟性-;反转性-;顺序性-;解说性+;例证性-;评价性-;并列性-;递进性-;选择性-" ConnectivePosition="" ConnectiveAttribute="不可添加" RoleLocation="normal" LanguageSense="true"/>
    <relative ID="6" Relation_Pair="1--8" Center="1" times="28" Sentence="和平是经济发展的前提。|在相互尊重主权和领土完整、互不侵犯、互不干涉内政、平等互利、和平共处五项原则基础上建立国与国之间的关系，是全球和地区安全的政治基础和前提。" position="0...10--76...144" ConnectiveType="隐式关系" Connective="" Major_relationType="因果性" RelationType="因果性+;目的性-;条件性-;虚拟性-;反转性-;顺序性-;解说性+;例证性-;评价性-;并列性-;递进性-;选择性-" ConnectivePosition="" ConnectiveAttribute="不可添加" RoleLocation="normal" LanguageSense="true"/>
    <relative ID="7" Relation_Pair="1--9" Center="1" times="8" Sentence="和平是经济发展的前提。|各国在经济领域加强互利合作，相互开放，消除经贸交往中的不平等现象和歧视政策，逐步缩小国家之间的发展差距，谋求共同繁荣，是全球和地区安全的经济基础。" position="0...10--145...217" ConnectiveType="隐式关系" Connective="" Major_relationType="因果性" RelationType="因果性+;目的性-;条件性-;虚拟性-;反转性-;顺序性-;解说性+;例证性-;评价性-;并列性-;递进性-;选择性-" ConnectivePosition="" ConnectiveAttribute="不可添加" RoleLocation="normal" LanguageSense="true"/>
    <relative ID="8" Relation_Pair="1--10" Center="1" times="9" Sentence="和平是经济发展的前提。|各国通过对话与合作增进相互了解和信任，承诺以和平方式解决国家间的分歧和争端，是确保和平与安全的现实途径。" position="0...10--218...269" ConnectiveType="隐式关系" Connective="" Major_relationType="因果性" RelationType="因果性+;目的性-;条件性-;虚拟性-;反转性-;顺序性-;解说性+;例证性-;评价性-;并列性-;递进性-;选择性-" ConnectivePosition="" ConnectiveAttribute="不可添加" RoleLocation="normal" LanguageSense="true"/>
    <relative ID="9" Relation_Pair="1--3" Center="1" times="49" Sentence="和平是经济发展的前提。|任何建设事业都无从谈起。" position="0...10--18...29" ConnectiveType="隐式关系" Connective="" Major_relationType="解说性" RelationType="因果性-;目的性-;条件性-;虚拟性-;反转性-;顺序性-;解说性+;例证性-;评价性-;并列性-;递进性+;选择性-" ConnectivePosition="" ConnectiveAttribute="不可添加" RoleLocation="normal" LanguageSense="true"/>
  </pragraph>
  <pragraph ID="6" content="1、今年一些东亚国家遇到金融风波，2、经济发展出现一些困难，3、但东亚国家经济基础还是好的，4、经济发展的有利因素依然存在。5、这次会晤期间，东亚国家领导人一致支持扩大地区贸易和投资的建议。6、相信经过总结经验，7、进行适当调整，8、东亚经济一定能够继续向前发展。">
    <relative ID="1" Relation_Pair="1--2" Center="2" times="57" Sentence="今年一些东亚国家遇到金融风波，|经济发展出现一些困难，" position="0...14--15...25" ConnectiveType="隐式关系" Connective="" Major_relationType="因果性" RelationType="因果性+;目的性-;条件性-;虚拟性-;反转性-;顺序性+;解说性-;例证性-;评价性-;并列性-;递进性-;选择性-" ConnectivePosition="" ConnectiveAttribute="不可添加" RoleLocation="normal" LanguageSense="true"/>
    <relative ID="2" Relation_Pair="2--3" Center="2" times="20" Sentence="经济发展出现一些困难，|但东亚国家经济基础还是好的，" position="15...25--26...39" ConnectiveType="显式关系" Connective="但" Major_relationType="反转性" RelationType="因果性-;目的性-;条件性-;虚拟性-;反转性+;顺序性-;解说性-;例证性-;评价性-;并列性-;递进性-;选择性-" ConnectivePosition="28…29" ConnectiveAttribute="不可删除" RoleLocation="normal" LanguageSense="true"/>
    <relative ID="3" Relation_Pair="3--4" Center="1" times="28" Sentence="但东亚国家经济基础还是好的，|经济发展的有利因素依然存在。" position="26...39--40...53" ConnectiveType="隐式关系" Connective="" Major_relationType="因果性" RelationType="因果性+;目的性-;条件性-;虚拟性-;反转性-;顺序性-;解说性+;例证性-;评价性-;并列性-;递进性-;选择性-" ConnectivePosition="" ConnectiveAttribute="不可添加" RoleLocation="normal" LanguageSense="true"/>
    <relative ID="4" Relation_Pair="6--8" Center="2" times="68" Sentence="相信经过总结经验，|东亚经济一定能够继续向前发展。" position="85...93--101...115" ConnectiveType="隐式关系" Connective="" Major_relationType="因果性" RelationType="因果性+;目的性-;条件性-;虚拟性+;反转性-;顺序性-;解说性-;例证性-;评价性-;并列性-;递进性-;选择性-" ConnectivePosition="" ConnectiveAttribute="不可添加" RoleLocation="normal" LanguageSense="true"/>
    <relative ID="5" Relation_Pair="7--8" Center="2" times="13" Sentence="进行适当调整，|东亚经济一定能够继续向前发展。" position="94...100--101...115" ConnectiveType="隐式关系" Connective="" Major_relationType="因果性" RelationType="因果性+;目的性-;条件性-;虚拟性+;反转性-;顺序性-;解说性-;例证性-;评价性-;并列性-;递进性-;选择性-" ConnectivePosition="" ConnectiveAttribute="不可添加" RoleLocation="normal" LanguageSense="true"/>
    <relative ID="6" Relation_Pair="4--5" Center="1" times="21" Sentence="经济发展的有利因素依然存在。|这次会晤期间，东亚国家领导人一致支持扩大地区贸易和投资的建议。" position="40...53--54...84" ConnectiveType="隐式关系" Connective="" Major_relationType="因果性" RelationType="因果性+;目的性-;条件性-;虚拟性-;反转性-;顺序性-;解说性-;例证性-;评价性-;并列性-;递进性-;选择性-" ConnectivePosition="" ConnectiveAttribute="不可添加" RoleLocation="normal" LanguageSense="true"/>
    <relative ID="7" Relation_Pair="4--8" Center="1" times="19" Sentence="经济发展的有利因素依然存在。|东亚经济一定能够继续向前发展。" position="40...53--101...115" ConnectiveType="隐式关系" Connective="" Major_relationType="因果性" RelationType="因果性+;目的性-;条件性-;虚拟性-;反转性-;顺序性-;解说性-;例证性-;评价性-;并列性-;递进性-;选择性-" ConnectivePosition="" ConnectiveAttribute="不可添加" RoleLocation="normal" LanguageSense="true"/>
  </pragraph>
  <pragraph ID="7" content="1、东亚各国间并非完全没有矛盾和分歧。2、但是，为了保障东亚各国人民的根本利益，3、为了促进人类和平与发展的崇高事业，4、必须进一步加强东亚合作。5、江泽民主席在这次会晤中郑重阐述了中国的立场。6、他强调指出：“我们要坚持相互尊重，平等参与，互惠互利，共同发展的原则；7、要加强经济技术特别是高新技术领域的合作，建立合理的地区经济结构，形成取长补短、优势互补、利益平衡、非排他性和非歧视性的经济合作模式；8、要通过友好对话与协商，增强信任，扩大共识，求同存异，妥善解决分歧，确保地区的和平与稳定。”">
    <relative ID="1" Relation_Pair="2--4" Center="2" times="146" Sentence="但是，为了保障东亚各国人民的根本利益，|必须进一步加强东亚合作。" position="17...35--53...64" ConnectiveType="显式关系" Connective="为了" Major_relationType="目的性" RelationType="因果性+;目的性+;条件性-;虚拟性+;反转性-;顺序性-;解说性-;例证性-;评价性-;并列性-;递进性-;选择性-" ConnectivePosition="21…23" ConnectiveAttribute="不可删除" RoleLocation="normal" LanguageSense="true"/>
    <relative ID="2" Relation_Pair="3--4" Center="2" times="16" Sentence="为了促进人类和平与发展的崇高事业，|必须进一步加强东亚合作。" position="36...52--53...64" ConnectiveType="显式关系" Connective="为了" Major_relationType="目的性" RelationType="因果性+;目的性+;条件性-;虚拟性+;反转性-;顺序性-;解说性-;例证性-;评价性-;并列性-;递进性-;选择性-" ConnectivePosition="38…40" ConnectiveAttribute="不可删除" RoleLocation="normal" LanguageSense="true"/>
    <relative ID="3" Relation_Pair="5--6" Center="1" times="15" Sentence="江泽民主席在这次会晤中郑重阐述了中国的立场。|他强调指出：“我们要坚持相互尊重，平等参与，互惠互利，共同发展的原则；" position="65...86--87...121" ConnectiveType="隐式关系" Connective="" Major_relationType="解说性" RelationType="因果性-;目的性-;条件性-;虚拟性-;反转性-;顺序性-;解说性+;例证性-;评价性-;并列性-;递进性-;选择性-" ConnectivePosition="" ConnectiveAttribute="不可添加" RoleLocation="normal" LanguageSense="true"/>
    <relative ID="4" Relation_Pair="5--7" Center="1" times="37" Sentence="江泽民主席在这次会晤中郑重阐述了中国的立场。|要加强经济技术特别是高新技术领域的合作，建立合理的地区经济结构，形成取长补短、优势互补、利益平衡、非排他性和非歧视性的经济合作模式；" position="65...86--122...187" ConnectiveType="隐式关系" Connective="" Major_relationType="解说性" RelationType="因果性-;目的性-;条件性-;虚拟性-;反转性-;顺序性-;解说性+;例证性-;评价性-;并列性-;递进性-;选择性-" ConnectivePosition="" ConnectiveAttribute="不可添加" RoleLocation="normal" LanguageSense="true"/>
    <relative ID="5" Relation_Pair="5--8" Center="1" times="12" Sentence="江泽民主席在这次会晤中郑重阐述了中国的立场。|要通过友好对话与协商，增强信任，扩大共识，求同存异，妥善解决分歧，确保地区的和平与稳定。”" position="65...86--188...232" ConnectiveType="隐式关系" Connective="" Major_relationType="解说性" RelationType="因果性-;目的性-;条件性-;虚拟性-;反转性-;顺序性-;解说性+;例证性-;评价性-;并列性-;递进性-;选择性-" ConnectivePosition="" ConnectiveAttribute="不可添加" RoleLocation="normal" LanguageSense="true"/>
    <relative ID="6" Relation_Pair="4--5" Center="1" times="19" Sentence="必须进一步加强东亚合作。|江泽民主席在这次会晤中郑重阐述了中国的立场。" position="53...64--65...86" ConnectiveType="隐式关系" Connective="" Major_relationType="例证性" RelationType="因果性-;目的性-;条件性-;虚拟性-;反转性-;顺序性-;解说性-;例证性+;评价性-;并列性-;递进性-;选择性-" ConnectivePosition="" ConnectiveAttribute="不可添加" RoleLocation="normal" LanguageSense="true"/>
    <relative ID="7" Relation_Pair="1--4" Center="2" times="18" Sentence="东亚各国间并非完全没有矛盾和分歧。|必须进一步加强东亚合作。" position="0...16--53...64" ConnectiveType="显式关系" Connective="但是" Major_relationType="反转性" RelationType="因果性-;目的性-;条件性-;虚拟性-;反转性+;顺序性-;解说性-;例证性-;评价性-;并列性-;递进性-;选择性-" ConnectivePosition="18…20" ConnectiveAttribute="不可删除" RoleLocation="normal" LanguageSense="true"/>
  </pragraph>
  <pragraph ID="8" content="1、万事开头难。2、有了这个良好的开端，3、人们完全有理由相信，东亚国家间的协调合作在不久的将来必将展现更加美好的前景。">
    <relative ID="1" Relation_Pair="2--3" Center="2" times="25" Sentence="有了这个良好的开端，|人们完全有理由相信，东亚国家间的协调合作在不久的将来必将展现更加美好的前景。" position="6...15--16...53" ConnectiveType="隐式关系" Connective="" Major_relationType="因果性" RelationType="因果性+;目的性-;条件性-;虚拟性-;反转性-;顺序性-;解说性-;例证性-;评价性-;并列性-;递进性-;选择性-" ConnectivePosition="" ConnectiveAttribute="不可添加" RoleLocation="normal" LanguageSense="true"/>
    <relative ID="2" Relation_Pair="1--2" Center="2" times="51" Sentence="万事开头难。|有了这个良好的开端，" position="0...5--6...15" ConnectiveType="隐式关系" Connective="" Major_relationType="反转性" RelationType="因果性-;目的性-;条件性-;虚拟性-;反转性+;顺序性-;解说性-;例证性-;评价性-;并列性-;递进性-;选择性-" ConnectivePosition="" ConnectiveAttribute="不可添加" RoleLocation="normal" LanguageSense="true"/>
  </pragraph>
</doc>
