<?xml version="1.0" encoding="UTF-8"?>

<doc>
  <pragraph ID="2" content="1、联合国经社事务部１６日发表世界经济年度报告说，尽管亚洲一些国家的金融动荡会使这些国家的经济增长受到严重影响，2、但就整个世界经济而言，其他国家的强劲增长势头会弥补这一损失。3、报告估计１９９７年世界经济增长百分之三点二，4、预计１９９８年将增长百分之三，5、与１９９６年的增长率持平。">
    <relative ID="1" Relation_Pair="1--2" Center="2" times="93" Sentence="联合国经社事务部１６日发表世界经济年度报告说，尽管亚洲一些国家的金融动荡会使这些国家的经济增长受到严重影响，|但就整个世界经济而言，其他国家的强劲增长势头会弥补这一损失。" position="0...53--54...83" ConnectiveType="显式关系" Connective="尽管;但" Major_relationType="反转性" RelationType="因果性-;目的性-;条件性-;虚拟性-;反转性+;顺序性-;解说性-;例证性-;评价性-;并列性-;递进性-;选择性-" ConnectivePosition="23…25;55…56" ConnectiveAttribute="不可删除" RoleLocation="normal" LanguageSense="true"/>
    <relative ID="2" Relation_Pair="2--3" Center="1" times="72" Sentence="但就整个世界经济而言，其他国家的强劲增长势头会弥补这一损失。|报告估计１９９７年世界经济增长百分之三点二，" position="54...83--84...105" ConnectiveType="隐式关系" Connective="" Major_relationType="例证性" RelationType="因果性-;目的性-;条件性-;虚拟性+;反转性-;顺序性-;解说性-;例证性+;评价性-;并列性-;递进性-;选择性-" ConnectivePosition="" ConnectiveAttribute="不可添加" RoleLocation="normal" LanguageSense="true"/>
    <relative ID="3" Relation_Pair="2--4" Center="1" times="10" Sentence="但就整个世界经济而言，其他国家的强劲增长势头会弥补这一损失。|预计１９９８年将增长百分之三，" position="54...83--106...120" ConnectiveType="隐式关系" Connective="" Major_relationType="例证性" RelationType="因果性-;目的性-;条件性-;虚拟性+;反转性-;顺序性-;解说性-;例证性+;评价性-;并列性-;递进性-;选择性-" ConnectivePosition="" ConnectiveAttribute="不可添加" RoleLocation="normal" LanguageSense="true"/>
    <relative ID="4" Relation_Pair="4--5" Center="1" times="13" Sentence="预计１９９８年将增长百分之三，|与１９９６年的增长率持平。" position="106...120--121...133" ConnectiveType="隐式关系" Connective="" Major_relationType="解说性" RelationType="因果性-;目的性-;条件性-;虚拟性-;反转性-;顺序性-;解说性+;例证性-;评价性+;并列性-;递进性-;选择性-" ConnectivePosition="" ConnectiveAttribute="不可添加" RoleLocation="normal" LanguageSense="true"/>
  </pragraph>
  <pragraph ID="3" content="1、报告说，在联合国自１９９３年以来所监测的１４３个国家中，１９９８年将有１３１个国家的人均产值会有增长，2、超过１９９７年的１２０个和１９９３年的６７个国家。">
    <relative ID="1" Relation_Pair="1--2" Center="1" times="14" Sentence="报告说，在联合国自１９９３年以来所监测的１４３个国家中，１９９８年将有１３１个国家的人均产值会有增长，|超过１９９７年的１２０个和１９９３年的６７个国家。" position="0...50--51...75" ConnectiveType="隐式关系" Connective="" Major_relationType="评价性" RelationType="因果性-;目的性-;条件性-;虚拟性-;反转性-;顺序性-;解说性-;例证性-;评价性+;并列性-;递进性-;选择性-" ConnectivePosition="" ConnectiveAttribute="不可添加" RoleLocation="normal" LanguageSense="true"/>
  </pragraph>
  <pragraph ID="4" content="1、根据这份报告，１９９７年发达国家的经济增长率估计为百分之二点六，2、超过去年百分之二点四，3、预计１９９８年将降为百分之二点五。4、１９９７年发达国家经济形势的特点是美国增长强劲而日本经济疲软，5、美国经济增长率估计为百分之三点七，6、日本仅为百分之零点八。7、预计，１９９８年美国经济增长百分之二点五，8、日本经济增长百分之一点二五。9、此外，发达国家的通货膨胀率１９９８年预计将维持在百分之二的低位上，10、但许多国家仍将受到高失业的困扰，11、其中最突出的是欧盟。12、１９９７年是欧盟失业率连续保持两位数的第六个年头，13、达百分之十点五，14、略低于１９９６年的百分之十点八。">
    <relative ID="1" Relation_Pair="1--2" Center="1" times="46" Sentence="根据这份报告，１９９７年发达国家的经济增长率估计为百分之二点六，|超过去年百分之二点四，" position="0...31--32...42" ConnectiveType="隐式关系" Connective="" Major_relationType="评价性" RelationType="因果性-;目的性-;条件性-;虚拟性-;反转性-;顺序性-;解说性-;例证性-;评价性+;并列性-;递进性-;选择性-" ConnectivePosition="" ConnectiveAttribute="不可添加" RoleLocation="normal" LanguageSense="true"/>
    <relative ID="2" Relation_Pair="1--3" Center="3" times="19" Sentence="根据这份报告，１９９７年发达国家的经济增长率估计为百分之二点六，|预计１９９８年将降为百分之二点五。" position="0...31--43...59" ConnectiveType="隐式关系" Connective="" Major_relationType="虚拟性" RelationType="因果性-;目的性-;条件性-;虚拟性+;反转性-;顺序性-;解说性-;例证性-;评价性-;并列性+;递进性-;选择性-" ConnectivePosition="" ConnectiveAttribute="不可添加" RoleLocation="normal" LanguageSense="true"/>
    <relative ID="3" Relation_Pair="4--5" Center="1" times="10" Sentence="１９９７年发达国家经济形势的特点是美国增长强劲而日本经济疲软，|美国经济增长率估计为百分之三点七，" position="60...90--91...107" ConnectiveType="隐式关系" Connective="" Major_relationType="解说性" RelationType="因果性-;目的性-;条件性-;虚拟性-;反转性-;顺序性-;解说性+;例证性-;评价性-;并列性-;递进性-;选择性-" ConnectivePosition="" ConnectiveAttribute="不可添加" RoleLocation="normal" LanguageSense="true"/>
    <relative ID="4" Relation_Pair="4--6" Center="1" times="8" Sentence="１９９７年发达国家经济形势的特点是美国增长强劲而日本经济疲软，|日本仅为百分之零点八。" position="60...90--108...118" ConnectiveType="隐式关系" Connective="" Major_relationType="解说性" RelationType="因果性-;目的性-;条件性-;虚拟性-;反转性-;顺序性-;解说性+;例证性-;评价性-;并列性-;递进性-;选择性-" ConnectivePosition="" ConnectiveAttribute="不可添加" RoleLocation="normal" LanguageSense="true"/>
    <relative ID="5" Relation_Pair="7--8" Center="3" times="11" Sentence="预计，１９９８年美国经济增长百分之二点五，|日本经济增长百分之一点二五。" position="119...139--140...153" ConnectiveType="隐式关系" Connective="" Major_relationType="并列性" RelationType="因果性-;目的性-;条件性-;虚拟性+;反转性-;顺序性-;解说性-;例证性-;评价性-;并列性+;递进性-;选择性-" ConnectivePosition="" ConnectiveAttribute="不可添加" RoleLocation="normal" LanguageSense="true"/>
    <relative ID="6" Relation_Pair="9--10" Center="2" times="10" Sentence="此外，发达国家的通货膨胀率１９９８年预计将维持在百分之二的低位上，|但许多国家仍将受到高失业的困扰，" position="154...186--187...202" ConnectiveType="隐式关系" Connective="" Major_relationType="反转性" RelationType="因果性-;目的性-;条件性-;虚拟性-;反转性+;顺序性-;解说性-;例证性-;评价性-;并列性-;递进性-;选择性-" ConnectivePosition="" ConnectiveAttribute="不可添加" RoleLocation="normal" LanguageSense="true"/>
    <relative ID="7" Relation_Pair="10--11" Center="1" times="15" Sentence="但许多国家仍将受到高失业的困扰，|其中最突出的是欧盟。" position="187...202--203...212" ConnectiveType="显式关系" Connective="其中" Major_relationType="解说性" RelationType="因果性-;目的性-;条件性-;虚拟性-;反转性-;顺序性-;解说性+;例证性-;评价性-;并列性-;递进性-;选择性-" ConnectivePosition="213…215" ConnectiveAttribute="不可删除" RoleLocation="normal" LanguageSense="true"/>
    <relative ID="8" Relation_Pair="12--13" Center="1" times="74" Sentence="１９９７年是欧盟失业率连续保持两位数的第六个年头，|达百分之十点五，" position="213...237--238...245" ConnectiveType="隐式关系" Connective="" Major_relationType="解说性" RelationType="因果性-;目的性-;条件性-;虚拟性-;反转性-;顺序性-;解说性+;例证性-;评价性-;并列性-;递进性-;选择性-" ConnectivePosition="" ConnectiveAttribute="不可添加" RoleLocation="normal" LanguageSense="true"/>
    <relative ID="9" Relation_Pair="13--14" Center="1" times="14" Sentence="达百分之十点五，|略低于１９９６年的百分之十点八。" position="238...245--246...261" ConnectiveType="隐式关系" Connective="" Major_relationType="评价性" RelationType="因果性-;目的性-;条件性-;虚拟性-;反转性-;顺序性-;解说性-;例证性-;评价性+;并列性-;递进性-;选择性-" ConnectivePosition="" ConnectiveAttribute="不可添加" RoleLocation="normal" LanguageSense="true"/>
    <relative ID="10" Relation_Pair="11--12" Center="1" times="17" Sentence="其中最突出的是欧盟。|１９９７年是欧盟失业率连续保持两位数的第六个年头，" position="203...212--213...237" ConnectiveType="隐式关系" Connective="" Major_relationType="解说性" RelationType="因果性-;目的性-;条件性-;虚拟性-;反转性-;顺序性-;解说性+;例证性-;评价性-;并列性-;递进性-;选择性-" ConnectivePosition="" ConnectiveAttribute="不可添加" RoleLocation="normal" LanguageSense="true"/>
    <relative ID="11" Relation_Pair="1--4" Center="1" times="21" Sentence="根据这份报告，１９９７年发达国家的经济增长率估计为百分之二点六，|１９９７年发达国家经济形势的特点是美国增长强劲而日本经济疲软，" position="0...31--60...90" ConnectiveType="隐式关系" Connective="" Major_relationType="解说性" RelationType="因果性-;目的性-;条件性-;虚拟性-;反转性-;顺序性-;解说性+;例证性-;评价性-;并列性-;递进性-;选择性-" ConnectivePosition="" ConnectiveAttribute="不可添加" RoleLocation="normal" LanguageSense="true"/>
    <relative ID="12" Relation_Pair="4--7" Center="1" times="14" Sentence="１９９７年发达国家经济形势的特点是美国增长强劲而日本经济疲软，|预计，１９９８年美国经济增长百分之二点五，" position="60...90--119...139" ConnectiveType="隐式关系" Connective="" Major_relationType="解说性" RelationType="因果性-;目的性-;条件性-;虚拟性+;反转性-;顺序性-;解说性+;例证性-;评价性-;并列性-;递进性-;选择性-" ConnectivePosition="" ConnectiveAttribute="不可添加" RoleLocation="normal" LanguageSense="true"/>
    <relative ID="13" Relation_Pair="8--9" Center="3" times="81" Sentence="日本经济增长百分之一点二五。|此外，发达国家的通货膨胀率１９９８年预计将维持在百分之二的低位上，" position="140...153--154...186" ConnectiveType="显式关系" Connective="此外" Major_relationType="并列性" RelationType="因果性-;目的性-;条件性-;虚拟性-;反转性-;顺序性-;解说性-;例证性-;评价性-;并列性+;递进性-;选择性-" ConnectivePosition="162…164" ConnectiveAttribute="不可删除" RoleLocation="normal" LanguageSense="true"/>
  </pragraph>
  <pragraph ID="5" content="1、发展中国家１９９７年将维持１９９６年的百分之五点七的经济增长率，2、１９９８年预计将增长百分之五。3、非洲经济１９９７年估计增长百分之三，4、低于去年的百分之四点四，5、１９９８年预计增长百分之四。6、拉美１９９７年估计增长百分之五点二，7、高于去年的百分之三点七，8、１９９８年预计增长百分之三点五。9、不包括中国在内，东亚和东南亚地区１９９７年将增长百分之六点五，10、低于去年的百分之七点四，11、１９９８年预计增长百分之六点二五。12、中国经济１９９７年可望增长百分之九点三，13、略低于去年的百分之九点七，14、１９９８年预计增长百分之十。">
    <relative ID="1" Relation_Pair="1--2" Center="1" times="60" Sentence="发展中国家１９９７年将维持１９９６年的百分之五点七的经济增长率，|１９９８年预计将增长百分之五。" position="0...31--32...46" ConnectiveType="隐式关系" Connective="" Major_relationType="解说性" RelationType="因果性-;目的性-;条件性-;虚拟性+;反转性-;顺序性-;解说性+;例证性-;评价性-;并列性-;递进性-;选择性-" ConnectivePosition="" ConnectiveAttribute="不可添加" RoleLocation="normal" LanguageSense="true"/>
    <relative ID="2" Relation_Pair="3--4" Center="1" times="11" Sentence="非洲经济１９９７年估计增长百分之三，|低于去年的百分之四点四，" position="47...64--65...76" ConnectiveType="隐式关系" Connective="" Major_relationType="评价性" RelationType="因果性-;目的性-;条件性-;虚拟性-;反转性-;顺序性-;解说性-;例证性-;评价性+;并列性-;递进性-;选择性-" ConnectivePosition="" ConnectiveAttribute="不可添加" RoleLocation="normal" LanguageSense="true"/>
    <relative ID="3" Relation_Pair="3--5" Center="1" times="12" Sentence="非洲经济１９９７年估计增长百分之三，|１９９８年预计增长百分之四。" position="47...64--77...90" ConnectiveType="隐式关系" Connective="" Major_relationType="解说性" RelationType="因果性-;目的性-;条件性-;虚拟性+;反转性-;顺序性-;解说性+;例证性-;评价性-;并列性-;递进性-;选择性-" ConnectivePosition="" ConnectiveAttribute="不可添加" RoleLocation="normal" LanguageSense="true"/>
    <relative ID="4" Relation_Pair="6--7" Center="1" times="13" Sentence="拉美１９９７年估计增长百分之五点二，|高于去年的百分之三点七，" position="91...108--109...120" ConnectiveType="隐式关系" Connective="" Major_relationType="评价性" RelationType="因果性-;目的性-;条件性-;虚拟性-;反转性-;顺序性-;解说性-;例证性-;评价性+;并列性-;递进性-;选择性-" ConnectivePosition="" ConnectiveAttribute="不可添加" RoleLocation="normal" LanguageSense="true"/>
    <relative ID="5" Relation_Pair="6--8" Center="1" times="9" Sentence="拉美１９９７年估计增长百分之五点二，|１９９８年预计增长百分之三点五。" position="91...108--121...136" ConnectiveType="隐式关系" Connective="" Major_relationType="解说性" RelationType="因果性-;目的性-;条件性-;虚拟性+;反转性-;顺序性-;解说性+;例证性-;评价性-;并列性-;递进性-;选择性-" ConnectivePosition="" ConnectiveAttribute="不可添加" RoleLocation="normal" LanguageSense="true"/>
    <relative ID="6" Relation_Pair="9--10" Center="1" times="9" Sentence="不包括中国在内，东亚和东南亚地区１９９７年将增长百分之六点五，|低于去年的百分之七点四，" position="137...167--168...179" ConnectiveType="隐式关系" Connective="" Major_relationType="评价性" RelationType="因果性-;目的性-;条件性-;虚拟性-;反转性-;顺序性-;解说性-;例证性-;评价性+;并列性-;递进性-;选择性-" ConnectivePosition="" ConnectiveAttribute="不可添加" RoleLocation="normal" LanguageSense="true"/>
    <relative ID="7" Relation_Pair="9--11" Center="1" times="12" Sentence="不包括中国在内，东亚和东南亚地区１９９７年将增长百分之六点五，|１９９８年预计增长百分之六点二五。" position="137...167--180...196" ConnectiveType="隐式关系" Connective="" Major_relationType="解说性" RelationType="因果性-;目的性-;条件性-;虚拟性+;反转性-;顺序性-;解说性+;例证性-;评价性-;并列性-;递进性-;选择性-" ConnectivePosition="" ConnectiveAttribute="不可添加" RoleLocation="normal" LanguageSense="true"/>
    <relative ID="8" Relation_Pair="12--13" Center="1" times="18" Sentence="中国经济１９９７年可望增长百分之九点三，|略低于去年的百分之九点七，" position="197...216--217...229" ConnectiveType="隐式关系" Connective="" Major_relationType="评价性" RelationType="因果性-;目的性-;条件性-;虚拟性-;反转性-;顺序性-;解说性-;例证性-;评价性+;并列性-;递进性-;选择性-" ConnectivePosition="" ConnectiveAttribute="不可添加" RoleLocation="normal" LanguageSense="true"/>
    <relative ID="9" Relation_Pair="12--14" Center="1" times="13" Sentence="中国经济１９９７年可望增长百分之九点三，|１９９８年预计增长百分之十。" position="197...216--230...243" ConnectiveType="隐式关系" Connective="" Major_relationType="解说性" RelationType="因果性-;目的性-;条件性-;虚拟性+;反转性-;顺序性-;解说性+;例证性-;评价性-;并列性-;递进性-;选择性-" ConnectivePosition="" ConnectiveAttribute="不可添加" RoleLocation="normal" LanguageSense="true"/>
    <relative ID="10" Relation_Pair="1--3" Center="1" times="23" Sentence="发展中国家１９９７年将维持１９９６年的百分之五点七的经济增长率，|非洲经济１９９７年估计增长百分之三，" position="0...31--47...64" ConnectiveType="隐式关系" Connective="" Major_relationType="解说性" RelationType="因果性-;目的性-;条件性-;虚拟性-;反转性-;顺序性-;解说性+;例证性-;评价性-;并列性-;递进性-;选择性-" ConnectivePosition="" ConnectiveAttribute="不可添加" RoleLocation="normal" LanguageSense="true"/>
    <relative ID="11" Relation_Pair="1--6" Center="1" times="7" Sentence="发展中国家１９９７年将维持１９９６年的百分之五点七的经济增长率，|拉美１９９７年估计增长百分之五点二，" position="0...31--91...108" ConnectiveType="隐式关系" Connective="" Major_relationType="解说性" RelationType="因果性-;目的性-;条件性-;虚拟性-;反转性-;顺序性-;解说性+;例证性-;评价性-;并列性-;递进性-;选择性-" ConnectivePosition="" ConnectiveAttribute="不可添加" RoleLocation="normal" LanguageSense="true"/>
    <relative ID="12" Relation_Pair="1--9" Center="1" times="8" Sentence="发展中国家１９９７年将维持１９９６年的百分之五点七的经济增长率，|不包括中国在内，东亚和东南亚地区１９９７年将增长百分之六点五，" position="0...31--137...167" ConnectiveType="隐式关系" Connective="" Major_relationType="解说性" RelationType="因果性-;目的性-;条件性-;虚拟性-;反转性-;顺序性-;解说性+;例证性-;评价性-;并列性-;递进性-;选择性-" ConnectivePosition="" ConnectiveAttribute="不可添加" RoleLocation="normal" LanguageSense="true"/>
    <relative ID="13" Relation_Pair="1--14" Center="1" times="8" Sentence="发展中国家１９９７年将维持１９９６年的百分之五点七的经济增长率，|１９９８年预计增长百分之十。" position="0...31--230...243" ConnectiveType="隐式关系" Connective="" Major_relationType="解说性" RelationType="因果性-;目的性-;条件性-;虚拟性-;反转性-;顺序性-;解说性+;例证性-;评价性-;并列性-;递进性-;选择性-" ConnectivePosition="" ConnectiveAttribute="不可添加" RoleLocation="normal" LanguageSense="true"/>
  </pragraph>
  <pragraph ID="6" content="1、报告说，１９９７年是经济转轨国家自停止实行中央计划经济以来的第一个经济增长年份，2、增长率达百分之一点七，3、１９９８年预计增长百分之三点二五。4、俄罗斯１９９７年估计增长百分之零点五，5、１９９８年预计增长百分之一点五。">
    <relative ID="1" Relation_Pair="1--2" Center="1" times="17" Sentence="报告说，１９９７年是经济转轨国家自停止实行中央计划经济以来的第一个经济增长年份，|增长率达百分之一点七，" position="0...39--40...50" ConnectiveType="隐式关系" Connective="" Major_relationType="解说性" RelationType="因果性-;目的性-;条件性-;虚拟性-;反转性-;顺序性-;解说性+;例证性-;评价性-;并列性-;递进性-;选择性-" ConnectivePosition="" ConnectiveAttribute="不可添加" RoleLocation="normal" LanguageSense="true"/>
    <relative ID="2" Relation_Pair="2--3" Center="3" times="22" Sentence="增长率达百分之一点七，|１９９８年预计增长百分之三点二五。" position="40...50--51...67" ConnectiveType="隐式关系" Connective="" Major_relationType="并列性" RelationType="因果性-;目的性-;条件性-;虚拟性-;反转性-;顺序性-;解说性-;例证性-;评价性-;并列性+;递进性-;选择性-" ConnectivePosition="" ConnectiveAttribute="不可添加" RoleLocation="normal" LanguageSense="true"/>
    <relative ID="3" Relation_Pair="1--4" Center="1" times="17" Sentence="报告说，１９９７年是经济转轨国家自停止实行中央计划经济以来的第一个经济增长年份，|俄罗斯１９９７年估计增长百分之零点五，" position="0...39--68...86" ConnectiveType="隐式关系" Connective="" Major_relationType="例证性" RelationType="因果性-;目的性-;条件性-;虚拟性-;反转性-;顺序性-;解说性-;例证性+;评价性-;并列性-;递进性-;选择性-" ConnectivePosition="" ConnectiveAttribute="不可添加" RoleLocation="normal" LanguageSense="true"/>
    <relative ID="4" Relation_Pair="4--5" Center="3" times="10" Sentence="俄罗斯１９９７年估计增长百分之零点五，|１９９８年预计增长百分之一点五。" position="68...86--87...102" ConnectiveType="隐式关系" Connective="" Major_relationType="并列性" RelationType="因果性-;目的性-;条件性-;虚拟性-;反转性-;顺序性-;解说性-;例证性-;评价性-;并列性+;递进性-;选择性-" ConnectivePosition="" ConnectiveAttribute="不可添加" RoleLocation="normal" LanguageSense="true"/>
  </pragraph>
  <pragraph ID="7" content="1、此外，报告还估计１９９７年世界贸易增长百分之九点四，2、扭转１９９６年百分之五点三的低增长状态，3、１９９８年预计将增长百分之七。">
    <relative ID="1" Relation_Pair="1--2" Center="1" times="15" Sentence="此外，报告还估计１９９７年世界贸易增长百分之九点四，|扭转１９９６年百分之五点三的低增长状态，" position="0...25--26...45" ConnectiveType="隐式关系" Connective="" Major_relationType="评价性" RelationType="因果性-;目的性-;条件性-;虚拟性-;反转性-;顺序性-;解说性-;例证性-;评价性+;并列性-;递进性-;选择性-" ConnectivePosition="" ConnectiveAttribute="不可添加" RoleLocation="normal" LanguageSense="true"/>
    <relative ID="2" Relation_Pair="1--3" Center="3" times="14" Sentence="此外，报告还估计１９９７年世界贸易增长百分之九点四，|１９９８年预计将增长百分之七。" position="0...25--46...60" ConnectiveType="隐式关系" Connective="" Major_relationType="并列性" RelationType="因果性-;目的性-;条件性-;虚拟性+;反转性-;顺序性-;解说性-;例证性-;评价性-;并列性+;递进性-;选择性-" ConnectivePosition="" ConnectiveAttribute="不可添加" RoleLocation="normal" LanguageSense="true"/>
  </pragraph>
</doc>
