<?xml version="1.0" encoding="UTF-8"?>

<doc>
  <pragraph ID="2" content="1、尽管今年一至十一月中国批准利用外资项目数和合同外资金额都比去年同期有所下降，2、但实际利用外资金额仍比去年同期增长了百分之二十七点零一。">
    <relative ID="1" Relation_Pair="1--2" Center="2" times="40" Sentence="尽管今年一至十一月中国批准利用外资项目数和合同外资金额都比去年同期有所下降，|但实际利用外资金额仍比去年同期增长了百分之二十七点零一。" position="0...37--38...65" ConnectiveType="显式关系" Connective="尽管;但" Major_relationType="反转性" RelationType="因果性-;目的性-;条件性-;虚拟性-;反转性+;顺序性-;解说性-;例证性-;评价性-;并列性-;递进性-;选择性-" ConnectivePosition="0…2;39…40" ConnectiveAttribute="不可删除" RoleLocation="normal" LanguageSense="true"/>
  </pragraph>
  <pragraph ID="3" content="1、对外经济贸易合作部今天提供的数据表明，今年一至十一月中国实际利用外资四百六十九点五九亿美元，2、其中包括外商直接投资四百点零七亿美元。">
    <relative ID="1" Relation_Pair="1--2" Center="1" times="15" Sentence="对外经济贸易合作部今天提供的数据表明，今年一至十一月中国实际利用外资四百六十九点五九亿美元，|其中包括外商直接投资四百点零七亿美元。" position="0...45--46...64" ConnectiveType="显式关系" Connective="其中" Major_relationType="解说性" RelationType="因果性-;目的性-;条件性-;虚拟性-;反转性-;顺序性-;解说性+;例证性-;评价性-;并列性-;递进性-;选择性-" ConnectivePosition="47…49" ConnectiveAttribute="不可删除" RoleLocation="normal" LanguageSense="true"/>
  </pragraph>
  <pragraph ID="4" content="1、今年一至十一月中国批准利用外资项目一万八千六百四十四个，2、比去年同期下降百分之十五点三四；3、累计合同外资金额达四百八十四点六二亿美元，4、下降了百分之二十七点一四。5、在新批准的三资企业中，中外合资和中外合作企业均有较大幅度下降，6、但外商独资企业却增加了百分之四点一二，7、达八千四百八十四个。8、实际外资额也比去年同期上升了百分之三十以上。">
    <relative ID="1" Relation_Pair="1--2" Center="1" times="13" Sentence="今年一至十一月中国批准利用外资项目一万八千六百四十四个，|比去年同期下降百分之十五点三四；" position="0...27--28...43" ConnectiveType="隐式关系" Connective="" Major_relationType="评价性" RelationType="因果性-;目的性-;条件性-;虚拟性-;反转性-;顺序性-;解说性-;例证性-;评价性+;并列性+;递进性-;选择性-" ConnectivePosition="" ConnectiveAttribute="不可添加" RoleLocation="normal" LanguageSense="true"/>
    <relative ID="2" Relation_Pair="3--4" Center="1" times="14" Sentence="累计合同外资金额达四百八十四点六二亿美元，|下降了百分之二十七点一四。" position="44...64--65...77" ConnectiveType="隐式关系" Connective="" Major_relationType="评价性" RelationType="因果性-;目的性-;条件性-;虚拟性-;反转性-;顺序性-;解说性-;例证性-;评价性+;并列性+;递进性-;选择性-" ConnectivePosition="" ConnectiveAttribute="不可添加" RoleLocation="normal" LanguageSense="true"/>
    <relative ID="3" Relation_Pair="1--3" Center="3" times="18" Sentence="今年一至十一月中国批准利用外资项目一万八千六百四十四个，|累计合同外资金额达四百八十四点六二亿美元，" position="0...27--44...64" ConnectiveType="隐式关系" Connective="" Major_relationType="并列性" RelationType="因果性-;目的性-;条件性-;虚拟性-;反转性-;顺序性-;解说性-;例证性-;评价性-;并列性+;递进性-;选择性-" ConnectivePosition="" ConnectiveAttribute="不可添加" RoleLocation="normal" LanguageSense="true"/>
    <relative ID="4" Relation_Pair="5--6" Center="2" times="41" Sentence="在新批准的三资企业中，中外合资和中外合作企业均有较大幅度下降，|但外商独资企业却增加了百分之四点一二，" position="78...108--109...127" ConnectiveType="显式关系" Connective="但" Major_relationType="反转性" RelationType="因果性-;目的性-;条件性-;虚拟性-;反转性+;顺序性-;解说性-;例证性-;评价性-;并列性-;递进性-;选择性-" ConnectivePosition="114…115" ConnectiveAttribute="不可删除" RoleLocation="normal" LanguageSense="true"/>
    <relative ID="5" Relation_Pair="6--7" Center="1" times="42" Sentence="但外商独资企业却增加了百分之四点一二，|达八千四百八十四个。" position="109...127--128...137" ConnectiveType="隐式关系" Connective="" Major_relationType="解说性" RelationType="因果性-;目的性-;条件性-;虚拟性-;反转性-;顺序性-;解说性+;例证性-;评价性-;并列性-;递进性-;选择性-" ConnectivePosition="" ConnectiveAttribute="不可添加" RoleLocation="normal" LanguageSense="true"/>
    <relative ID="6" Relation_Pair="6--8" Center="3" times="58" Sentence="但外商独资企业却增加了百分之四点一二，|实际外资额也比去年同期上升了百分之三十以上。" position="109...127--138...159" ConnectiveType="显式关系" Connective="也" Major_relationType="并列性" RelationType="因果性-;目的性-;条件性-;虚拟性-;反转性-;顺序性-;解说性-;例证性-;评价性-;并列性+;递进性-;选择性-" ConnectivePosition="150…151" ConnectiveAttribute="不可删除" RoleLocation="normal" LanguageSense="true"/>
    <relative ID="7" Relation_Pair="1--6" Center="3" times="53" Sentence="今年一至十一月中国批准利用外资项目一万八千六百四十四个，|但外商独资企业却增加了百分之四点一二，" position="0...27--109...127" ConnectiveType="隐式关系" Connective="" Major_relationType="并列性" RelationType="因果性-;目的性-;条件性-;虚拟性-;反转性-;顺序性-;解说性-;例证性-;评价性-;并列性+;递进性-;选择性-" ConnectivePosition="" ConnectiveAttribute="不可添加" RoleLocation="normal" LanguageSense="true"/>
  </pragraph>
  <pragraph ID="5" content="1、今年一至十一月，中国新批准的与外商合作开发项目十三个，2、而去年同期为十个。3、合同利用外资金额和实际利用外资金额分别为二点零五亿美元和三点一一亿美元，4、比去年同期上升了百分之十四点五三和百分之六十一点九八。">
    <relative ID="1" Relation_Pair="1--2" Center="1" times="18" Sentence="今年一至十一月，中国新批准的与外商合作开发项目十三个，|而去年同期为十个。" position="0...26--27...35" ConnectiveType="显式关系" Connective="而" Major_relationType="反转性" RelationType="因果性-;目的性-;条件性-;虚拟性-;反转性+;顺序性-;解说性-;例证性-;评价性-;并列性-;递进性-;选择性-" ConnectivePosition="28…29" ConnectiveAttribute="不可删除" RoleLocation="normal" LanguageSense="true"/>
    <relative ID="2" Relation_Pair="3--4" Center="1" times="10" Sentence="合同利用外资金额和实际利用外资金额分别为二点零五亿美元和三点一一亿美元，|比去年同期上升了百分之十四点五三和百分之六十一点九八。" position="36...71--72...98" ConnectiveType="隐式关系" Connective="" Major_relationType="评价性" RelationType="因果性-;目的性-;条件性-;虚拟性-;反转性-;顺序性-;解说性-;例证性-;评价性+;并列性+;递进性-;选择性-" ConnectivePosition="" ConnectiveAttribute="不可添加" RoleLocation="normal" LanguageSense="true"/>
    <relative ID="3" Relation_Pair="1--3" Center="2" times="39" Sentence="今年一至十一月，中国新批准的与外商合作开发项目十三个，|合同利用外资金额和实际利用外资金额分别为二点零五亿美元和三点一一亿美元，" position="0...26--36...71" ConnectiveType="隐式关系" Connective="" Major_relationType="解说性" RelationType="因果性-;目的性-;条件性-;虚拟性-;反转性-;顺序性-;解说性+;例证性-;评价性-;并列性-;递进性-;选择性-" ConnectivePosition="" ConnectiveAttribute="不可添加" RoleLocation="normal" LanguageSense="true"/>
  </pragraph>
</doc>
