<?xml version="1.0" encoding="UTF-8"?>

<doc>
  <pragraph ID="2" content="1、中国五十三个国家高新技术开发区发展迅速，2、已形成一大批机制灵活、适应市场经济要求、技术创新能力强的高新技术企业。">
    <relative ID="1" Relation_Pair="1--2" Center="2" times="20" Sentence="中国五十三个国家高新技术开发区发展迅速，|已形成一大批机制灵活、适应市场经济要求、技术创新能力强的高新技术企业。" position="0...19--20...54" ConnectiveType="隐式关系" Connective="" Major_relationType="因果性" RelationType="因果性+;目的性-;条件性-;虚拟性-;反转性-;顺序性-;解说性+;例证性-;评价性-;并列性-;递进性-;选择性-" ConnectivePosition="" ConnectiveAttribute="不可添加" RoleLocation="normal" LanguageSense="true"/>
  </pragraph>
  <pragraph ID="3" content="1、中国高新技术开发区酝酿于八十年代初。2、到去年为止，中国高新技术开发区技术工贸年总收入达二千三百亿元，3、利税总额达二百三十八亿元，4、年出口创汇达四十三亿美元，5、均比创办初增长数十倍。6、其中，形成了一批具有一定规模的高新技术支柱产业，7、产值超亿元的企业达四百零五家，8、产值超十亿元的大企业四十二家。">
    <relative ID="1" Relation_Pair="2--3" Center="1" times="35" Sentence="到去年为止，中国高新技术开发区技术工贸年总收入达二千三百亿元，|利税总额达二百三十八亿元，" position="18...48--49...61" ConnectiveType="隐式关系" Connective="" Major_relationType="解说性" RelationType="因果性-;目的性-;条件性-;虚拟性-;反转性-;顺序性-;解说性+;例证性-;评价性-;并列性-;递进性-;选择性-" ConnectivePosition="" ConnectiveAttribute="不可添加" RoleLocation="normal" LanguageSense="true"/>
    <relative ID="2" Relation_Pair="2--4" Center="1" times="10" Sentence="到去年为止，中国高新技术开发区技术工贸年总收入达二千三百亿元，|年出口创汇达四十三亿美元，" position="18...48--62...74" ConnectiveType="隐式关系" Connective="" Major_relationType="解说性" RelationType="因果性-;目的性-;条件性-;虚拟性-;反转性-;顺序性-;解说性+;例证性-;评价性-;并列性-;递进性-;选择性-" ConnectivePosition="" ConnectiveAttribute="不可添加" RoleLocation="normal" LanguageSense="true"/>
    <relative ID="3" Relation_Pair="2--5" Center="1" times="15" Sentence="到去年为止，中国高新技术开发区技术工贸年总收入达二千三百亿元，|均比创办初增长数十倍。" position="18...48--75...85" ConnectiveType="隐式关系" Connective="" Major_relationType="评价性" RelationType="因果性-;目的性-;条件性-;虚拟性-;反转性-;顺序性-;解说性-;例证性-;评价性+;并列性+;递进性-;选择性-" ConnectivePosition="" ConnectiveAttribute="不可添加" RoleLocation="normal" LanguageSense="true"/>
    <relative ID="4" Relation_Pair="4--5" Center="1" times="17" Sentence="年出口创汇达四十三亿美元，|均比创办初增长数十倍。" position="62...74--75...85" ConnectiveType="显式关系" Connective="均" Major_relationType="评价性" RelationType="因果性-;目的性-;条件性-;虚拟性-;反转性-;顺序性-;解说性-;例证性-;评价性+;并列性+;递进性-;选择性-" ConnectivePosition="79…80" ConnectiveAttribute="不可删除" RoleLocation="normal" LanguageSense="true"/>
    <relative ID="5" Relation_Pair="2--6" Center="1" times="25" Sentence="到去年为止，中国高新技术开发区技术工贸年总收入达二千三百亿元，|其中，形成了一批具有一定规模的高新技术支柱产业，" position="18...48--86...109" ConnectiveType="隐式关系" Connective="" Major_relationType="解说性" RelationType="因果性-;目的性-;条件性-;虚拟性-;反转性-;顺序性-;解说性+;例证性-;评价性-;并列性-;递进性-;选择性-" ConnectivePosition="" ConnectiveAttribute="不可添加" RoleLocation="normal" LanguageSense="true"/>
    <relative ID="6" Relation_Pair="6--7" Center="1" times="11" Sentence="其中，形成了一批具有一定规模的高新技术支柱产业，|产值超亿元的企业达四百零五家，" position="86...109--110...124" ConnectiveType="隐式关系" Connective="" Major_relationType="解说性" RelationType="因果性-;目的性-;条件性-;虚拟性-;反转性-;顺序性-;解说性+;例证性-;评价性-;并列性-;递进性-;选择性-" ConnectivePosition="" ConnectiveAttribute="不可添加" RoleLocation="normal" LanguageSense="true"/>
    <relative ID="7" Relation_Pair="6--8" Center="1" times="10" Sentence="其中，形成了一批具有一定规模的高新技术支柱产业，|产值超十亿元的大企业四十二家。" position="86...109--125...139" ConnectiveType="隐式关系" Connective="" Major_relationType="解说性" RelationType="因果性-;目的性-;条件性-;虚拟性-;反转性-;顺序性-;解说性+;例证性-;评价性-;并列性-;递进性-;选择性-" ConnectivePosition="" ConnectiveAttribute="不可添加" RoleLocation="normal" LanguageSense="true"/>
    <relative ID="8" Relation_Pair="1--2" Center="3" times="21" Sentence="中国高新技术开发区酝酿于八十年代初。|到去年为止，中国高新技术开发区技术工贸年总收入达二千三百亿元，" position="0...17--18...48" ConnectiveType="隐式关系" Connective="" Major_relationType="顺序性" RelationType="因果性-;目的性-;条件性+;虚拟性-;反转性-;顺序性+;解说性+;例证性-;评价性-;并列性+;递进性-;选择性-" ConnectivePosition="" ConnectiveAttribute="不可添加" RoleLocation="normal" LanguageSense="true"/>
  </pragraph>
  <pragraph ID="4" content="1、一九九六年，中国高新技术开发区企业研究开发投入达六十二点三五亿元，2、占企业产品销售收入的百分之三点五，3、开发、生产高新技术产品一万三千多种。">
    <relative ID="1" Relation_Pair="1--2" Center="1" times="16" Sentence="一九九六年，中国高新技术开发区企业研究开发投入达六十二点三五亿元，|占企业产品销售收入的百分之三点五，" position="0...32--33...49" ConnectiveType="隐式关系" Connective="" Major_relationType="评价性" RelationType="因果性-;目的性-;条件性-;虚拟性-;反转性-;顺序性-;解说性-;例证性-;评价性+;并列性+;递进性-;选择性-" ConnectivePosition="" ConnectiveAttribute="不可添加" RoleLocation="normal" LanguageSense="true"/>
    <relative ID="2" Relation_Pair="1--3" Center="3" times="10" Sentence="一九九六年，中国高新技术开发区企业研究开发投入达六十二点三五亿元，|开发、生产高新技术产品一万三千多种。" position="0...32--50...67" ConnectiveType="隐式关系" Connective="" Major_relationType="并列性" RelationType="因果性-;目的性-;条件性-;虚拟性-;反转性-;顺序性-;解说性-;例证性-;评价性-;并列性+;递进性-;选择性-" ConnectivePosition="" ConnectiveAttribute="不可添加" RoleLocation="normal" LanguageSense="true"/>
  </pragraph>
  <pragraph ID="5" content="1、近年来，中国高新技术开发区初步建立了适应社会主义市场经济体制和高新技术产业发展需要，与国际惯例接轨的管理体制和运行机制，2、建立并不断完善了包括信息、金融、法律、资产评估、产权交易等中介和服务机构，3、初步形成了适于高新技术产业发展的较为完善的支撑服务体系。">
    <relative ID="1" Relation_Pair="1--2" Center="3" times="26" Sentence="近年来，中国高新技术开发区初步建立了适应社会主义市场经济体制和高新技术产业发展需要，与国际惯例接轨的管理体制和运行机制，|建立并不断完善了包括信息、金融、法律、资产评估、产权交易等中介和服务机构，" position="0...59--60...96" ConnectiveType="隐式关系" Connective="" Major_relationType="递进性" RelationType="因果性-;目的性-;条件性-;虚拟性-;反转性-;顺序性-;解说性+;例证性-;评价性-;并列性-;递进性+;选择性-" ConnectivePosition="" ConnectiveAttribute="不可添加" RoleLocation="normal" LanguageSense="true"/>
    <relative ID="2" Relation_Pair="2--3" Center="3" times="11" Sentence="建立并不断完善了包括信息、金融、法律、资产评估、产权交易等中介和服务机构，|初步形成了适于高新技术产业发展的较为完善的支撑服务体系。" position="60...96--97...124" ConnectiveType="隐式关系" Connective="" Major_relationType="解说性" RelationType="因果性-;目的性-;条件性-;虚拟性-;反转性-;顺序性-;解说性+;例证性-;评价性+;并列性-;递进性-;选择性-" ConnectivePosition="" ConnectiveAttribute="不可添加" RoleLocation="normal" LanguageSense="true"/>
  </pragraph>
  <pragraph ID="6" content="1、为规范高新区的管理，2、依法治区，3、中国颁布了《国家高新技术产业开发区管理暂行办法》，4、同时长春、苏州、沈阳、长沙、石家庄、昆明等高新区也先后完成了高新区的人大立法工作或以政府令形式发布了高新区管理办法。">
    <relative ID="1" Relation_Pair="1--3" Center="2" times="18" Sentence="为规范高新区的管理，|中国颁布了《国家高新技术产业开发区管理暂行办法》，" position="0...9--15...39" ConnectiveType="显式关系" Connective="为" Major_relationType="目的性" RelationType="因果性-;目的性+;条件性-;虚拟性-;反转性-;顺序性-;解说性-;例证性-;评价性-;并列性-;递进性-;选择性-" ConnectivePosition="0…1" ConnectiveAttribute="不可删除" RoleLocation="normal" LanguageSense="true"/>
    <relative ID="2" Relation_Pair="2--3" Center="2" times="16" Sentence="依法治区，|中国颁布了《国家高新技术产业开发区管理暂行办法》，" position="10...14--15...39" ConnectiveType="显式关系" Connective="为" Major_relationType="目的性" RelationType="因果性-;目的性+;条件性-;虚拟性-;反转性-;顺序性-;解说性-;例证性-;评价性-;并列性-;递进性-;选择性-" ConnectivePosition="0…1" ConnectiveAttribute="不可删除" RoleLocation="normal" LanguageSense="true"/>
    <relative ID="3" Relation_Pair="3--4" Center="3" times="23" Sentence="中国颁布了《国家高新技术产业开发区管理暂行办法》，|同时长春、苏州、沈阳、长沙、石家庄、昆明等高新区也先后完成了高新区的人大立法工作或以政府令形式发布了高新区管理办法。" position="15...39--40...97" ConnectiveType="显式关系" Connective="同时" Major_relationType="并列性" RelationType="因果性-;目的性-;条件性-;虚拟性-;反转性-;顺序性-;解说性+;例证性-;评价性-;并列性+;递进性-;选择性-" ConnectivePosition="43…45" ConnectiveAttribute="不可删除" RoleLocation="normal" LanguageSense="true"/>
  </pragraph>
</doc>
