<?xml version="1.0" encoding="UTF-8"?>

<doc>
  <pragraph ID="2" content="1、中国中医研究院研究人员今天说，他们已成功地从草药中提取出对糖尿病有特殊疗效的新药“糖脉康”。2、有关专家认为，这一新药的研制成功和推广将有助于抑制糖尿病II型在中国、印度和非洲等发展中国家的流行。">
    <relative ID="1" Relation_Pair="1--2" Center="1" times="45" Sentence="中国中医研究院研究人员今天说，他们已成功地从草药中提取出对糖尿病有特殊疗效的新药“糖脉康”。|有关专家认为，这一新药的研制成功和推广将有助于抑制糖尿病II型在中国、印度和非洲等发展中国家的流行。" position="0...45--46...95" ConnectiveType="隐式关系" Connective="" Major_relationType="因果性" RelationType="因果性+;目的性-;条件性-;虚拟性+;反转性-;顺序性-;解说性-;例证性-;评价性+;并列性-;递进性-;选择性-" ConnectivePosition="" ConnectiveAttribute="不可添加" RoleLocation="normal" LanguageSense="true"/>
  </pragraph>
  <pragraph ID="3" content="1、在中国中医研究院召开的由中国科学院、中国医学科学院等单位的院士、医学专家和生物学家参加的“糖尿病防治对策讨论会”上，记者了解到，目前全世界有糖尿病患者一点三亿多人，2、其中百分之九十以上为糖尿病II型。3、糖尿病II型其并发症如冠心病、脑血管病、肾病、失明和下肢坏死等已成为仅次于癌症和艾滋病的人类第三大杀手。">
    <relative ID="1" Relation_Pair="1--2" Center="2" times="16" Sentence="在中国中医研究院召开的由中国科学院、中国医学科学院等单位的院士、医学专家和生物学家参加的“糖尿病防治对策讨论会”上，记者了解到，目前全世界有糖尿病患者一点三亿多人，|其中百分之九十以上为糖尿病II型。" position="0...81--82...98" ConnectiveType="显式关系" Connective="其中" Major_relationType="解说性" RelationType="因果性-;目的性-;条件性-;虚拟性-;反转性-;顺序性-;解说性+;例证性-;评价性-;并列性-;递进性-;选择性-" ConnectivePosition="83…85" ConnectiveAttribute="不可删除" RoleLocation="normal" LanguageSense="true"/>
    <relative ID="2" Relation_Pair="2--3" Center="2" times="29" Sentence="其中百分之九十以上为糖尿病II型。|糖尿病II型其并发症如冠心病、脑血管病、肾病、失明和下肢坏死等已成为仅次于癌症和艾滋病的人类第三大杀手。" position="82...98--99...150" ConnectiveType="隐式关系" Connective="" Major_relationType="解说性" RelationType="因果性-;目的性-;条件性-;虚拟性-;反转性-;顺序性-;解说性+;例证性-;评价性+;并列性-;递进性-;选择性-" ConnectivePosition="" ConnectiveAttribute="不可添加" RoleLocation="normal" LanguageSense="true"/>
  </pragraph>
  <pragraph ID="4" content="1、中国目前有两千多万糖尿病患者，2、仅次于美国，3、居世界第二。4、专家预测，随着经济发展、生活水平的提高和饮食习惯的改善，到二十一世纪，糖尿病II型将在中国、印度和非洲等发展中国家流行。5、近年来，美国每年糖尿病医疗费约一百亿美元，6、印度去年糖尿病医疗费为六点一亿美元，7、中国尚无具体统计，8、但中国糖尿病人数正以每年七十五万新患者的速度递增。">
    <relative ID="1" Relation_Pair="1--2" Center="1" times="49" Sentence="中国目前有两千多万糖尿病患者，|仅次于美国，" position="0...14--15...20" ConnectiveType="隐式关系" Connective="" Major_relationType="评价性" RelationType="因果性-;目的性-;条件性-;虚拟性-;反转性-;顺序性-;解说性-;例证性-;评价性+;并列性-;递进性-;选择性-" ConnectivePosition="" ConnectiveAttribute="不可添加" RoleLocation="normal" LanguageSense="true"/>
    <relative ID="2" Relation_Pair="1--3" Center="1" times="20" Sentence="中国目前有两千多万糖尿病患者，|居世界第二。" position="0...14--21...26" ConnectiveType="隐式关系" Connective="" Major_relationType="评价性" RelationType="因果性-;目的性-;条件性-;虚拟性-;反转性-;顺序性-;解说性-;例证性-;评价性+;并列性-;递进性-;选择性-" ConnectivePosition="" ConnectiveAttribute="不可添加" RoleLocation="normal" LanguageSense="true"/>
    <relative ID="3" Relation_Pair="5--6" Center="3" times="28" Sentence="近年来，美国每年糖尿病医疗费约一百亿美元，|印度去年糖尿病医疗费为六点一亿美元，" position="87...107--108...125" ConnectiveType="隐式关系" Connective="" Major_relationType="解说性" RelationType="因果性-;目的性-;条件性-;虚拟性-;反转性-;顺序性-;解说性+;例证性-;评价性-;并列性-;递进性-;选择性-" ConnectivePosition="" ConnectiveAttribute="不可添加" RoleLocation="normal" LanguageSense="true"/>
    <relative ID="4" Relation_Pair="7--8" Center="1" times="132" Sentence="中国尚无具体统计，|但中国糖尿病人数正以每年七十五万新患者的速度递增。" position="126...134--135...159" ConnectiveType="隐式关系" Connective="" Major_relationType="解说性" RelationType="因果性-;目的性-;条件性-;虚拟性-;反转性-;顺序性-;解说性+;例证性-;评价性-;并列性-;递进性-;选择性-" ConnectivePosition="" ConnectiveAttribute="不可添加" RoleLocation="normal" LanguageSense="true"/>
    <relative ID="5" Relation_Pair="6--7" Center="3" times="7" Sentence="印度去年糖尿病医疗费为六点一亿美元，|中国尚无具体统计，" position="108...125--126...134" ConnectiveType="隐式关系" Connective="" Major_relationType="并列性" RelationType="因果性-;目的性-;条件性-;虚拟性-;反转性-;顺序性-;解说性-;例证性-;评价性-;并列性+;递进性-;选择性-" ConnectivePosition="" ConnectiveAttribute="不可添加" RoleLocation="normal" LanguageSense="true"/>
    <relative ID="6" Relation_Pair="4--5" Center="1" times="52" Sentence="专家预测，随着经济发展、生活水平的提高和饮食习惯的改善，到二十一世纪，糖尿病II型将在中国、印度和非洲等发展中国家流行。|近年来，美国每年糖尿病医疗费约一百亿美元，" position="27...86--87...107" ConnectiveType="隐式关系" Connective="" Major_relationType="例证性" RelationType="因果性-;目的性-;条件性-;虚拟性-;反转性-;顺序性-;解说性-;例证性+;评价性-;并列性-;递进性-;选择性-" ConnectivePosition="" ConnectiveAttribute="不可添加" RoleLocation="normal" LanguageSense="true"/>
    <relative ID="7" Relation_Pair="1--4" Center="1" times="29" Sentence="中国目前有两千多万糖尿病患者，|专家预测，随着经济发展、生活水平的提高和饮食习惯的改善，到二十一世纪，糖尿病II型将在中国、印度和非洲等发展中国家流行。" position="0...14--27...86" ConnectiveType="隐式关系" Connective="" Major_relationType="因果性" RelationType="因果性+;目的性-;条件性-;虚拟性-;反转性-;顺序性+;解说性-;例证性-;评价性-;并列性-;递进性-;选择性-" ConnectivePosition="" ConnectiveAttribute="不可添加" RoleLocation="normal" LanguageSense="true"/>
  </pragraph>
  <pragraph ID="5" content="1、研究人员介绍说，国外目前普遍使用的各种化学合成降糖药对糖尿病并发症均无多大防治作用。2、“糖脉康”颗粒不仅降低血糖，3、而且还能显著降低胆固醇和甘油三脂，4、对糖尿病并发症有特殊疗效，5、卫生部已颁发文件将其定为国家级新药保密品种。">
    <relative ID="1" Relation_Pair="2--3" Center="3" times="24" Sentence="“糖脉康”颗粒不仅降低血糖，|而且还能显著降低胆固醇和甘油三脂，" position="42...55--56...72" ConnectiveType="显式关系" Connective="不仅;而且" Major_relationType="并列性" RelationType="因果性-;目的性-;条件性-;虚拟性-;反转性-;顺序性-;解说性-;例证性-;评价性-;并列性+;递进性-;选择性-" ConnectivePosition="50…52;58…60" ConnectiveAttribute="不可删除" RoleLocation="normal" LanguageSense="true"/>
    <relative ID="2" Relation_Pair="3--4" Center="3" times="7" Sentence="而且还能显著降低胆固醇和甘油三脂，|对糖尿病并发症有特殊疗效，" position="56...72--73...85" ConnectiveType="隐式关系" Connective="" Major_relationType="并列性" RelationType="因果性-;目的性-;条件性-;虚拟性-;反转性-;顺序性-;解说性-;例证性-;评价性-;并列性+;递进性-;选择性-" ConnectivePosition="" ConnectiveAttribute="不可添加" RoleLocation="normal" LanguageSense="true"/>
    <relative ID="3" Relation_Pair="4--5" Center="1" times="13" Sentence="对糖尿病并发症有特殊疗效，|卫生部已颁发文件将其定为国家级新药保密品种。" position="73...85--86...107" ConnectiveType="隐式关系" Connective="" Major_relationType="因果性" RelationType="因果性+;目的性-;条件性-;虚拟性-;反转性-;顺序性-;解说性-;例证性-;评价性-;并列性-;递进性-;选择性-" ConnectivePosition="" ConnectiveAttribute="不可添加" RoleLocation="normal" LanguageSense="true"/>
    <relative ID="4" Relation_Pair="1--2" Center="2" times="24" Sentence="研究人员介绍说，国外目前普遍使用的各种化学合成降糖药对糖尿病并发症均无多大防治作用。|“糖脉康”颗粒不仅降低血糖，" position="0...41--42...55" ConnectiveType="隐式关系" Connective="" Major_relationType="反转性" RelationType="因果性-;目的性-;条件性-;虚拟性-;反转性+;顺序性-;解说性-;例证性-;评价性-;并列性-;递进性-;选择性-" ConnectivePosition="" ConnectiveAttribute="不可添加" RoleLocation="normal" LanguageSense="true"/>
  </pragraph>
  <pragraph ID="6" content="1、中科院院士、世界卫生组织传统医学顾问陈可冀等与会专家教授认为“糖脉康”的问世是件好事，2、同时希望研究人员对胰岛素和血流变做进一步观察，3、对“糖脉康”的有效成分和机理做深入研究，4、使其在国际上，包括在与发达国家的竞争中立于不败之地。">
    <relative ID="1" Relation_Pair="1--2" Center="3" times="158" Sentence="中科院院士、世界卫生组织传统医学顾问陈可冀等与会专家教授认为“糖脉康”的问世是件好事，|同时希望研究人员对胰岛素和血流变做进一步观察，" position="0...42--43...65" ConnectiveType="显式关系" Connective="同时" Major_relationType="并列性" RelationType="因果性-;目的性-;条件性-;虚拟性-;反转性-;顺序性-;解说性-;例证性-;评价性-;并列性+;递进性-;选择性-" ConnectivePosition="44…46" ConnectiveAttribute="不可删除" RoleLocation="normal" LanguageSense="true"/>
    <relative ID="2" Relation_Pair="2--3" Center="3" times="149" Sentence="同时希望研究人员对胰岛素和血流变做进一步观察，|对“糖脉康”的有效成分和机理做深入研究，" position="43...65--66...85" ConnectiveType="隐式关系" Connective="" Major_relationType="递进性" RelationType="因果性-;目的性-;条件性-;虚拟性-;反转性-;顺序性+;解说性-;例证性-;评价性-;并列性+;递进性+;选择性-" ConnectivePosition="" ConnectiveAttribute="不可添加" RoleLocation="normal" LanguageSense="true"/>
    <relative ID="3" Relation_Pair="3--4" Center="1" times="64" Sentence="对“糖脉康”的有效成分和机理做深入研究，|使其在国际上，包括在与发达国家的竞争中立于不败之地。" position="66...85--86...111" ConnectiveType="显式关系" Connective="使" Major_relationType="因果性" RelationType="因果性+;目的性-;条件性-;虚拟性+;反转性-;顺序性-;解说性-;例证性-;评价性+;并列性-;递进性-;选择性-" ConnectivePosition="89…90" ConnectiveAttribute="不可删除" RoleLocation="normal" LanguageSense="true"/>
  </pragraph>
  <pragraph ID="7" content="1、为增强“糖脉康”这类面向二十一世纪的中药新药在国际市场上有竞争力，2、中国中医研究院中汇制药公司投资两亿元在四川成都建成了年生产能力为五十亿元的生产基地。3、预计明年“糖脉康”的产值将达到六亿元，4、二０００年将达到十五亿元。">
    <relative ID="1" Relation_Pair="1--2" Center="2" times="24" Sentence="为增强“糖脉康”这类面向二十一世纪的中药新药在国际市场上有竞争力，|中国中医研究院中汇制药公司投资两亿元在四川成都建成了年生产能力为五十亿元的生产基地。" position="0...32--33...74" ConnectiveType="显式关系" Connective="为" Major_relationType="目的性" RelationType="因果性+;目的性+;条件性-;虚拟性-;反转性-;顺序性-;解说性-;例证性-;评价性-;并列性-;递进性-;选择性-" ConnectivePosition="0…1" ConnectiveAttribute="不可删除" RoleLocation="normal" LanguageSense="true"/>
    <relative ID="2" Relation_Pair="3--4" Center="3" times="40" Sentence="预计明年“糖脉康”的产值将达到六亿元，|二０００年将达到十五亿元。" position="75...93--94...106" ConnectiveType="隐式关系" Connective="" Major_relationType="并列性" RelationType="因果性-;目的性-;条件性-;虚拟性+;反转性-;顺序性-;解说性-;例证性-;评价性-;并列性+;递进性-;选择性-" ConnectivePosition="" ConnectiveAttribute="不可添加" RoleLocation="normal" LanguageSense="true"/>
    <relative ID="3" Relation_Pair="2--3" Center="1" times="24" Sentence="中国中医研究院中汇制药公司投资两亿元在四川成都建成了年生产能力为五十亿元的生产基地。|预计明年“糖脉康”的产值将达到六亿元，" position="33...74--75...93" ConnectiveType="隐式关系" Connective="" Major_relationType="因果性" RelationType="因果性+;目的性-;条件性-;虚拟性+;反转性-;顺序性-;解说性-;例证性-;评价性-;并列性-;递进性-;选择性-" ConnectivePosition="" ConnectiveAttribute="不可添加" RoleLocation="normal" LanguageSense="true"/>
  </pragraph>
  <pragraph ID="8" content="1、据了解，全世界每年草药的销售额约一百五十亿美元，2、中国中药出口只有六亿美元，3、而且百分之七十以上是未加附加值的药材。4、医药界专家预测，“糖脉康”的推广和生产基地的建成将有利于改变国产中药在国际中药市场不景气的局面。">
    <relative ID="1" Relation_Pair="1--2" Center="2" times="76" Sentence="据了解，全世界每年草药的销售额约一百五十亿美元，|中国中药出口只有六亿美元，" position="0...23--24...36" ConnectiveType="隐式关系" Connective="" Major_relationType="解说性" RelationType="因果性-;目的性-;条件性-;虚拟性-;反转性-;顺序性-;解说性+;例证性-;评价性-;并列性-;递进性-;选择性-" ConnectivePosition="" ConnectiveAttribute="不可添加" RoleLocation="normal" LanguageSense="true"/>
    <relative ID="2" Relation_Pair="2--4" Center="2" times="112" Sentence="中国中药出口只有六亿美元，|医药界专家预测，“糖脉康”的推广和生产基地的建成将有利于改变国产中药在国际中药市场不景气的局面。" position="24...36--56...103" ConnectiveType="隐式关系" Connective="" Major_relationType="因果性" RelationType="因果性+;目的性-;条件性-;虚拟性+;反转性-;顺序性-;解说性-;例证性-;评价性-;并列性-;递进性-;选择性-" ConnectivePosition="" ConnectiveAttribute="不可添加" RoleLocation="normal" LanguageSense="true"/>
    <relative ID="3" Relation_Pair="2--3" Center="1" times="26" Sentence="中国中药出口只有六亿美元，|而且百分之七十以上是未加附加值的药材。" position="24...36--37...55" ConnectiveType="隐式关系" Connective="" Major_relationType="解说性" RelationType="因果性-;目的性-;条件性-;虚拟性-;反转性-;顺序性-;解说性+;例证性-;评价性-;并列性-;递进性-;选择性-" ConnectivePosition="" ConnectiveAttribute="不可添加" RoleLocation="normal" LanguageSense="true"/>
  </pragraph>
</doc>
