<?xml version="1.0" encoding="UTF-8"?>

<doc>
  <pragraph ID="2" content="1、国务院副总理兼外长钱其琛最近在谈到香港前景和台湾问题时表示，中央政府对香港前景始终充满信心。2、他同时希望台湾当局顺应历史发展潮流，把握时机，就两岸政治谈判作出积极回应和明智选择。">
    <relative ID="1" Relation_Pair="1--2" Center="3" times="11" Sentence="国务院副总理兼外长钱其琛最近在谈到香港前景和台湾问题时表示，中央政府对香港前景始终充满信心。|他同时希望台湾当局顺应历史发展潮流，把握时机，就两岸政治谈判作出积极回应和明智选择。" position="0...45--46...87" ConnectiveType="显式关系" Connective="同时" Major_relationType="并列性" RelationType="因果性-;目的性-;条件性-;虚拟性-;反转性-;顺序性-;解说性-;例证性-;评价性-;并列性+;递进性-;选择性-" ConnectivePosition="48…50" ConnectiveAttribute="不可删除" RoleLocation="normal" LanguageSense="true"/>
  </pragraph>
  <pragraph ID="4" content="1、钱其琛说，香港回归近半年来，2、特区政府各项工作有条不紊，3、“一国两制”、“港人治港”、高度自治的方针得到了切实有效的贯彻执行。4、香港特别行政区保持了繁荣稳定的良好局面。">
    <relative ID="1" Relation_Pair="1--2" Center="2" times="80" Sentence="钱其琛说，香港回归近半年来，|特区政府各项工作有条不紊，" position="0...13--14...26" ConnectiveType="隐式关系" Connective="" Major_relationType="评价性" RelationType="因果性-;目的性-;条件性-;虚拟性-;反转性-;顺序性-;解说性-;例证性-;评价性+;并列性-;递进性-;选择性-" ConnectivePosition="" ConnectiveAttribute="不可添加" RoleLocation="normal" LanguageSense="true"/>
    <relative ID="2" Relation_Pair="2--3" Center="2" times="65" Sentence="特区政府各项工作有条不紊，|“一国两制”、“港人治港”、高度自治的方针得到了切实有效的贯彻执行。" position="14...26--27...60" ConnectiveType="隐式关系" Connective="" Major_relationType="因果性" RelationType="因果性+;目的性-;条件性-;虚拟性-;反转性-;顺序性-;解说性+;例证性-;评价性-;并列性-;递进性-;选择性-" ConnectivePosition="" ConnectiveAttribute="不可添加" RoleLocation="normal" LanguageSense="true"/>
    <relative ID="3" Relation_Pair="3--4" Center="1" times="25" Sentence="“一国两制”、“港人治港”、高度自治的方针得到了切实有效的贯彻执行。|香港特别行政区保持了繁荣稳定的良好局面。" position="27...60--61...80" ConnectiveType="隐式关系" Connective="" Major_relationType="因果性" RelationType="因果性+;目的性-;条件性-;虚拟性-;反转性-;顺序性-;解说性-;例证性-;评价性+;并列性-;递进性-;选择性-" ConnectivePosition="" ConnectiveAttribute="不可添加" RoleLocation="normal" LanguageSense="true"/>
  </pragraph>
  <pragraph ID="5" content="1、钱其琛表示，我们对香港的前景始终是充满信心的。2、中央政府和全国人民始终是特区政府和香港同胞的坚强后盾。3、我们相信，香港一定能够继续保持其自由港和国际金融、贸易、航运中心的地位，4、保持长期的繁荣与稳定。">
    <relative ID="1" Relation_Pair="3--4" Center="3" times="19" Sentence="我们相信，香港一定能够继续保持其自由港和国际金融、贸易、航运中心的地位，|保持长期的繁荣与稳定。" position="50...85--86...96" ConnectiveType="隐式关系" Connective="" Major_relationType="并列性" RelationType="因果性-;目的性-;条件性-;虚拟性-;反转性-;顺序性-;解说性-;例证性-;评价性-;并列性+;递进性-;选择性-" ConnectivePosition="" ConnectiveAttribute="不可添加" RoleLocation="normal" LanguageSense="true"/>
    <relative ID="2" Relation_Pair="1--2" Center="1" times="17" Sentence="钱其琛表示，我们对香港的前景始终是充满信心的。|中央政府和全国人民始终是特区政府和香港同胞的坚强后盾。" position="0...22--23...49" ConnectiveType="隐式关系" Connective="" Major_relationType="因果性" RelationType="因果性+;目的性-;条件性-;虚拟性-;反转性-;顺序性-;解说性-;例证性-;评价性-;并列性-;递进性-;选择性-" ConnectivePosition="" ConnectiveAttribute="不可添加" RoleLocation="abnormal" LanguageSense="true"/>
    <relative ID="3" Relation_Pair="1--3" Center="3" times="19" Sentence="钱其琛表示，我们对香港的前景始终是充满信心的。|我们相信，香港一定能够继续保持其自由港和国际金融、贸易、航运中心的地位，" position="0...22--50...85" ConnectiveType="隐式关系" Connective="" Major_relationType="并列性" RelationType="因果性-;目的性-;条件性-;虚拟性-;反转性-;顺序性-;解说性-;例证性-;评价性-;并列性+;递进性-;选择性-" ConnectivePosition="" ConnectiveAttribute="不可添加" RoleLocation="normal" LanguageSense="true"/>
  </pragraph>
  <pragraph ID="6" content="1、钱其琛还就今年以来台湾当局继续推行所谓“务实外交”，鼓吹台湾是所谓“独立的主权国家”，竭力为海峡两岸谈判设置障碍发表了评论。2、他说，实现祖国完全统一，是海内外全体中国人的共同心愿。3、香港回归祖国以后，海峡两岸关系倍受关注。4、但是，台湾岛内分裂倾向的发展，严重阻碍着和平统一的进程。">
    <relative ID="1" Relation_Pair="1--2" Center="2" times="18" Sentence="钱其琛还就今年以来台湾当局继续推行所谓“务实外交”，鼓吹台湾是所谓“独立的主权国家”，竭力为海峡两岸谈判设置障碍发表了评论。|他说，实现祖国完全统一，是海内外全体中国人的共同心愿。" position="0...61--62...88" ConnectiveType="隐式关系" Connective="" Major_relationType="解说性" RelationType="因果性-;目的性-;条件性-;虚拟性-;反转性-;顺序性-;解说性+;例证性-;评价性-;并列性-;递进性-;选择性-" ConnectivePosition="" ConnectiveAttribute="不可添加" RoleLocation="normal" LanguageSense="true"/>
    <relative ID="2" Relation_Pair="2--3" Center="1" times="18" Sentence="他说，实现祖国完全统一，是海内外全体中国人的共同心愿。|香港回归祖国以后，海峡两岸关系倍受关注。" position="62...88--89...108" ConnectiveType="隐式关系" Connective="" Major_relationType="解说性" RelationType="因果性-;目的性-;条件性-;虚拟性-;反转性-;顺序性-;解说性+;例证性-;评价性-;并列性-;递进性-;选择性-" ConnectivePosition="" ConnectiveAttribute="不可添加" RoleLocation="normal" LanguageSense="true"/>
    <relative ID="3" Relation_Pair="2--4" Center="1" times="18" Sentence="他说，实现祖国完全统一，是海内外全体中国人的共同心愿。|但是，台湾岛内分裂倾向的发展，严重阻碍着和平统一的进程。" position="62...88--109...136" ConnectiveType="显式关系" Connective="但是" Major_relationType="反转性" RelationType="因果性-;目的性-;条件性-;虚拟性-;反转性+;顺序性-;解说性-;例证性-;评价性-;并列性-;递进性-;选择性-" ConnectivePosition="112…114" ConnectiveAttribute="不可删除" RoleLocation="normal" LanguageSense="true"/>
  </pragraph>
  <pragraph ID="7" content="1、钱其琛还指出，江泽民主席在十五大报告中再次郑重呼吁：作为第一步，海峡两岸可先就“在一个中国的原则下，正式结束两岸敌对状态”进行谈判，并达成协议；2、在此基础上，共同承担义务，维护中国的主权和领土完整，并对今后两岸关系的发展进行规划。3、我们希望台湾当局顺应历史发展潮流，把握时机，就两岸政治谈判作出积极回应和明智选择。">
    <relative ID="1" Relation_Pair="1--2" Center="3" times="34" Sentence="钱其琛还指出，江泽民主席在十五大报告中再次郑重呼吁：作为第一步，海峡两岸可先就“在一个中国的原则下，正式结束两岸敌对状态”进行谈判，并达成协议；|在此基础上，共同承担义务，维护中国的主权和领土完整，并对今后两岸关系的发展进行规划。" position="0...71--72...113" ConnectiveType="隐式关系" Connective="" Major_relationType="递进性" RelationType="因果性-;目的性-;条件性-;虚拟性-;反转性-;顺序性+;解说性-;例证性-;评价性-;并列性+;递进性+;选择性-" ConnectivePosition="" ConnectiveAttribute="不可添加" RoleLocation="normal" LanguageSense="true"/>
    <relative ID="2" Relation_Pair="2--3" Center="3" times="7" Sentence="在此基础上，共同承担义务，维护中国的主权和领土完整，并对今后两岸关系的发展进行规划。|我们希望台湾当局顺应历史发展潮流，把握时机，就两岸政治谈判作出积极回应和明智选择。" position="72...113--114...154" ConnectiveType="隐式关系" Connective="" Major_relationType="并列性" RelationType="因果性-;目的性-;条件性-;虚拟性-;反转性-;顺序性-;解说性-;例证性-;评价性-;并列性+;递进性-;选择性-" ConnectivePosition="" ConnectiveAttribute="不可添加" RoleLocation="normal" LanguageSense="true"/>
  </pragraph>
</doc>
