<?xml version="1.0" encoding="UTF-8"?>

<doc>
  <pragraph ID="2" content="1、今年一至十一月份，上海市外贸进出口总额达到二百二十点二亿美元，2、比一九九三年增长了百分之七十三。">
    <relative ID="1" Relation_Pair="1--2" Center="1" times="10" Sentence="今年一至十一月份，上海市外贸进出口总额达到二百二十点二亿美元，|比一九九三年增长了百分之七十三。" position="0...30--31...46" ConnectiveType="隐式关系" Connective="" Major_relationType="评价性" RelationType="因果性-;目的性-;条件性-;虚拟性-;反转性-;顺序性-;解说性-;例证性-;评价性+;并列性+;递进性-;选择性-" ConnectivePosition="" ConnectiveAttribute="不可添加" RoleLocation="normal" LanguageSense="true"/>
  </pragraph>
  <pragraph ID="3" content="1、记者从市对外经济贸易委员会了解到，近五年来，上海市通过外贸体制改革和实施“大外贸”战略，2、进出口总值每年以百分之十四左右的速度稳定增长，3、对外经贸进入历史发展最快时期。">
    <relative ID="1" Relation_Pair="1--2" Center="2" times="30" Sentence="记者从市对外经济贸易委员会了解到，近五年来，上海市通过外贸体制改革和实施“大外贸”战略，|进出口总值每年以百分之十四左右的速度稳定增长，" position="0...43--44...66" ConnectiveType="隐式关系" Connective="" Major_relationType="因果性" RelationType="因果性+;目的性-;条件性-;虚拟性-;反转性-;顺序性-;解说性-;例证性-;评价性-;并列性-;递进性-;选择性-" ConnectivePosition="" ConnectiveAttribute="不可添加" RoleLocation="normal" LanguageSense="true"/>
    <relative ID="2" Relation_Pair="2--3" Center="2" times="32" Sentence="进出口总值每年以百分之十四左右的速度稳定增长，|对外经贸进入历史发展最快时期。" position="44...66--67...81" ConnectiveType="隐式关系" Connective="" Major_relationType="评价性" RelationType="因果性-;目的性-;条件性-;虚拟性-;反转性-;顺序性-;解说性-;例证性-;评价性+;并列性-;递进性-;选择性-" ConnectivePosition="" ConnectiveAttribute="不可添加" RoleLocation="normal" LanguageSense="true"/>
  </pragraph>
  <pragraph ID="4" content="1、上海今年预计全年出口可以超过一百四十五亿美元，2、其中工业制成品占出口总值的百分之九十三点一，3、比一九九三年提高了四点一个百分点。4、机电产品占出口总值由五年前的百分之十七点九提高到百分之三十一点五。5、如今，上海已与二百零五个国家和地区建立了贸易往来，6、东南亚、大洋洲、拉美、中东和南非成为上海开拓的新市场。">
    <relative ID="1" Relation_Pair="1--2" Center="1" times="12" Sentence="上海今年预计全年出口可以超过一百四十五亿美元，|其中工业制成品占出口总值的百分之九十三点一，" position="0...22--23...44" ConnectiveType="显式关系" Connective="其中" Major_relationType="解说性" RelationType="因果性-;目的性-;条件性-;虚拟性-;反转性-;顺序性-;解说性+;例证性-;评价性-;并列性-;递进性-;选择性-" ConnectivePosition="24…26" ConnectiveAttribute="不可删除" RoleLocation="normal" LanguageSense="true"/>
    <relative ID="2" Relation_Pair="2--3" Center="1" times="11" Sentence="其中工业制成品占出口总值的百分之九十三点一，|比一九九三年提高了四点一个百分点。" position="23...44--45...61" ConnectiveType="隐式关系" Connective="" Major_relationType="评价性" RelationType="因果性-;目的性-;条件性-;虚拟性-;反转性-;顺序性-;解说性-;例证性-;评价性+;并列性-;递进性-;选择性-" ConnectivePosition="" ConnectiveAttribute="不可添加" RoleLocation="normal" LanguageSense="true"/>
    <relative ID="3" Relation_Pair="2--4" Center="1" times="27" Sentence="其中工业制成品占出口总值的百分之九十三点一，|机电产品占出口总值由五年前的百分之十七点九提高到百分之三十一点五。" position="23...44--62...94" ConnectiveType="隐式关系" Connective="" Major_relationType="解说性" RelationType="因果性-;目的性-;条件性-;虚拟性-;反转性-;顺序性-;解说性+;例证性-;评价性-;并列性-;递进性-;选择性-" ConnectivePosition="" ConnectiveAttribute="不可添加" RoleLocation="normal" LanguageSense="true"/>
    <relative ID="4" Relation_Pair="5--6" Center="1" times="18" Sentence="如今，上海已与二百零五个国家和地区建立了贸易往来，|东南亚、大洋洲、拉美、中东和南非成为上海开拓的新市场。" position="95...119--120...146" ConnectiveType="隐式关系" Connective="" Major_relationType="例证性" RelationType="因果性-;目的性-;条件性-;虚拟性-;反转性-;顺序性-;解说性-;例证性+;评价性-;并列性-;递进性-;选择性-" ConnectivePosition="" ConnectiveAttribute="不可添加" RoleLocation="normal" LanguageSense="true"/>
    <relative ID="5" Relation_Pair="1--5" Center="3" times="8" Sentence="上海今年预计全年出口可以超过一百四十五亿美元，|如今，上海已与二百零五个国家和地区建立了贸易往来，" position="0...22--95...119" ConnectiveType="隐式关系" Connective="" Major_relationType="并列性" RelationType="因果性-;目的性-;条件性-;虚拟性-;反转性-;顺序性-;解说性-;例证性-;评价性-;并列性+;递进性-;选择性-" ConnectivePosition="" ConnectiveAttribute="不可添加" RoleLocation="normal" LanguageSense="true"/>
  </pragraph>
  <pragraph ID="5" content="1、据上海市对外经济贸易委员会主任朱晓明介绍，上海根据国家政策要求，2、加速实施外贸企业多元化经营战略，3、使全市七百二十五家各类外贸企业逐步成为自主经营、自负盈亏的市场经济主体；4、通过归并、控股、参股等经济手段，5、先后组建了东方国际、兰生、外经、轻工、机械、畜产等外贸集团公司，6、提高了规模经营水平。7、现在，上海已形成外贸、工贸、生产自营企业、中央部属和外省市在沪企业以及外资企业六路出口大军。">
    <relative ID="1" Relation_Pair="1--2" Center="2" times="27" Sentence="据上海市对外经济贸易委员会主任朱晓明介绍，上海根据国家政策要求，|加速实施外贸企业多元化经营战略，" position="0...31--32...47" ConnectiveType="隐式关系" Connective="" Major_relationType="解说性" RelationType="因果性-;目的性-;条件性-;虚拟性-;反转性-;顺序性-;解说性+;例证性-;评价性-;并列性-;递进性-;选择性-" ConnectivePosition="" ConnectiveAttribute="不可添加" RoleLocation="normal" LanguageSense="true"/>
    <relative ID="2" Relation_Pair="2--3" Center="1" times="14" Sentence="加速实施外贸企业多元化经营战略，|使全市七百二十五家各类外贸企业逐步成为自主经营、自负盈亏的市场经济主体；" position="32...47--48...83" ConnectiveType="显式关系" Connective="使" Major_relationType="因果性" RelationType="因果性+;目的性-;条件性-;虚拟性-;反转性-;顺序性-;解说性-;例证性-;评价性-;并列性-;递进性-;选择性-" ConnectivePosition="50…51" ConnectiveAttribute="不可删除" RoleLocation="normal" LanguageSense="true"/>
    <relative ID="3" Relation_Pair="4--5" Center="1" times="22" Sentence="通过归并、控股、参股等经济手段，|先后组建了东方国际、兰生、外经、轻工、机械、畜产等外贸集团公司，" position="84...99--100...131" ConnectiveType="隐式关系" Connective="" Major_relationType="因果性" RelationType="因果性+;目的性-;条件性-;虚拟性-;反转性-;顺序性+;解说性-;例证性-;评价性-;并列性-;递进性-;选择性-" ConnectivePosition="" ConnectiveAttribute="不可添加" RoleLocation="normal" LanguageSense="true"/>
    <relative ID="4" Relation_Pair="5--6" Center="1" times="41" Sentence="先后组建了东方国际、兰生、外经、轻工、机械、畜产等外贸集团公司，|提高了规模经营水平。" position="100...131--132...141" ConnectiveType="隐式关系" Connective="" Major_relationType="因果性" RelationType="因果性+;目的性-;条件性-;虚拟性-;反转性-;顺序性-;解说性-;例证性-;评价性-;并列性-;递进性-;选择性-" ConnectivePosition="" ConnectiveAttribute="不可添加" RoleLocation="normal" LanguageSense="true"/>
    <relative ID="5" Relation_Pair="4--7" Center="2" times="32" Sentence="通过归并、控股、参股等经济手段，|现在，上海已形成外贸、工贸、生产自营企业、中央部属和外省市在沪企业以及外资企业六路出口大军。" position="84...99--142...187" ConnectiveType="隐式关系" Connective="" Major_relationType="因果性" RelationType="因果性+;目的性-;条件性-;虚拟性-;反转性-;顺序性-;解说性-;例证性-;评价性-;并列性-;递进性-;选择性-" ConnectivePosition="" ConnectiveAttribute="不可添加" RoleLocation="normal" LanguageSense="true"/>
    <relative ID="6" Relation_Pair="2--4" Center="3" times="24" Sentence="加速实施外贸企业多元化经营战略，|通过归并、控股、参股等经济手段，" position="32...47--84...99" ConnectiveType="隐式关系" Connective="" Major_relationType="并列性" RelationType="因果性-;目的性-;条件性-;虚拟性-;反转性-;顺序性-;解说性-;例证性-;评价性-;并列性+;递进性-;选择性-" ConnectivePosition="" ConnectiveAttribute="不可添加" RoleLocation="normal" LanguageSense="true"/>
  </pragraph>
  <pragraph ID="6" content="1、此外，上海坚持货物贸易、技术贸易、服务贸易三位一体协调发展；2、实施“龙头计划”，3、优化出口商品结构。4、并充分发挥浦东新区的政策优势，5、培育外贸出口新的增长点。6、据预测，上海今年技术出口成交额可完成六点五亿美元，7、是一九九三年的三点五三倍，8、技术贸易和服务贸易均占出口总额的百分之十四左右。9、服装、纺织品、船舶、钢材、电子计算机、家用电器、集装箱等八十种“龙头商品”发展迅速，10、已占全市出口总值的半数以上。11、一至十一月份，浦东新区外贸出口二十八亿美元，12、占全市出口的五分之一。">
    <relative ID="1" Relation_Pair="2--3" Center="1" times="58" Sentence="实施“龙头计划”，|优化出口商品结构。" position="30...38--39...47" ConnectiveType="隐式关系" Connective="" Major_relationType="目的性" RelationType="因果性+;目的性+;条件性-;虚拟性-;反转性-;顺序性-;解说性-;例证性-;评价性-;并列性-;递进性-;选择性-" ConnectivePosition="" ConnectiveAttribute="不可添加" RoleLocation="normal" LanguageSense="true"/>
    <relative ID="2" Relation_Pair="1--2" Center="3" times="6" Sentence="此外，上海坚持货物贸易、技术贸易、服务贸易三位一体协调发展；|实施“龙头计划”，" position="0...29--30...38" ConnectiveType="隐式关系" Connective="" Major_relationType="并列性" RelationType="因果性-;目的性-;条件性-;虚拟性-;反转性-;顺序性-;解说性-;例证性-;评价性-;并列性+;递进性-;选择性-" ConnectivePosition="" ConnectiveAttribute="不可添加" RoleLocation="normal" LanguageSense="true"/>
    <relative ID="3" Relation_Pair="2--4" Center="3" times="17" Sentence="实施“龙头计划”，|并充分发挥浦东新区的政策优势，" position="30...38--48...62" ConnectiveType="显式关系" Connective="并" Major_relationType="并列性" RelationType="因果性-;目的性-;条件性-;虚拟性-;反转性-;顺序性-;解说性-;例证性-;评价性-;并列性+;递进性-;选择性-" ConnectivePosition="51…52" ConnectiveAttribute="不可删除" RoleLocation="normal" LanguageSense="true"/>
    <relative ID="4" Relation_Pair="4--5" Center="1" times="19" Sentence="并充分发挥浦东新区的政策优势，|培育外贸出口新的增长点。" position="48...62--63...74" ConnectiveType="隐式关系" Connective="" Major_relationType="目的性" RelationType="因果性+;目的性+;条件性-;虚拟性-;反转性-;顺序性-;解说性-;例证性-;评价性-;并列性-;递进性-;选择性-" ConnectivePosition="" ConnectiveAttribute="不可添加" RoleLocation="normal" LanguageSense="true"/>
    <relative ID="5" Relation_Pair="6--7" Center="1" times="26" Sentence="据预测，上海今年技术出口成交额可完成六点五亿美元，|是一九九三年的三点五三倍，" position="75...99--100...112" ConnectiveType="隐式关系" Connective="" Major_relationType="评价性" RelationType="因果性-;目的性-;条件性-;虚拟性-;反转性-;顺序性-;解说性-;例证性-;评价性+;并列性+;递进性-;选择性-" ConnectivePosition="" ConnectiveAttribute="不可添加" RoleLocation="normal" LanguageSense="true"/>
    <relative ID="6" Relation_Pair="6--8" Center="1" times="10" Sentence="据预测，上海今年技术出口成交额可完成六点五亿美元，|技术贸易和服务贸易均占出口总额的百分之十四左右。" position="75...99--113...136" ConnectiveType="隐式关系" Connective="" Major_relationType="解说性" RelationType="因果性-;目的性-;条件性-;虚拟性-;反转性-;顺序性-;解说性+;例证性-;评价性-;并列性-;递进性-;选择性-" ConnectivePosition="" ConnectiveAttribute="不可添加" RoleLocation="normal" LanguageSense="true"/>
    <relative ID="7" Relation_Pair="9--10" Center="1" times="25" Sentence="服装、纺织品、船舶、钢材、电子计算机、家用电器、集装箱等八十种“龙头商品”发展迅速，|已占全市出口总值的半数以上。" position="137...178--179...192" ConnectiveType="隐式关系" Connective="" Major_relationType="解说性" RelationType="因果性-;目的性-;条件性-;虚拟性-;反转性-;顺序性-;解说性+;例证性-;评价性-;并列性-;递进性-;选择性-" ConnectivePosition="" ConnectiveAttribute="不可添加" RoleLocation="normal" LanguageSense="true"/>
    <relative ID="8" Relation_Pair="11--12" Center="1" times="23" Sentence="一至十一月份，浦东新区外贸出口二十八亿美元，|占全市出口的五分之一。" position="193...214--215...225" ConnectiveType="隐式关系" Connective="" Major_relationType="解说性" RelationType="因果性-;目的性-;条件性-;虚拟性-;反转性-;顺序性-;解说性+;例证性-;评价性-;并列性-;递进性-;选择性-" ConnectivePosition="" ConnectiveAttribute="不可添加" RoleLocation="normal" LanguageSense="true"/>
    <relative ID="9" Relation_Pair="4--6" Center="1" times="19" Sentence="并充分发挥浦东新区的政策优势，|据预测，上海今年技术出口成交额可完成六点五亿美元，" position="48...62--75...99" ConnectiveType="隐式关系" Connective="" Major_relationType="因果性" RelationType="因果性+;目的性-;条件性-;虚拟性+;反转性-;顺序性-;解说性-;例证性-;评价性-;并列性-;递进性-;选择性-" ConnectivePosition="" ConnectiveAttribute="不可添加" RoleLocation="normal" LanguageSense="true"/>
    <relative ID="10" Relation_Pair="6--9" Center="3" times="18" Sentence="据预测，上海今年技术出口成交额可完成六点五亿美元，|服装、纺织品、船舶、钢材、电子计算机、家用电器、集装箱等八十种“龙头商品”发展迅速，" position="75...99--137...178" ConnectiveType="隐式关系" Connective="" Major_relationType="并列性" RelationType="因果性-;目的性-;条件性-;虚拟性-;反转性-;顺序性-;解说性-;例证性-;评价性-;并列性+;递进性-;选择性-" ConnectivePosition="" ConnectiveAttribute="不可添加" RoleLocation="normal" LanguageSense="true"/>
    <relative ID="11" Relation_Pair="9--11" Center="3" times="10" Sentence="服装、纺织品、船舶、钢材、电子计算机、家用电器、集装箱等八十种“龙头商品”发展迅速，|一至十一月份，浦东新区外贸出口二十八亿美元，" position="137...178--193...214" ConnectiveType="隐式关系" Connective="" Major_relationType="并列性" RelationType="因果性-;目的性-;条件性-;虚拟性-;反转性-;顺序性-;解说性-;例证性-;评价性-;并列性+;递进性-;选择性-" ConnectivePosition="" ConnectiveAttribute="不可添加" RoleLocation="normal" LanguageSense="true"/>
  </pragraph>
  <pragraph ID="7" content="1、据悉，近五年来，上海通过积极从外省市收购出口货源、举办中国华东出口商品交易会等活动，2、增强口岸对全国的辐射能力。3、同时，发展跨国经营，4、大力开拓多元化市场。5、据最新统计，上海已在境外设立贸易性公司和机构二百一十八家，6、组建了六家区域性海外集团公司；7、获批准的境外非贸易性企业达二百六十家，8、总投资两亿美元。9、上海的对外工程承包业务也发展迅速，10、今年已新签海外工程承包及劳务合同五百八十六份，11、合同金额二点六五亿美元。">
    <relative ID="1" Relation_Pair="1--2" Center="1" times="47" Sentence="据悉，近五年来，上海通过积极从外省市收购出口货源、举办中国华东出口商品交易会等活动，|增强口岸对全国的辐射能力。" position="0...41--42...54" ConnectiveType="隐式关系" Connective="" Major_relationType="因果性" RelationType="因果性+;目的性+;条件性-;虚拟性-;反转性-;顺序性+;解说性-;例证性-;评价性-;并列性-;递进性-;选择性-" ConnectivePosition="" ConnectiveAttribute="不可添加" RoleLocation="normal" LanguageSense="true"/>
    <relative ID="2" Relation_Pair="3--4" Center="1" times="63" Sentence="同时，发展跨国经营，|大力开拓多元化市场。" position="55...64--65...74" ConnectiveType="隐式关系" Connective="" Major_relationType="目的性" RelationType="因果性+;目的性+;条件性-;虚拟性-;反转性-;顺序性-;解说性-;例证性-;评价性-;并列性+;递进性-;选择性-" ConnectivePosition="" ConnectiveAttribute="不可添加" RoleLocation="normal" LanguageSense="false"/>
    <relative ID="3" Relation_Pair="1--3" Center="3" times="8" Sentence="据悉，近五年来，上海通过积极从外省市收购出口货源、举办中国华东出口商品交易会等活动，|同时，发展跨国经营，" position="0...41--55...64" ConnectiveType="隐式关系" Connective="" Major_relationType="并列性" RelationType="因果性-;目的性-;条件性-;虚拟性-;反转性-;顺序性-;解说性-;例证性-;评价性-;并列性+;递进性-;选择性-" ConnectivePosition="" ConnectiveAttribute="不可添加" RoleLocation="normal" LanguageSense="true"/>
    <relative ID="4" Relation_Pair="5--6" Center="3" times="19" Sentence="据最新统计，上海已在境外设立贸易性公司和机构二百一十八家，|组建了六家区域性海外集团公司；" position="75...103--104...118" ConnectiveType="隐式关系" Connective="" Major_relationType="并列性" RelationType="因果性-;目的性-;条件性-;虚拟性-;反转性-;顺序性-;解说性-;例证性-;评价性-;并列性+;递进性-;选择性-" ConnectivePosition="" ConnectiveAttribute="不可添加" RoleLocation="normal" LanguageSense="true"/>
    <relative ID="5" Relation_Pair="7--8" Center="3" times="21" Sentence="获批准的境外非贸易性企业达二百六十家，|总投资两亿美元。" position="119...137--138...145" ConnectiveType="隐式关系" Connective="" Major_relationType="解说性" RelationType="因果性-;目的性-;条件性-;虚拟性-;反转性-;顺序性-;解说性+;例证性-;评价性-;并列性+;递进性-;选择性-" ConnectivePosition="" ConnectiveAttribute="不可添加" RoleLocation="normal" LanguageSense="true"/>
    <relative ID="6" Relation_Pair="6--7" Center="3" times="12" Sentence="组建了六家区域性海外集团公司；|获批准的境外非贸易性企业达二百六十家，" position="104...118--119...137" ConnectiveType="隐式关系" Connective="" Major_relationType="并列性" RelationType="因果性-;目的性-;条件性-;虚拟性-;反转性-;顺序性-;解说性-;例证性-;评价性-;并列性+;递进性-;选择性-" ConnectivePosition="" ConnectiveAttribute="不可添加" RoleLocation="normal" LanguageSense="true"/>
    <relative ID="7" Relation_Pair="9--10" Center="1" times="24" Sentence="上海的对外工程承包业务也发展迅速，|今年已新签海外工程承包及劳务合同五百八十六份，" position="146...162--163...185" ConnectiveType="隐式关系" Connective="" Major_relationType="解说性" RelationType="因果性-;目的性-;条件性-;虚拟性-;反转性-;顺序性-;解说性+;例证性-;评价性-;并列性-;递进性-;选择性-" ConnectivePosition="" ConnectiveAttribute="不可添加" RoleLocation="normal" LanguageSense="true"/>
    <relative ID="8" Relation_Pair="10--11" Center="3" times="13" Sentence="今年已新签海外工程承包及劳务合同五百八十六份，|合同金额二点六五亿美元。" position="163...185--186...197" ConnectiveType="隐式关系" Connective="" Major_relationType="并列性" RelationType="因果性-;目的性-;条件性-;虚拟性-;反转性-;顺序性-;解说性+;例证性-;评价性-;并列性+;递进性-;选择性-" ConnectivePosition="" ConnectiveAttribute="不可添加" RoleLocation="normal" LanguageSense="true"/>
    <relative ID="9" Relation_Pair="3--5" Center="2" times="44" Sentence="同时，发展跨国经营，|据最新统计，上海已在境外设立贸易性公司和机构二百一十八家，" position="55...64--75...103" ConnectiveType="隐式关系" Connective="" Major_relationType="因果性" RelationType="因果性+;目的性-;条件性-;虚拟性-;反转性-;顺序性-;解说性-;例证性-;评价性-;并列性-;递进性-;选择性-" ConnectivePosition="" ConnectiveAttribute="不可添加" RoleLocation="normal" LanguageSense="true"/>
    <relative ID="10" Relation_Pair="3--9" Center="3" times="61" Sentence="同时，发展跨国经营，|上海的对外工程承包业务也发展迅速，" position="55...64--146...162" ConnectiveType="隐式关系" Connective="" Major_relationType="并列性" RelationType="因果性-;目的性-;条件性-;虚拟性-;反转性-;顺序性-;解说性-;例证性-;评价性-;并列性+;递进性-;选择性-" ConnectivePosition="" ConnectiveAttribute="不可添加" RoleLocation="normal" LanguageSense="true"/>
  </pragraph>
</doc>
