<?xml version="1.0" encoding="UTF-8"?>

<doc>
  <pragraph ID="2" content="1、由于投资环境的改善和发展势头的良好，2、汕头高新技术开发区引起海内外投资者的关注。">
    <relative ID="1" Relation_Pair="1--2" Center="2" times="12" Sentence="由于投资环境的改善和发展势头的良好，|汕头高新技术开发区引起海内外投资者的关注。" position="0...17--18...38" ConnectiveType="隐式关系" Connective="" Major_relationType="因果性" RelationType="因果性+;目的性-;条件性-;虚拟性-;反转性-;顺序性-;解说性-;例证性-;评价性-;并列性-;递进性-;选择性-" ConnectivePosition="" ConnectiveAttribute="不可添加" RoleLocation="normal" LanguageSense="true"/>
  </pragraph>
  <pragraph ID="3" content="1、一些旅居美国“硅谷”的潮籍科学家已表示到区内创办高新技术产业的意愿；2、摩托罗拉中国总裁、爱立信公司有关人员也前来开发区洽谈投资项目；3、台湾厂商则表示要在开发区内创办科技软件开发公司。">
    <relative ID="1" Relation_Pair="1--2" Center="3" times="20" Sentence="一些旅居美国“硅谷”的潮籍科学家已表示到区内创办高新技术产业的意愿；|摩托罗拉中国总裁、爱立信公司有关人员也前来开发区洽谈投资项目；" position="0...33--34...64" ConnectiveType="隐式关系" Connective="" Major_relationType="并列性" RelationType="因果性-;目的性-;条件性-;虚拟性-;反转性-;顺序性-;解说性-;例证性-;评价性-;并列性+;递进性-;选择性-" ConnectivePosition="" ConnectiveAttribute="不可添加" RoleLocation="normal" LanguageSense="true"/>
    <relative ID="2" Relation_Pair="2--3" Center="3" times="8" Sentence="摩托罗拉中国总裁、爱立信公司有关人员也前来开发区洽谈投资项目；|台湾厂商则表示要在开发区内创办科技软件开发公司。" position="34...64--65...88" ConnectiveType="隐式关系" Connective="" Major_relationType="并列性" RelationType="因果性-;目的性-;条件性-;虚拟性-;反转性-;顺序性-;解说性-;例证性-;评价性-;并列性+;递进性-;选择性-" ConnectivePosition="" ConnectiveAttribute="不可添加" RoleLocation="normal" LanguageSense="true"/>
  </pragraph>
  <pragraph ID="4" content="1、目前，汕头高新技术开发区已累计投资十八亿元，2、建成厂房三十七万平方米，3、区内水、电、通讯、保税仓库等基础配套设施已建成投入使用。">
    <relative ID="1" Relation_Pair="1--2" Center="3" times="9" Sentence="目前，汕头高新技术开发区已累计投资十八亿元，|建成厂房三十七万平方米，" position="0...21--22...33" ConnectiveType="隐式关系" Connective="" Major_relationType="并列性" RelationType="因果性-;目的性-;条件性-;虚拟性-;反转性-;顺序性-;解说性-;例证性-;评价性-;并列性+;递进性-;选择性-" ConnectivePosition="" ConnectiveAttribute="不可添加" RoleLocation="normal" LanguageSense="true"/>
    <relative ID="2" Relation_Pair="2--3" Center="3" times="7" Sentence="建成厂房三十七万平方米，|区内水、电、通讯、保税仓库等基础配套设施已建成投入使用。" position="22...33--34...61" ConnectiveType="隐式关系" Connective="" Major_relationType="并列性" RelationType="因果性-;目的性-;条件性-;虚拟性-;反转性-;顺序性-;解说性-;例证性-;评价性-;并列性+;递进性-;选择性-" ConnectivePosition="" ConnectiveAttribute="不可添加" RoleLocation="normal" LanguageSense="true"/>
  </pragraph>
  <pragraph ID="5" content="1、至今年十一月初，共有入区项目一百七十七个，2、投资总额六十四亿元，3、其中外资约占百分之五十，4、入区企业中有七家被认定为国家级高新技术企业。5、今年，全区累计完成工业产值三十七亿元，6、技工贸总收入四十五点五亿元，7、出口贸易额一万二千七百四十七万美元，8、实现税利三点六亿元。9、与此同时，汕头市还制订和出台了十多项规章制度和政策措施，10、鼓励兴办技术、知识密集型的高新产业。">
    <relative ID="1" Relation_Pair="1--2" Center="3" times="44" Sentence="至今年十一月初，共有入区项目一百七十七个，|投资总额六十四亿元，" position="0...20--21...30" ConnectiveType="隐式关系" Connective="" Major_relationType="并列性" RelationType="因果性-;目的性-;条件性-;虚拟性-;反转性-;顺序性-;解说性+;例证性-;评价性-;并列性+;递进性-;选择性-" ConnectivePosition="" ConnectiveAttribute="不可添加" RoleLocation="normal" LanguageSense="true"/>
    <relative ID="2" Relation_Pair="2--3" Center="1" times="30" Sentence="投资总额六十四亿元，|其中外资约占百分之五十，" position="21...30--31...42" ConnectiveType="显式关系" Connective="其中" Major_relationType="解说性" RelationType="因果性-;目的性-;条件性-;虚拟性-;反转性-;顺序性-;解说性+;例证性-;评价性-;并列性-;递进性-;选择性-" ConnectivePosition="33…35" ConnectiveAttribute="不可删除" RoleLocation="normal" LanguageSense="true"/>
    <relative ID="3" Relation_Pair="1--4" Center="1" times="25" Sentence="至今年十一月初，共有入区项目一百七十七个，|入区企业中有七家被认定为国家级高新技术企业。" position="0...20--43...64" ConnectiveType="隐式关系" Connective="" Major_relationType="解说性" RelationType="因果性-;目的性-;条件性-;虚拟性-;反转性-;顺序性-;解说性+;例证性-;评价性-;并列性-;递进性-;选择性-" ConnectivePosition="" ConnectiveAttribute="不可添加" RoleLocation="normal" LanguageSense="true"/>
    <relative ID="4" Relation_Pair="5--6" Center="3" times="13" Sentence="今年，全区累计完成工业产值三十七亿元，|技工贸总收入四十五点五亿元，" position="65...83--84...97" ConnectiveType="隐式关系" Connective="" Major_relationType="并列性" RelationType="因果性-;目的性-;条件性-;虚拟性-;反转性-;顺序性-;解说性-;例证性-;评价性-;并列性+;递进性-;选择性-" ConnectivePosition="" ConnectiveAttribute="不可添加" RoleLocation="normal" LanguageSense="true"/>
    <relative ID="5" Relation_Pair="6--7" Center="3" times="9" Sentence="技工贸总收入四十五点五亿元，|出口贸易额一万二千七百四十七万美元，" position="84...97--98...115" ConnectiveType="隐式关系" Connective="" Major_relationType="并列性" RelationType="因果性-;目的性-;条件性-;虚拟性-;反转性-;顺序性-;解说性-;例证性-;评价性-;并列性+;递进性-;选择性-" ConnectivePosition="" ConnectiveAttribute="不可添加" RoleLocation="normal" LanguageSense="true"/>
    <relative ID="6" Relation_Pair="7--8" Center="1" times="13" Sentence="出口贸易额一万二千七百四十七万美元，|实现税利三点六亿元。" position="98...115--116...125" ConnectiveType="隐式关系" Connective="" Major_relationType="因果性" RelationType="因果性+;目的性-;条件性-;虚拟性-;反转性-;顺序性-;解说性-;例证性-;评价性-;并列性-;递进性-;选择性-" ConnectivePosition="" ConnectiveAttribute="不可添加" RoleLocation="normal" LanguageSense="true"/>
    <relative ID="7" Relation_Pair="9--10" Center="1" times="83" Sentence="与此同时，汕头市还制订和出台了十多项规章制度和政策措施，|鼓励兴办技术、知识密集型的高新产业。" position="126...153--154...171" ConnectiveType="隐式关系" Connective="" Major_relationType="目的性" RelationType="因果性-;目的性+;条件性-;虚拟性+;反转性-;顺序性-;解说性-;例证性-;评价性-;并列性-;递进性-;选择性-" ConnectivePosition="" ConnectiveAttribute="不可添加" RoleLocation="normal" LanguageSense="true"/>
    <relative ID="8" Relation_Pair="7--9" Center="3" times="12" Sentence="出口贸易额一万二千七百四十七万美元，|与此同时，汕头市还制订和出台了十多项规章制度和政策措施，" position="98...115--126...153" ConnectiveType="隐式关系" Connective="" Major_relationType="并列性" RelationType="因果性-;目的性-;条件性-;虚拟性-;反转性-;顺序性-;解说性-;例证性-;评价性-;并列性+;递进性-;选择性-" ConnectivePosition="" ConnectiveAttribute="不可添加" RoleLocation="normal" LanguageSense="true"/>
    <relative ID="9" Relation_Pair="1--5" Center="3" times="10" Sentence="至今年十一月初，共有入区项目一百七十七个，|今年，全区累计完成工业产值三十七亿元，" position="0...20--65...83" ConnectiveType="隐式关系" Connective="" Major_relationType="并列性" RelationType="因果性-;目的性-;条件性-;虚拟性-;反转性-;顺序性-;解说性-;例证性-;评价性-;并列性+;递进性-;选择性-" ConnectivePosition="" ConnectiveAttribute="不可添加" RoleLocation="normal" LanguageSense="true"/>
  </pragraph>
</doc>
