<?xml version="1.0" encoding="UTF-8"?>

<doc>
  <pragraph ID="2" content="1、广西首府南宁市最近荣获“国家园林城市”称号，2、跻身中国十二个园林城市之列，3、成为中国少数民族地区第一个获此殊荣的城市。">
    <relative ID="1" Relation_Pair="1--2" Center="1" times="31" Sentence="广西首府南宁市最近荣获“国家园林城市”称号，|跻身中国十二个园林城市之列，" position="0...21--22...35" ConnectiveType="隐式关系" Connective="" Major_relationType="解说性" RelationType="因果性-;目的性-;条件性-;虚拟性-;反转性-;顺序性-;解说性+;例证性-;评价性-;并列性-;递进性-;选择性-" ConnectivePosition="" ConnectiveAttribute="不可添加" RoleLocation="normal" LanguageSense="true"/>
    <relative ID="2" Relation_Pair="1--3" Center="1" times="18" Sentence="广西首府南宁市最近荣获“国家园林城市”称号，|成为中国少数民族地区第一个获此殊荣的城市。" position="0...21--36...56" ConnectiveType="隐式关系" Connective="" Major_relationType="评价性" RelationType="因果性-;目的性-;条件性-;虚拟性-;反转性-;顺序性-;解说性-;例证性-;评价性+;并列性-;递进性-;选择性-" ConnectivePosition="" ConnectiveAttribute="不可添加" RoleLocation="normal" LanguageSense="true"/>
  </pragraph>
  <pragraph ID="3" content="1、截止目前，南宁市森林面积达三十四点四万公顷，2、森林覆盖率达百分之三十六点三；3、城区绿化覆盖率达到百分之三十六点四，4、绿地率达到百分之三十一，5、人均公共绿地面积近七平方米。">
    <relative ID="1" Relation_Pair="1--2" Center="2" times="34" Sentence="截止目前，南宁市森林面积达三十四点四万公顷，|森林覆盖率达百分之三十六点三；" position="0...21--22...36" ConnectiveType="隐式关系" Connective="" Major_relationType="解说性" RelationType="因果性-;目的性-;条件性-;虚拟性-;反转性-;顺序性-;解说性+;例证性-;评价性-;并列性+;递进性-;选择性-" ConnectivePosition="" ConnectiveAttribute="不可添加" RoleLocation="normal" LanguageSense="true"/>
    <relative ID="2" Relation_Pair="3--4" Center="3" times="32" Sentence="城区绿化覆盖率达到百分之三十六点四，|绿地率达到百分之三十一，" position="37...54--55...66" ConnectiveType="隐式关系" Connective="" Major_relationType="并列性" RelationType="因果性-;目的性-;条件性-;虚拟性-;反转性-;顺序性-;解说性-;例证性-;评价性-;并列性+;递进性-;选择性-" ConnectivePosition="" ConnectiveAttribute="不可添加" RoleLocation="normal" LanguageSense="true"/>
    <relative ID="3" Relation_Pair="4--5" Center="3" times="10" Sentence="绿地率达到百分之三十一，|人均公共绿地面积近七平方米。" position="55...66--67...80" ConnectiveType="隐式关系" Connective="" Major_relationType="并列性" RelationType="因果性-;目的性-;条件性-;虚拟性-;反转性-;顺序性-;解说性-;例证性-;评价性-;并列性+;递进性-;选择性-" ConnectivePosition="" ConnectiveAttribute="不可添加" RoleLocation="normal" LanguageSense="true"/>
    <relative ID="4" Relation_Pair="2--3" Center="3" times="9" Sentence="森林覆盖率达百分之三十六点三；|城区绿化覆盖率达到百分之三十六点四，" position="22...36--37...54" ConnectiveType="隐式关系" Connective="" Major_relationType="并列性" RelationType="因果性-;目的性-;条件性-;虚拟性-;反转性-;顺序性-;解说性-;例证性-;评价性-;并列性+;递进性-;选择性-" ConnectivePosition="" ConnectiveAttribute="不可添加" RoleLocation="normal" LanguageSense="true"/>
  </pragraph>
  <pragraph ID="4" content="1、近年来，南宁市先后颁布实施了《南宁市城市园林绿化管理若干规定》、《南宁市城市园林绿化条例》、《南宁市古树名木保护管理规定》等一系列法律法规，2、使得城市园林绿化工作科学规划、有法可依。">
    <relative ID="1" Relation_Pair="1--2" Center="2" times="22" Sentence="近年来，南宁市先后颁布实施了《南宁市城市园林绿化管理若干规定》、《南宁市城市园林绿化条例》、《南宁市古树名木保护管理规定》等一系列法律法规，|使得城市园林绿化工作科学规划、有法可依。" position="0...69--70...89" ConnectiveType="隐式关系" Connective="" Major_relationType="因果性" RelationType="因果性+;目的性-;条件性-;虚拟性-;反转性-;顺序性-;解说性-;例证性-;评价性-;并列性-;递进性-;选择性-" ConnectivePosition="" ConnectiveAttribute="不可添加" RoleLocation="normal" LanguageSense="true"/>
  </pragraph>
  <pragraph ID="5" content="1、据不完全统计，近年来南宁市园林绿化投资每年都超过两千万元，2、而今年的投资已超过一亿元。3、为突出城市园林绿化的亚热带风光及民族特色，4、南宁市大量种植棕榈科植物和开花乔木、花灌木、彩叶植物以及地被植物、草坪等，5、市区的一百多条主要街道基本实现了绿化、彩化、果化、香化。6、自一九九五年以来，南宁市还新建了包括棕榈园、鳄鱼湖、香花园、金花茶公园等重点景区在内的三个公园和二十多处游园绿地，7、目前，全市各类开放公园有十二座，8、游园绿地三十多处。">
    <relative ID="1" Relation_Pair="1--2" Center="3" times="82" Sentence="据不完全统计，近年来南宁市园林绿化投资每年都超过两千万元，|而今年的投资已超过一亿元。" position="0...28--29...41" ConnectiveType="隐式关系" Connective="" Major_relationType="并列性" RelationType="因果性-;目的性-;条件性-;虚拟性-;反转性-;顺序性-;解说性-;例证性-;评价性-;并列性+;递进性+;选择性-" ConnectivePosition="" ConnectiveAttribute="不可添加" RoleLocation="normal" LanguageSense="true"/>
    <relative ID="2" Relation_Pair="3--4" Center="2" times="53" Sentence="为突出城市园林绿化的亚热带风光及民族特色，|南宁市大量种植棕榈科植物和开花乔木、花灌木、彩叶植物以及地被植物、草坪等，" position="42...62--63...99" ConnectiveType="显式关系" Connective="为" Major_relationType="目的性" RelationType="因果性+;目的性+;条件性-;虚拟性-;反转性-;顺序性-;解说性-;例证性-;评价性-;并列性-;递进性-;选择性-" ConnectivePosition="44…45" ConnectiveAttribute="不可删除" RoleLocation="normal" LanguageSense="true"/>
    <relative ID="3" Relation_Pair="4--5" Center="2" times="73" Sentence="南宁市大量种植棕榈科植物和开花乔木、花灌木、彩叶植物以及地被植物、草坪等，|市区的一百多条主要街道基本实现了绿化、彩化、果化、香化。" position="63...99--100...127" ConnectiveType="隐式关系" Connective="" Major_relationType="因果性" RelationType="因果性+;目的性-;条件性-;虚拟性-;反转性-;顺序性+;解说性+;例证性-;评价性-;并列性-;递进性-;选择性-" ConnectivePosition="" ConnectiveAttribute="不可添加" RoleLocation="normal" LanguageSense="true"/>
    <relative ID="4" Relation_Pair="4--6" Center="3" times="42" Sentence="南宁市大量种植棕榈科植物和开花乔木、花灌木、彩叶植物以及地被植物、草坪等，|自一九九五年以来，南宁市还新建了包括棕榈园、鳄鱼湖、香花园、金花茶公园等重点景区在内的三个公园和二十多处游园绿地，" position="63...99--128...184" ConnectiveType="显式关系" Connective="还" Major_relationType="并列性" RelationType="因果性-;目的性-;条件性-;虚拟性-;反转性-;顺序性-;解说性-;例证性-;评价性-;并列性+;递进性-;选择性-" ConnectivePosition="145…146" ConnectiveAttribute="不可删除" RoleLocation="normal" LanguageSense="true"/>
    <relative ID="5" Relation_Pair="6--7" Center="3" times="30" Sentence="自一九九五年以来，南宁市还新建了包括棕榈园、鳄鱼湖、香花园、金花茶公园等重点景区在内的三个公园和二十多处游园绿地，|目前，全市各类开放公园有十二座，" position="128...184--185...200" ConnectiveType="隐式关系" Connective="" Major_relationType="并列性" RelationType="因果性-;目的性-;条件性-;虚拟性-;反转性-;顺序性+;解说性-;例证性-;评价性-;并列性+;递进性-;选择性-" ConnectivePosition="" ConnectiveAttribute="不可添加" RoleLocation="normal" LanguageSense="true"/>
    <relative ID="6" Relation_Pair="7--8" Center="3" times="10" Sentence="目前，全市各类开放公园有十二座，|游园绿地三十多处。" position="185...200--201...209" ConnectiveType="隐式关系" Connective="" Major_relationType="并列性" RelationType="因果性-;目的性-;条件性-;虚拟性-;反转性-;顺序性-;解说性-;例证性-;评价性-;并列性+;递进性-;选择性-" ConnectivePosition="" ConnectiveAttribute="不可添加" RoleLocation="normal" LanguageSense="true"/>
    <relative ID="7" Relation_Pair="2--4" Center="2" times="16" Sentence="而今年的投资已超过一亿元。|南宁市大量种植棕榈科植物和开花乔木、花灌木、彩叶植物以及地被植物、草坪等，" position="29...41--63...99" ConnectiveType="隐式关系" Connective="" Major_relationType="解说性" RelationType="因果性-;目的性-;条件性-;虚拟性-;反转性-;顺序性-;解说性+;例证性-;评价性-;并列性-;递进性-;选择性-" ConnectivePosition="" ConnectiveAttribute="不可添加" RoleLocation="normal" LanguageSense="true"/>
  </pragraph>
  <pragraph ID="6" content="1、据悉，南宁市已规划制定出较完整的园林绿化体系，2、力争到二０００年，全市绿化覆盖率、绿地率、人均公共绿地面积分别达到百分之三十七、百分之三十二和十平方米。">
    <relative ID="1" Relation_Pair="1--2" Center="2" times="29" Sentence="据悉，南宁市已规划制定出较完整的园林绿化体系，|力争到二０００年，全市绿化覆盖率、绿地率、人均公共绿地面积分别达到百分之三十七、百分之三十二和十平方米。" position="0...22--23...74" ConnectiveType="隐式关系" Connective="" Major_relationType="目的性" RelationType="因果性-;目的性+;条件性-;虚拟性+;反转性-;顺序性-;解说性-;例证性-;评价性-;并列性-;递进性-;选择性-" ConnectivePosition="" ConnectiveAttribute="不可添加" RoleLocation="normal" LanguageSense="true"/>
  </pragraph>
</doc>
