<?xml version="1.0" encoding="UTF-8"?>

<doc>
  <pragraph ID="2" content="1、几年前，美国百时美施贵宝公司在上海设立其在中国的第一家合资企业，2、投资仅五百万美元。3、美方仅将此作为一个观察中国市场的小小窗口。">
    <relative ID="1" Relation_Pair="1--2" Center="3" times="53" Sentence="几年前，美国百时美施贵宝公司在上海设立其在中国的第一家合资企业，|投资仅五百万美元。" position="0...31--32...40" ConnectiveType="隐式关系" Connective="" Major_relationType="并列性" RelationType="因果性-;目的性-;条件性-;虚拟性-;反转性-;顺序性-;解说性+;例证性-;评价性-;并列性+;递进性-;选择性-" ConnectivePosition="" ConnectiveAttribute="不可添加" RoleLocation="normal" LanguageSense="true"/>
    <relative ID="2" Relation_Pair="1--3" Center="2" times="36" Sentence="几年前，美国百时美施贵宝公司在上海设立其在中国的第一家合资企业，|美方仅将此作为一个观察中国市场的小小窗口。" position="0...31--41...61" ConnectiveType="隐式关系" Connective="" Major_relationType="评价性" RelationType="因果性-;目的性-;条件性-;虚拟性-;反转性-;顺序性-;解说性-;例证性-;评价性+;并列性-;递进性-;选择性-" ConnectivePosition="" ConnectiveAttribute="不可添加" RoleLocation="normal" LanguageSense="true"/>
  </pragraph>
  <pragraph ID="3" content="1、如今，这家跨国集团已陆续在上海追加投资二千多万美元，2、并将上海施贵宝制药有限公司发展成为其亚太地区的生产、出口中心。3、上海施贵宝今年销售总额将达到十亿元人民币。">
    <relative ID="1" Relation_Pair="1--2" Center="3" times="25" Sentence="如今，这家跨国集团已陆续在上海追加投资二千多万美元，|并将上海施贵宝制药有限公司发展成为其亚太地区的生产、出口中心。" position="0...25--26...56" ConnectiveType="显式关系" Connective="并" Major_relationType="并列性" RelationType="因果性-;目的性-;条件性-;虚拟性-;反转性-;顺序性-;解说性-;例证性-;评价性-;并列性+;递进性-;选择性-" ConnectivePosition="27…28" ConnectiveAttribute="不可删除" RoleLocation="normal" LanguageSense="true"/>
    <relative ID="2" Relation_Pair="2--3" Center="1" times="49" Sentence="并将上海施贵宝制药有限公司发展成为其亚太地区的生产、出口中心。|上海施贵宝今年销售总额将达到十亿元人民币。" position="26...56--57...77" ConnectiveType="隐式关系" Connective="" Major_relationType="解说性" RelationType="因果性-;目的性-;条件性-;虚拟性-;反转性-;顺序性-;解说性+;例证性-;评价性-;并列性+;递进性-;选择性-" ConnectivePosition="" ConnectiveAttribute="不可添加" RoleLocation="normal" LanguageSense="true"/>
  </pragraph>
  <pragraph ID="4" content="1、公司董事长周德孚说，通过上海施贵宝，美国百时美施贵宝公司尝到在中国投资的甜头，2、现在该集团在中国的总投资已超过一亿美元。">
    <relative ID="1" Relation_Pair="1--2" Center="2" times="50" Sentence="公司董事长周德孚说，通过上海施贵宝，美国百时美施贵宝公司尝到在中国投资的甜头，|现在该集团在中国的总投资已超过一亿美元。" position="0...38--39...58" ConnectiveType="隐式关系" Connective="" Major_relationType="因果性" RelationType="因果性+;目的性-;条件性-;虚拟性-;反转性-;顺序性-;解说性-;例证性-;评价性-;并列性-;递进性-;选择性-" ConnectivePosition="" ConnectiveAttribute="不可添加" RoleLocation="normal" LanguageSense="true"/>
  </pragraph>
  <pragraph ID="5" content="1、经过一段时期的“投石问路”，越来越多的外商象美国百时美施贵宝公司一样，看好上海的投资环境和市场潜力，2、纷纷追加投资扩大再生产，3、并逐步把上海建成其在中国甚至亚太地区的经营、销售中心。">
    <relative ID="1" Relation_Pair="1--2" Center="2" times="75" Sentence="经过一段时期的“投石问路”，越来越多的外商象美国百时美施贵宝公司一样，看好上海的投资环境和市场潜力，|纷纷追加投资扩大再生产，" position="0...49--50...61" ConnectiveType="隐式关系" Connective="" Major_relationType="因果性" RelationType="因果性+;目的性-;条件性-;虚拟性-;反转性-;顺序性+;解说性-;例证性-;评价性-;并列性-;递进性-;选择性-" ConnectivePosition="" ConnectiveAttribute="不可添加" RoleLocation="normal" LanguageSense="true"/>
    <relative ID="2" Relation_Pair="2--3" Center="3" times="148" Sentence="纷纷追加投资扩大再生产，|并逐步把上海建成其在中国甚至亚太地区的经营、销售中心。" position="50...61--62...88" ConnectiveType="隐式关系" Connective="" Major_relationType="并列性" RelationType="因果性-;目的性-;条件性-;虚拟性+;反转性-;顺序性+;解说性-;例证性-;评价性-;并列性+;递进性-;选择性-" ConnectivePosition="64…91" ConnectiveAttribute="不可添加" RoleLocation="normal" LanguageSense="true"/>
  </pragraph>
  <pragraph ID="6" content="1、经济专家分析说，这表明不少跨国公司进一步看好中国乃至上海的政治经济形势，2、并开始全面调整对华经营战略，3、由早期分散的、缺乏系统性的单个投资逐步转向较大规模的、系统化的投资，4、由建立生产基地转向进行上、中、下游各阶段产品的综合开发，5、同时投资范围也从工业制造扩大到银行、保险、咨询、贸易等众多领域。">
    <relative ID="1" Relation_Pair="1--2" Center="2" times="72" Sentence="经济专家分析说，这表明不少跨国公司进一步看好中国乃至上海的政治经济形势，|并开始全面调整对华经营战略，" position="0...35--36...49" ConnectiveType="显式关系" Connective="并" Major_relationType="因果性" RelationType="因果性+;目的性-;条件性-;虚拟性-;反转性-;顺序性+;解说性-;例证性-;评价性-;并列性+;递进性-;选择性-" ConnectivePosition="37…38" ConnectiveAttribute="不可删除" RoleLocation="normal" LanguageSense="true"/>
    <relative ID="2" Relation_Pair="2--3" Center="1" times="17" Sentence="并开始全面调整对华经营战略，|由早期分散的、缺乏系统性的单个投资逐步转向较大规模的、系统化的投资，" position="36...49--50...83" ConnectiveType="隐式关系" Connective="" Major_relationType="解说性" RelationType="因果性-;目的性-;条件性-;虚拟性-;反转性-;顺序性-;解说性+;例证性-;评价性-;并列性-;递进性-;选择性-" ConnectivePosition="" ConnectiveAttribute="不可添加" RoleLocation="normal" LanguageSense="true"/>
    <relative ID="3" Relation_Pair="2--4" Center="1" times="11" Sentence="并开始全面调整对华经营战略，|由建立生产基地转向进行上、中、下游各阶段产品的综合开发，" position="36...49--84...111" ConnectiveType="隐式关系" Connective="" Major_relationType="解说性" RelationType="因果性-;目的性-;条件性-;虚拟性-;反转性-;顺序性-;解说性+;例证性-;评价性-;并列性-;递进性-;选择性-" ConnectivePosition="" ConnectiveAttribute="不可添加" RoleLocation="normal" LanguageSense="true"/>
    <relative ID="4" Relation_Pair="2--5" Center="1" times="12" Sentence="并开始全面调整对华经营战略，|同时投资范围也从工业制造扩大到银行、保险、咨询、贸易等众多领域。" position="36...49--112...143" ConnectiveType="隐式关系" Connective="" Major_relationType="解说性" RelationType="因果性-;目的性-;条件性-;虚拟性-;反转性-;顺序性-;解说性+;例证性-;评价性-;并列性-;递进性-;选择性-" ConnectivePosition="" ConnectiveAttribute="不可添加" RoleLocation="normal" LanguageSense="true"/>
  </pragraph>
  <pragraph ID="7" content="1、来自上海外国投资工作委员会的统计显示，截至今年十一月底，上海外商投资企业追加的投资高达四十八点九亿美元，2、占全市吸引外资总额的百分之十七。">
    <relative ID="1" Relation_Pair="1--2" Center="1" times="44" Sentence="来自上海外国投资工作委员会的统计显示，截至今年十一月底，上海外商投资企业追加的投资高达四十八点九亿美元，|占全市吸引外资总额的百分之十七。" position="0...51--52...67" ConnectiveType="隐式关系" Connective="" Major_relationType="解说性" RelationType="因果性-;目的性-;条件性-;虚拟性-;反转性-;顺序性-;解说性+;例证性-;评价性-;并列性-;递进性-;选择性-" ConnectivePosition="" ConnectiveAttribute="不可添加" RoleLocation="normal" LanguageSense="true"/>
  </pragraph>
  <pragraph ID="8" content="1、面对各国外商追加投资的热潮，2、上海政府表示，将更加努力地完善投资环境，3、为外商提供更加规范的运营空间，4、力争本世纪末外商追加投资占外资总额的四分之一。">
    <relative ID="1" Relation_Pair="1--2" Center="2" times="32" Sentence="面对各国外商追加投资的热潮，|上海政府表示，将更加努力地完善投资环境，" position="0...13--14...33" ConnectiveType="隐式关系" Connective="" Major_relationType="因果性" RelationType="因果性+;目的性-;条件性-;虚拟性+;反转性-;顺序性-;解说性-;例证性-;评价性-;并列性-;递进性-;选择性-" ConnectivePosition="" ConnectiveAttribute="不可添加" RoleLocation="normal" LanguageSense="true"/>
    <relative ID="2" Relation_Pair="2--4" Center="2" times="79" Sentence="上海政府表示，将更加努力地完善投资环境，|力争本世纪末外商追加投资占外资总额的四分之一。" position="14...33--49...71" ConnectiveType="显式关系" Connective="力争" Major_relationType="目的性" RelationType="因果性-;目的性+;条件性-;虚拟性-;反转性-;顺序性-;解说性-;例证性-;评价性-;并列性-;递进性-;选择性-" ConnectivePosition="52…54" ConnectiveAttribute="不可删除" RoleLocation="normal" LanguageSense="true"/>
    <relative ID="3" Relation_Pair="2--3" Center="2" times="15" Sentence="上海政府表示，将更加努力地完善投资环境，|为外商提供更加规范的运营空间，" position="14...33--34...48" ConnectiveType="显式关系" Connective="为" Major_relationType="目的性" RelationType="因果性-;目的性+;条件性-;虚拟性-;反转性-;顺序性-;解说性-;例证性-;评价性-;并列性-;递进性-;选择性-" ConnectivePosition="36…37" ConnectiveAttribute="不可删除" RoleLocation="normal" LanguageSense="true"/>
  </pragraph>
  <pragraph ID="9" content="1、此间最新一项投资环境调查显示，美国、日本、欧共体等投资者普遍认为，上海投资环境的综合条件已具有明显优势。2、进入后工业化中等发达状态的上海，为各国外商提供了广阔的投资天地。">
    <relative ID="1" Relation_Pair="1--2" Center="2" times="29" Sentence="此间最新一项投资环境调查显示，美国、日本、欧共体等投资者普遍认为，上海投资环境的综合条件已具有明显优势。|进入后工业化中等发达状态的上海，为各国外商提供了广阔的投资天地。" position="0...51--52...83" ConnectiveType="隐式关系" Connective="" Major_relationType="解说性" RelationType="因果性-;目的性-;条件性-;虚拟性-;反转性-;顺序性-;解说性+;例证性-;评价性-;并列性-;递进性-;选择性-" ConnectivePosition="" ConnectiveAttribute="不可添加" RoleLocation="normal" LanguageSense="true"/>
  </pragraph>
  <pragraph ID="10" content="1、上海是中国最大的现代化工业城市，2、工业门类齐全，3、基础设施发达，4、城市功能完善。5、这里还是中国内地的金融中心、商业中心和航运中心。">
    <relative ID="1" Relation_Pair="1--2" Center="1" times="21" Sentence="上海是中国最大的现代化工业城市，|工业门类齐全，" position="0...15--16...22" ConnectiveType="隐式关系" Connective="" Major_relationType="解说性" RelationType="因果性-;目的性-;条件性-;虚拟性-;反转性-;顺序性-;解说性+;例证性-;评价性-;并列性-;递进性-;选择性-" ConnectivePosition="" ConnectiveAttribute="不可添加" RoleLocation="normal" LanguageSense="true"/>
    <relative ID="2" Relation_Pair="1--3" Center="1" times="8" Sentence="上海是中国最大的现代化工业城市，|基础设施发达，" position="0...15--23...29" ConnectiveType="隐式关系" Connective="" Major_relationType="解说性" RelationType="因果性-;目的性-;条件性-;虚拟性-;反转性-;顺序性-;解说性+;例证性-;评价性-;并列性-;递进性-;选择性-" ConnectivePosition="" ConnectiveAttribute="不可添加" RoleLocation="normal" LanguageSense="true"/>
    <relative ID="3" Relation_Pair="1--4" Center="1" times="11" Sentence="上海是中国最大的现代化工业城市，|城市功能完善。" position="0...15--30...36" ConnectiveType="隐式关系" Connective="" Major_relationType="解说性" RelationType="因果性-;目的性-;条件性-;虚拟性-;反转性-;顺序性-;解说性+;例证性-;评价性-;并列性-;递进性-;选择性-" ConnectivePosition="" ConnectiveAttribute="不可添加" RoleLocation="normal" LanguageSense="true"/>
    <relative ID="4" Relation_Pair="1--5" Center="3" times="24" Sentence="上海是中国最大的现代化工业城市，|这里还是中国内地的金融中心、商业中心和航运中心。" position="0...15--37...60" ConnectiveType="显式关系" Connective="还是" Major_relationType="并列性" RelationType="因果性-;目的性-;条件性-;虚拟性-;反转性-;顺序性-;解说性-;例证性-;评价性-;并列性+;递进性-;选择性-" ConnectivePosition="43…45" ConnectiveAttribute="不可删除" RoleLocation="normal" LanguageSense="true"/>
  </pragraph>
  <pragraph ID="11" content="1、中央政府实施的浦东开发和以上海为龙头的长江流域开发战略，2、更使这个城市如虎添翼。">
    <relative ID="1" Relation_Pair="1--2" Center="1" times="80" Sentence="中央政府实施的浦东开发和以上海为龙头的长江流域开发战略，|更使这个城市如虎添翼。" position="0...27--28...38" ConnectiveType="隐式关系" Connective="" Major_relationType="因果性" RelationType="因果性+;目的性-;条件性-;虚拟性-;反转性-;顺序性-;解说性-;例证性-;评价性-;并列性-;递进性-;选择性-" ConnectivePosition="" ConnectiveAttribute="不可添加" RoleLocation="normal" LanguageSense="true"/>
  </pragraph>
  <pragraph ID="12" content="1、良好的投资环境使外商在沪投资的成功率达到百分之八十。2、而投资回报率始终高居全国之首，3、则是吸引外商不断追加投资的另一个重要原因。">
    <relative ID="1" Relation_Pair="1--2" Center="3" times="92" Sentence="良好的投资环境使外商在沪投资的成功率达到百分之八十。|而投资回报率始终高居全国之首，" position="0...25--26...40" ConnectiveType="隐式关系" Connective="" Major_relationType="并列性" RelationType="因果性-;目的性-;条件性-;虚拟性-;反转性-;顺序性-;解说性-;例证性-;评价性-;并列性+;递进性-;选择性-" ConnectivePosition="" ConnectiveAttribute="不可添加" RoleLocation="normal" LanguageSense="true"/>
    <relative ID="2" Relation_Pair="2--3" Center="1" times="34" Sentence="而投资回报率始终高居全国之首，|则是吸引外商不断追加投资的另一个重要原因。" position="26...40--41...61" ConnectiveType="隐式关系" Connective="" Major_relationType="因果性" RelationType="因果性+;目的性-;条件性-;虚拟性-;反转性-;顺序性-;解说性+;例证性-;评价性-;并列性-;递进性-;选择性-" ConnectivePosition="" ConnectiveAttribute="不可添加" RoleLocation="normal" LanguageSense="true"/>
  </pragraph>
  <pragraph ID="13" content="1、去年投资回报率高达百分之三十二的上海闵行开发区，今年一至三季度，已有十多家外商投资企业增资。2、在浦东新区，三菱、住友、松下电工、夏普等十余家跨国公司已追加投资五亿美元，3、超过这些公司原有投资额的一倍以上。">
    <relative ID="1" Relation_Pair="1--2" Center="3" times="17" Sentence="去年投资回报率高达百分之三十二的上海闵行开发区，今年一至三季度，已有十多家外商投资企业增资。|在浦东新区，三菱、住友、松下电工、夏普等十余家跨国公司已追加投资五亿美元，" position="0...45--46...82" ConnectiveType="隐式关系" Connective="" Major_relationType="并列性" RelationType="因果性-;目的性-;条件性-;虚拟性-;反转性-;顺序性-;解说性-;例证性-;评价性-;并列性+;递进性-;选择性-" ConnectivePosition="" ConnectiveAttribute="不可添加" RoleLocation="normal" LanguageSense="true"/>
    <relative ID="2" Relation_Pair="2--3" Center="1" times="31" Sentence="在浦东新区，三菱、住友、松下电工、夏普等十余家跨国公司已追加投资五亿美元，|超过这些公司原有投资额的一倍以上。" position="46...82--83...99" ConnectiveType="隐式关系" Connective="" Major_relationType="解说性" RelationType="因果性-;目的性-;条件性-;虚拟性-;反转性-;顺序性-;解说性+;例证性-;评价性-;并列性-;递进性-;选择性-" ConnectivePosition="" ConnectiveAttribute="不可添加" RoleLocation="normal" LanguageSense="true"/>
  </pragraph>
  <pragraph ID="14" content="1、法国罗纳普朗克集团最近在上海追加投资二千四百万美元，2、新建一座占地二十公顷的科技园区，3、并在此组建亚太地区的技术中心。4、集团副总裁浦乐先生称：“罗纳普郎克将不断拓展在中国的业务，这次仅仅是个开始。”">
    <relative ID="1" Relation_Pair="1--2" Center="2" times="29" Sentence="法国罗纳普朗克集团最近在上海追加投资二千四百万美元，|新建一座占地二十公顷的科技园区，" position="0...25--26...41" ConnectiveType="隐式关系" Connective="" Major_relationType="目的性" RelationType="因果性-;目的性+;条件性-;虚拟性-;反转性-;顺序性-;解说性-;例证性-;评价性-;并列性-;递进性-;选择性-" ConnectivePosition="" ConnectiveAttribute="不可添加" RoleLocation="normal" LanguageSense="true"/>
    <relative ID="2" Relation_Pair="2--3" Center="3" times="12" Sentence="新建一座占地二十公顷的科技园区，|并在此组建亚太地区的技术中心。" position="26...41--42...56" ConnectiveType="隐式关系" Connective="" Major_relationType="并列性" RelationType="因果性-;目的性-;条件性-;虚拟性-;反转性-;顺序性-;解说性-;例证性-;评价性-;并列性+;递进性-;选择性-" ConnectivePosition="" ConnectiveAttribute="不可添加" RoleLocation="normal" LanguageSense="true"/>
    <relative ID="3" Relation_Pair="1--4" Center="1" times="27" Sentence="法国罗纳普朗克集团最近在上海追加投资二千四百万美元，|集团副总裁浦乐先生称：“罗纳普郎克将不断拓展在中国的业务，这次仅仅是个开始。”" position="0...25--57...95" ConnectiveType="隐式关系" Connective="" Major_relationType="例证性" RelationType="因果性-;目的性-;条件性-;虚拟性-;反转性-;顺序性-;解说性-;例证性+;评价性-;并列性-;递进性-;选择性-" ConnectivePosition="" ConnectiveAttribute="不可添加" RoleLocation="normal" LanguageSense="true"/>
  </pragraph>
</doc>
