<?xml version="1.0" encoding="UTF-8"?>

<doc>
  <pragraph ID="2" content="1、据上海浦东海关统计，今年一至十一月，浦东新区（包括外高桥保税区）进出口货物总额达八十五点七九亿美元，2、比去年同期增长近四分之一。3、预计全年外贸进出口总额将超过九十亿美元。">
    <relative ID="1" Relation_Pair="1--2" Center="1" times="10" Sentence="据上海浦东海关统计，今年一至十一月，浦东新区（包括外高桥保税区）进出口货物总额达八十五点七九亿美元，|比去年同期增长近四分之一。" position="0...49--50...62" ConnectiveType="隐式关系" Connective="" Major_relationType="评价性" RelationType="因果性-;目的性-;条件性-;虚拟性-;反转性-;顺序性-;解说性-;例证性-;评价性+;并列性+;递进性-;选择性-" ConnectivePosition="" ConnectiveAttribute="不可添加" RoleLocation="normal" LanguageSense="true"/>
    <relative ID="2" Relation_Pair="1--3" Center="3" times="24" Sentence="据上海浦东海关统计，今年一至十一月，浦东新区（包括外高桥保税区）进出口货物总额达八十五点七九亿美元，|预计全年外贸进出口总额将超过九十亿美元。" position="0...49--63...82" ConnectiveType="隐式关系" Connective="" Major_relationType="并列性" RelationType="因果性-;目的性-;条件性-;虚拟性+;反转性-;顺序性-;解说性-;例证性-;评价性-;并列性+;递进性-;选择性-" ConnectivePosition="" ConnectiveAttribute="不可添加" RoleLocation="normal" LanguageSense="true"/>
  </pragraph>
  <pragraph ID="3" content="1、今年浦东新区外贸呈现进口与出口比例均衡、增长强劲的特点。2、其中，加工贸易发展较快，3、全区已有二百多家国有企业走进加工贸易行列，4、在企业总数和备案合同金额方面都与外资企业平分秋色，5、而且生产经营方式逐渐由简单的来料加工向高科技、高附加值商品的精深加工转变。">
    <relative ID="1" Relation_Pair="1--2" Center="1" times="20" Sentence="今年浦东新区外贸呈现进口与出口比例均衡、增长强劲的特点。|其中，加工贸易发展较快，" position="0...27--28...39" ConnectiveType="显式关系" Connective="其中" Major_relationType="解说性" RelationType="因果性-;目的性-;条件性-;虚拟性-;反转性-;顺序性-;解说性+;例证性-;评价性-;并列性-;递进性-;选择性-" ConnectivePosition="29…31" ConnectiveAttribute="不可删除" RoleLocation="normal" LanguageSense="true"/>
    <relative ID="2" Relation_Pair="2--3" Center="1" times="33" Sentence="其中，加工贸易发展较快，|全区已有二百多家国有企业走进加工贸易行列，" position="28...39--40...60" ConnectiveType="隐式关系" Connective="" Major_relationType="解说性" RelationType="因果性-;目的性-;条件性-;虚拟性-;反转性-;顺序性-;解说性+;例证性-;评价性-;并列性-;递进性-;选择性-" ConnectivePosition="" ConnectiveAttribute="不可添加" RoleLocation="normal" LanguageSense="true"/>
    <relative ID="3" Relation_Pair="2--4" Center="1" times="59" Sentence="其中，加工贸易发展较快，|在企业总数和备案合同金额方面都与外资企业平分秋色，" position="28...39--61...85" ConnectiveType="隐式关系" Connective="" Major_relationType="评价性" RelationType="因果性+;目的性-;条件性-;虚拟性-;反转性-;顺序性-;解说性-;例证性-;评价性+;并列性-;递进性-;选择性-" ConnectivePosition="" ConnectiveAttribute="不可添加" RoleLocation="normal" LanguageSense="true"/>
    <relative ID="4" Relation_Pair="2--5" Center="1" times="37" Sentence="其中，加工贸易发展较快，|而且生产经营方式逐渐由简单的来料加工向高科技、高附加值商品的精深加工转变。" position="28...39--86...122" ConnectiveType="隐式关系" Connective="" Major_relationType="解说性" RelationType="因果性-;目的性-;条件性-;虚拟性-;反转性-;顺序性-;解说性+;例证性-;评价性-;并列性-;递进性-;选择性-" ConnectivePosition="" ConnectiveAttribute="不可添加" RoleLocation="normal" LanguageSense="true"/>
  </pragraph>
  <pragraph ID="4" content="1、据介绍，由于外资企业增加了作为投资的设备进口，2、加之中国在浦东率先对外资开放外贸领域，3、成立了三家中外合资贸易公司，4、今年浦东外资企业进出口额比去年同期增长百分之三十七点四，5、达三十八点六亿美元，6、占浦东进出口总额的百分之四十五。">
    <relative ID="1" Relation_Pair="1--2" Center="3" times="9" Sentence="据介绍，由于外资企业增加了作为投资的设备进口，|加之中国在浦东率先对外资开放外贸领域，" position="0...22--23...41" ConnectiveType="隐式关系" Connective="" Major_relationType="并列性" RelationType="因果性-;目的性-;条件性-;虚拟性-;反转性-;顺序性-;解说性-;例证性-;评价性-;并列性+;递进性-;选择性-" ConnectivePosition="" ConnectiveAttribute="不可添加" RoleLocation="normal" LanguageSense="true"/>
    <relative ID="2" Relation_Pair="2--3" Center="1" times="34" Sentence="加之中国在浦东率先对外资开放外贸领域，|成立了三家中外合资贸易公司，" position="23...41--42...55" ConnectiveType="隐式关系" Connective="" Major_relationType="因果性" RelationType="因果性+;目的性-;条件性-;虚拟性-;反转性-;顺序性+;解说性-;例证性-;评价性-;并列性-;递进性-;选择性-" ConnectivePosition="" ConnectiveAttribute="不可添加" RoleLocation="normal" LanguageSense="true"/>
    <relative ID="3" Relation_Pair="4--5" Center="2" times="49" Sentence="今年浦东外资企业进出口额比去年同期增长百分之三十七点四，|达三十八点六亿美元，" position="56...83--84...93" ConnectiveType="隐式关系" Connective="" Major_relationType="解说性" RelationType="因果性-;目的性-;条件性-;虚拟性-;反转性-;顺序性-;解说性+;例证性-;评价性-;并列性+;递进性-;选择性-" ConnectivePosition="" ConnectiveAttribute="不可添加" RoleLocation="normal" LanguageSense="true"/>
    <relative ID="4" Relation_Pair="5--6" Center="1" times="17" Sentence="达三十八点六亿美元，|占浦东进出口总额的百分之四十五。" position="84...93--94...109" ConnectiveType="隐式关系" Connective="" Major_relationType="解说性" RelationType="因果性-;目的性-;条件性-;虚拟性-;反转性-;顺序性-;解说性+;例证性-;评价性-;并列性-;递进性-;选择性-" ConnectivePosition="" ConnectiveAttribute="不可添加" RoleLocation="normal" LanguageSense="true"/>
    <relative ID="5" Relation_Pair="2--5" Center="1" times="23" Sentence="加之中国在浦东率先对外资开放外贸领域，|达三十八点六亿美元，" position="23...41--84...93" ConnectiveType="隐式关系" Connective="" Major_relationType="解说性" RelationType="因果性-;目的性-;条件性-;虚拟性-;反转性-;顺序性-;解说性+;例证性-;评价性-;并列性-;递进性-;选择性-" ConnectivePosition="" ConnectiveAttribute="不可添加" RoleLocation="normal" LanguageSense="true"/>
  </pragraph>
  <pragraph ID="5" content="1、就进出口商品种类来看，机电产品在浦东新区进口货物中独占鳌头，2、主要是计算机、集成电路和微电子组件；3、出口则以机电、服装、编织品类产品为主。4、日本仍为最大贸易伙伴，美国、香港位居二、三位。">
    <relative ID="1" Relation_Pair="1--2" Center="1" times="9" Sentence="就进出口商品种类来看，机电产品在浦东新区进口货物中独占鳌头，|主要是计算机、集成电路和微电子组件；" position="0...29--30...47" ConnectiveType="隐式关系" Connective="" Major_relationType="解说性" RelationType="因果性-;目的性-;条件性-;虚拟性-;反转性-;顺序性-;解说性+;例证性-;评价性-;并列性-;递进性-;选择性-" ConnectivePosition="" ConnectiveAttribute="不可添加" RoleLocation="normal" LanguageSense="true"/>
    <relative ID="2" Relation_Pair="1--3" Center="3" times="9" Sentence="就进出口商品种类来看，机电产品在浦东新区进口货物中独占鳌头，|出口则以机电、服装、编织品类产品为主。" position="0...29--48...66" ConnectiveType="隐式关系" Connective="" Major_relationType="并列性" RelationType="因果性-;目的性-;条件性-;虚拟性-;反转性-;顺序性-;解说性-;例证性-;评价性-;并列性+;递进性-;选择性-" ConnectivePosition="" ConnectiveAttribute="不可添加" RoleLocation="normal" LanguageSense="true"/>
    <relative ID="3" Relation_Pair="3--4" Center="3" times="16" Sentence="出口则以机电、服装、编织品类产品为主。|日本仍为最大贸易伙伴，美国、香港位居二、三位。" position="48...66--67...89" ConnectiveType="隐式关系" Connective="" Major_relationType="并列性" RelationType="因果性-;目的性-;条件性-;虚拟性-;反转性-;顺序性-;解说性-;例证性-;评价性-;并列性+;递进性-;选择性-" ConnectivePosition="" ConnectiveAttribute="不可添加" RoleLocation="normal" LanguageSense="true"/>
  </pragraph>
</doc>
