<?xml version="1.0" encoding="UTF-8"?>

<doc>
  <pragraph ID="2" content="1、制约吸引外资的城市基础设施建设，如今却被外商看好，2、成为继资源开发之后青海集中利用外资的新领域。">
    <relative ID="1" Relation_Pair="1--2" Center="1" times="25" Sentence="制约吸引外资的城市基础设施建设，如今却被外商看好，|成为继资源开发之后青海集中利用外资的新领域。" position="0...24--25...46" ConnectiveType="隐式关系" Connective="" Major_relationType="评价性" RelationType="因果性-;目的性-;条件性-;虚拟性-;反转性-;顺序性-;解说性-;例证性-;评价性+;并列性-;递进性-;选择性-" ConnectivePosition="" ConnectiveAttribute="不可添加" RoleLocation="normal" LanguageSense="true"/>
  </pragraph>
  <pragraph ID="3" content="1、西宁市城市基础设施建设长期投入不足，2、从新中国成立到一九九五年的四十六年间，全部投入仅四亿元左右，3、城市建设滞后制约了经济的发展。4、近两年一批外商先后表示了涉足西宁城建的愿望。5、青海省政府因势利导，6、提出基础设施商品化的城建思路，7、并于今年初批准了《西宁市鼓励引导外商投资的若干规定》。">
    <relative ID="1" Relation_Pair="1--2" Center="1" times="32" Sentence="西宁市城市基础设施建设长期投入不足，|从新中国成立到一九九五年的四十六年间，全部投入仅四亿元左右，" position="0...17--18...47" ConnectiveType="隐式关系" Connective="" Major_relationType="解说性" RelationType="因果性-;目的性-;条件性-;虚拟性-;反转性-;顺序性-;解说性+;例证性-;评价性-;并列性-;递进性-;选择性-" ConnectivePosition="" ConnectiveAttribute="不可添加" RoleLocation="normal" LanguageSense="true"/>
    <relative ID="2" Relation_Pair="4--5" Center="2" times="29" Sentence="近两年一批外商先后表示了涉足西宁城建的愿望。|青海省政府因势利导，" position="63...84--85...94" ConnectiveType="隐式关系" Connective="" Major_relationType="因果性" RelationType="因果性+;目的性-;条件性-;虚拟性+;反转性-;顺序性+;解说性-;例证性-;评价性-;并列性-;递进性-;选择性-" ConnectivePosition="" ConnectiveAttribute="不可添加" RoleLocation="normal" LanguageSense="true"/>
    <relative ID="3" Relation_Pair="5--6" Center="2" times="86" Sentence="青海省政府因势利导，|提出基础设施商品化的城建思路，" position="85...94--95...109" ConnectiveType="隐式关系" Connective="" Major_relationType="解说性" RelationType="因果性-;目的性-;条件性-;虚拟性-;反转性-;顺序性-;解说性+;例证性-;评价性-;并列性-;递进性-;选择性-" ConnectivePosition="" ConnectiveAttribute="不可添加" RoleLocation="normal" LanguageSense="true"/>
    <relative ID="4" Relation_Pair="6--7" Center="3" times="13" Sentence="提出基础设施商品化的城建思路，|并于今年初批准了《西宁市鼓励引导外商投资的若干规定》。" position="95...109--110...136" ConnectiveType="隐式关系" Connective="" Major_relationType="并列性" RelationType="因果性-;目的性-;条件性-;虚拟性-;反转性-;顺序性-;解说性-;例证性-;评价性-;并列性+;递进性-;选择性-" ConnectivePosition="" ConnectiveAttribute="不可添加" RoleLocation="normal" LanguageSense="true"/>
    <relative ID="5" Relation_Pair="3--6" Center="2" times="38" Sentence="城市建设滞后制约了经济的发展。|提出基础设施商品化的城建思路，" position="48...62--95...109" ConnectiveType="隐式关系" Connective="" Major_relationType="因果性" RelationType="因果性+;目的性-;条件性-;虚拟性+;反转性-;顺序性+;解说性-;例证性-;评价性-;并列性-;递进性-;选择性-" ConnectivePosition="" ConnectiveAttribute="不可添加" RoleLocation="normal" LanguageSense="true"/>
    <relative ID="6" Relation_Pair="1--3" Center="2" times="9" Sentence="西宁市城市基础设施建设长期投入不足，|城市建设滞后制约了经济的发展。" position="0...17--48...62" ConnectiveType="隐式关系" Connective="" Major_relationType="因果性" RelationType="因果性+;目的性-;条件性-;虚拟性-;反转性-;顺序性-;解说性-;例证性-;评价性-;并列性-;递进性-;选择性-" ConnectivePosition="" ConnectiveAttribute="不可添加" RoleLocation="normal" LanguageSense="true"/>
  </pragraph>
  <pragraph ID="4" content="1、西宁市东出口道路经营权实行有偿转让的决定出台后，立即有十多家外商前来洽谈，2、最后以五千万元的标价敲定。3、按现代城市功能要求设计的莫家街旧城改造工程，由港商投资五千万元独家承建。4、第六水源新建工程利用外资近两千万元，5、供水能力可达十五万吨日，6、将极大地缓解西宁市的供水紧张状况。7、城市北出口道路建设工程已与香港泰华公司达成建设协议，8、投资约需一点八亿元，9、南绕城快速路工程也有数家外商前来洽谈投资。">
    <relative ID="1" Relation_Pair="1--2" Center="1" times="140" Sentence="西宁市东出口道路经营权实行有偿转让的决定出台后，立即有十多家外商前来洽谈，|最后以五千万元的标价敲定。" position="0...36--37...49" ConnectiveType="隐式关系" Connective="" Major_relationType="因果性" RelationType="因果性+;目的性-;条件性-;虚拟性-;反转性-;顺序性+;解说性-;例证性-;评价性-;并列性-;递进性-;选择性-" ConnectivePosition="" ConnectiveAttribute="不可添加" RoleLocation="normal" LanguageSense="true"/>
    <relative ID="2" Relation_Pair="1--3" Center="3" times="8" Sentence="西宁市东出口道路经营权实行有偿转让的决定出台后，立即有十多家外商前来洽谈，|按现代城市功能要求设计的莫家街旧城改造工程，由港商投资五千万元独家承建。" position="0...36--50...85" ConnectiveType="隐式关系" Connective="" Major_relationType="并列性" RelationType="因果性-;目的性-;条件性-;虚拟性-;反转性-;顺序性-;解说性-;例证性-;评价性-;并列性+;递进性-;选择性-" ConnectivePosition="" ConnectiveAttribute="不可添加" RoleLocation="normal" LanguageSense="true"/>
    <relative ID="3" Relation_Pair="3--4" Center="3" times="15" Sentence="按现代城市功能要求设计的莫家街旧城改造工程，由港商投资五千万元独家承建。|第六水源新建工程利用外资近两千万元，" position="50...85--86...103" ConnectiveType="隐式关系" Connective="" Major_relationType="并列性" RelationType="因果性-;目的性-;条件性-;虚拟性-;反转性-;顺序性-;解说性-;例证性-;评价性-;并列性+;递进性-;选择性-" ConnectivePosition="" ConnectiveAttribute="不可添加" RoleLocation="normal" LanguageSense="true"/>
    <relative ID="4" Relation_Pair="4--7" Center="3" times="10" Sentence="第六水源新建工程利用外资近两千万元，|城市北出口道路建设工程已与香港泰华公司达成建设协议，" position="86...103--133...158" ConnectiveType="隐式关系" Connective="" Major_relationType="并列性" RelationType="因果性-;目的性-;条件性-;虚拟性-;反转性-;顺序性-;解说性-;例证性-;评价性-;并列性+;递进性-;选择性-" ConnectivePosition="" ConnectiveAttribute="不可添加" RoleLocation="normal" LanguageSense="true"/>
    <relative ID="5" Relation_Pair="7--9" Center="3" times="10" Sentence="城市北出口道路建设工程已与香港泰华公司达成建设协议，|南绕城快速路工程也有数家外商前来洽谈投资。" position="133...158--169...189" ConnectiveType="隐式关系" Connective="" Major_relationType="并列性" RelationType="因果性-;目的性-;条件性-;虚拟性-;反转性-;顺序性-;解说性-;例证性-;评价性-;并列性+;递进性-;选择性-" ConnectivePosition="" ConnectiveAttribute="不可添加" RoleLocation="normal" LanguageSense="true"/>
    <relative ID="6" Relation_Pair="4--5" Center="1" times="48" Sentence="第六水源新建工程利用外资近两千万元，|供水能力可达十五万吨日，" position="86...103--104...115" ConnectiveType="隐式关系" Connective="" Major_relationType="因果性" RelationType="因果性+;目的性-;条件性-;虚拟性-;反转性-;顺序性-;解说性-;例证性-;评价性-;并列性-;递进性-;选择性-" ConnectivePosition="" ConnectiveAttribute="不可添加" RoleLocation="normal" LanguageSense="true"/>
    <relative ID="7" Relation_Pair="5--6" Center="1" times="54" Sentence="供水能力可达十五万吨日，|将极大地缓解西宁市的供水紧张状况。" position="104...115--116...132" ConnectiveType="隐式关系" Connective="" Major_relationType="因果性" RelationType="因果性+;目的性-;条件性-;虚拟性-;反转性-;顺序性-;解说性+;例证性-;评价性-;并列性-;递进性-;选择性-" ConnectivePosition="" ConnectiveAttribute="不可添加" RoleLocation="normal" LanguageSense="true"/>
    <relative ID="8" Relation_Pair="7--8" Center="1" times="25" Sentence="城市北出口道路建设工程已与香港泰华公司达成建设协议，|投资约需一点八亿元，" position="133...158--159...168" ConnectiveType="隐式关系" Connective="" Major_relationType="解说性" RelationType="因果性-;目的性-;条件性-;虚拟性-;反转性-;顺序性-;解说性+;例证性-;评价性-;并列性+;递进性-;选择性-" ConnectivePosition="" ConnectiveAttribute="不可添加" RoleLocation="normal" LanguageSense="true"/>
  </pragraph>
</doc>
