<?xml version="1.0" encoding="UTF-8"?>

<doc>
  <pragraph ID="2" content="1、国际货币基金组织２１日在此间发表一份临时评估报告，2、再次调低了它对今明两年全球经济增长速度的预测。">
    <relative ID="1" Relation_Pair="1--2" Center="2" times="12" Sentence="国际货币基金组织２１日在此间发表一份临时评估报告，|再次调低了它对今明两年全球经济增长速度的预测。" position="0...24--25...47" ConnectiveType="隐式关系" Connective="" Major_relationType="解说性" RelationType="因果性-;目的性-;条件性-;虚拟性-;反转性-;顺序性-;解说性+;例证性-;评价性-;并列性-;递进性-;选择性-" ConnectivePosition="" ConnectiveAttribute="不可添加" RoleLocation="normal" LanguageSense="true"/>
  </pragraph>
  <pragraph ID="3" content="1、报告认为，亚洲金融危机给世界经济造成的影响比以前估计的要严重。2、预计世界经济今年的增长率为百分之四点一，3、明年降为百分之三点五，4、是５年来增长最缓慢的一年。5、这比１０月份该组织公布的预测分别低了零点一和零点八个百分点。">
    <relative ID="1" Relation_Pair="3--4" Center="1" times="22" Sentence="明年降为百分之三点五，|是５年来增长最缓慢的一年。" position="51...61--62...74" ConnectiveType="隐式关系" Connective="" Major_relationType="评价性" RelationType="因果性-;目的性-;条件性-;虚拟性-;反转性-;顺序性-;解说性-;例证性-;评价性+;并列性-;递进性-;选择性-" ConnectivePosition="" ConnectiveAttribute="不可添加" RoleLocation="normal" LanguageSense="true"/>
    <relative ID="2" Relation_Pair="3--5" Center="2" times="45" Sentence="明年降为百分之三点五，|这比１０月份该组织公布的预测分别低了零点一和零点八个百分点。" position="51...61--75...104" ConnectiveType="隐式关系" Connective="" Major_relationType="解说性" RelationType="因果性-;目的性-;条件性-;虚拟性-;反转性-;顺序性-;解说性+;例证性-;评价性-;并列性-;递进性-;选择性-" ConnectivePosition="" ConnectiveAttribute="不可添加" RoleLocation="normal" LanguageSense="true"/>
    <relative ID="3" Relation_Pair="2--5" Center="2" times="19" Sentence="预计世界经济今年的增长率为百分之四点一，|这比１０月份该组织公布的预测分别低了零点一和零点八个百分点。" position="31...50--75...104" ConnectiveType="隐式关系" Connective="" Major_relationType="解说性" RelationType="因果性-;目的性-;条件性-;虚拟性-;反转性-;顺序性-;解说性+;例证性-;评价性-;并列性-;递进性-;选择性-" ConnectivePosition="" ConnectiveAttribute="不可添加" RoleLocation="normal" LanguageSense="true"/>
    <relative ID="4" Relation_Pair="1--2" Center="2" times="30" Sentence="报告认为，亚洲金融危机给世界经济造成的影响比以前估计的要严重。|预计世界经济今年的增长率为百分之四点一，" position="0...30--31...50" ConnectiveType="隐式关系" Connective="" Major_relationType="解说性" RelationType="因果性-;目的性-;条件性-;虚拟性-;反转性-;顺序性-;解说性+;例证性-;评价性-;并列性-;递进性-;选择性-" ConnectivePosition="" ConnectiveAttribute="不可添加" RoleLocation="normal" LanguageSense="true"/>
  </pragraph>
  <pragraph ID="4" content="1、基金组织还调低了对多数地区和国家明年经济增长的预测。2、根据它的最新估计，今年工业化国家的经济增长率为百分之三点九，3、明年为百分之三点六。4、其中美国明年的经济增长率将从今年的百分之三点八下降到百分之二点四，5、日本明年的经济增长率只有百分之一点一。">
    <relative ID="1" Relation_Pair="2--3" Center="3" times="25" Sentence="根据它的最新估计，今年工业化国家的经济增长率为百分之三点九，|明年为百分之三点六。" position="26...55--56...65" ConnectiveType="隐式关系" Connective="" Major_relationType="并列性" RelationType="因果性-;目的性-;条件性-;虚拟性+;反转性-;顺序性+;解说性-;例证性-;评价性-;并列性+;递进性-;选择性-" ConnectivePosition="" ConnectiveAttribute="不可添加" RoleLocation="normal" LanguageSense="true"/>
    <relative ID="2" Relation_Pair="3--4" Center="1" times="37" Sentence="明年为百分之三点六。|其中美国明年的经济增长率将从今年的百分之三点八下降到百分之二点四，" position="56...65--66...98" ConnectiveType="显式关系" Connective="其中" Major_relationType="解说性" RelationType="因果性-;目的性-;条件性-;虚拟性-;反转性-;顺序性-;解说性+;例证性-;评价性-;并列性-;递进性-;选择性-" ConnectivePosition="69…71" ConnectiveAttribute="不可删除" RoleLocation="normal" LanguageSense="true"/>
    <relative ID="3" Relation_Pair="3--5" Center="1" times="13" Sentence="明年为百分之三点六。|日本明年的经济增长率只有百分之一点一。" position="56...65--99...117" ConnectiveType="显式关系" Connective="其中" Major_relationType="解说性" RelationType="因果性-;目的性-;条件性-;虚拟性-;反转性-;顺序性-;解说性+;例证性-;评价性-;并列性-;递进性-;选择性-" ConnectivePosition="69…71" ConnectiveAttribute="不可删除" RoleLocation="normal" LanguageSense="true"/>
    <relative ID="4" Relation_Pair="1--3" Center="2" times="9" Sentence="基金组织还调低了对多数地区和国家明年经济增长的预测。|明年为百分之三点六。" position="0...25--56...65" ConnectiveType="隐式关系" Connective="" Major_relationType="解说性" RelationType="因果性-;目的性-;条件性-;虚拟性-;反转性-;顺序性-;解说性+;例证性-;评价性-;并列性-;递进性-;选择性-" ConnectivePosition="" ConnectiveAttribute="不可添加" RoleLocation="normal" LanguageSense="true"/>
  </pragraph>
  <pragraph ID="5" content="1、预计今年发展中国家经济增长百分之五点九，2、而明年仅增长百分之四点九，3、比１０月份的预计低了一点三个百分点。4、其中亚洲地区今明两年的增长率预计分别为百分之六点八和百分之五点七，5、比先前的预测下调了零点九和一点七个百分点。6、韩国、泰国、印度尼西亚、马来西亚和菲律宾等国的经济增长都将明显放慢。">
    <relative ID="1" Relation_Pair="1--2" Center="3" times="10" Sentence="预计今年发展中国家经济增长百分之五点九，|而明年仅增长百分之四点九，" position="0...19--20...32" ConnectiveType="隐式关系" Connective="" Major_relationType="并列性" RelationType="因果性-;目的性-;条件性-;虚拟性-;反转性-;顺序性-;解说性-;例证性-;评价性-;并列性+;递进性-;选择性-" ConnectivePosition="" ConnectiveAttribute="不可添加" RoleLocation="normal" LanguageSense="true"/>
    <relative ID="2" Relation_Pair="2--3" Center="1" times="68" Sentence="而明年仅增长百分之四点九，|比１０月份的预计低了一点三个百分点。" position="20...32--33...50" ConnectiveType="隐式关系" Connective="" Major_relationType="例证性" RelationType="因果性-;目的性-;条件性-;虚拟性-;反转性-;顺序性-;解说性-;例证性+;评价性-;并列性-;递进性-;选择性-" ConnectivePosition="" ConnectiveAttribute="不可添加" RoleLocation="normal" LanguageSense="true"/>
    <relative ID="3" Relation_Pair="4--5" Center="1" times="19" Sentence="其中亚洲地区今明两年的增长率预计分别为百分之六点八和百分之五点七，|比先前的预测下调了零点九和一点七个百分点。" position="51...83--84...104" ConnectiveType="隐式关系" Connective="" Major_relationType="解说性" RelationType="因果性-;目的性-;条件性-;虚拟性-;反转性-;顺序性-;解说性+;例证性-;评价性-;并列性-;递进性-;选择性-" ConnectivePosition="" ConnectiveAttribute="不可添加" RoleLocation="normal" LanguageSense="true"/>
    <relative ID="4" Relation_Pair="2--4" Center="1" times="19" Sentence="而明年仅增长百分之四点九，|其中亚洲地区今明两年的增长率预计分别为百分之六点八和百分之五点七，" position="20...32--51...83" ConnectiveType="显式关系" Connective="其中" Major_relationType="解说性" RelationType="因果性-;目的性-;条件性-;虚拟性-;反转性-;顺序性-;解说性+;例证性-;评价性-;并列性-;递进性-;选择性-" ConnectivePosition="54…56" ConnectiveAttribute="不可删除" RoleLocation="normal" LanguageSense="true"/>
    <relative ID="5" Relation_Pair="4--6" Center="1" times="60" Sentence="其中亚洲地区今明两年的增长率预计分别为百分之六点八和百分之五点七，|韩国、泰国、印度尼西亚、马来西亚和菲律宾等国的经济增长都将明显放慢。" position="51...83--105...138" ConnectiveType="隐式关系" Connective="" Major_relationType="解说性" RelationType="因果性-;目的性-;条件性-;虚拟性-;反转性-;顺序性-;解说性+;例证性-;评价性-;并列性-;递进性-;选择性-" ConnectivePosition="" ConnectiveAttribute="不可添加" RoleLocation="normal" LanguageSense="true"/>
  </pragraph>
  <pragraph ID="6" content="1、基金组织还对世界商品和劳务贸易趋势作了新的预测。2、预计今年全球贸易增长幅度为百分之八点六，3、明年降为百分之六点二。4、其中工业国今明两年的贸易增长幅度为百分之九点三和百分之六点一，5、发展中国家的增长幅度为百分之九点六和百分之七点七。">
    <relative ID="1" Relation_Pair="2--3" Center="3" times="11" Sentence="预计今年全球贸易增长幅度为百分之八点六，|明年降为百分之六点二。" position="24...43--44...54" ConnectiveType="隐式关系" Connective="" Major_relationType="并列性" RelationType="因果性-;目的性-;条件性-;虚拟性+;反转性-;顺序性-;解说性-;例证性-;评价性-;并列性+;递进性-;选择性-" ConnectivePosition="" ConnectiveAttribute="不可添加" RoleLocation="normal" LanguageSense="true"/>
    <relative ID="2" Relation_Pair="2--4" Center="1" times="22" Sentence="预计今年全球贸易增长幅度为百分之八点六，|其中工业国今明两年的贸易增长幅度为百分之九点三和百分之六点一，" position="24...43--55...85" ConnectiveType="显式关系" Connective="其中" Major_relationType="解说性" RelationType="因果性-;目的性-;条件性-;虚拟性-;反转性-;顺序性-;解说性+;例证性-;评价性-;并列性-;递进性-;选择性-" ConnectivePosition="58…60" ConnectiveAttribute="不可删除" RoleLocation="normal" LanguageSense="true"/>
    <relative ID="3" Relation_Pair="2--5" Center="1" times="20" Sentence="预计今年全球贸易增长幅度为百分之八点六，|发展中国家的增长幅度为百分之九点六和百分之七点七。" position="24...43--86...110" ConnectiveType="显式关系" Connective="其中" Major_relationType="解说性" RelationType="因果性-;目的性-;条件性-;虚拟性-;反转性-;顺序性-;解说性+;例证性-;评价性-;并列性-;递进性-;选择性-" ConnectivePosition="58…60" ConnectiveAttribute="不可删除" RoleLocation="normal" LanguageSense="true"/>
    <relative ID="4" Relation_Pair="1--2" Center="2" times="12" Sentence="基金组织还对世界商品和劳务贸易趋势作了新的预测。|预计今年全球贸易增长幅度为百分之八点六，" position="0...23--24...43" ConnectiveType="隐式关系" Connective="" Major_relationType="解说性" RelationType="因果性-;目的性-;条件性-;虚拟性-;反转性-;顺序性-;解说性+;例证性-;评价性-;并列性-;递进性-;选择性-" ConnectivePosition="" ConnectiveAttribute="不可添加" RoleLocation="normal" LanguageSense="true"/>
  </pragraph>
  <pragraph ID="7" content="1、报告认为，如果经济和金融政策得力，2、亚洲地区经济可望在１９９９年开始回升，3、但不会象墨西哥和阿根廷在１９９４－１９９５年金融危机后那样出现高速Ｖ形大回升。4、如果改革措施不得力，5、信心危机依然存在，6、那么投资者就有可能把注意力转向其他新兴市场。">
    <relative ID="1" Relation_Pair="1--4" Center="3" times="33" Sentence="报告认为，如果经济和金融政策得力，|如果改革措施不得力，" position="0...16--75...84" ConnectiveType="隐式关系" Connective="" Major_relationType="并列性" RelationType="因果性-;目的性-;条件性-;虚拟性-;反转性+;顺序性-;解说性-;例证性-;评价性-;并列性+;递进性-;选择性-" ConnectivePosition="" ConnectiveAttribute="不可添加" RoleLocation="normal" LanguageSense="true"/>
    <relative ID="2" Relation_Pair="1--2" Center="1" times="14" Sentence="报告认为，如果经济和金融政策得力，|亚洲地区经济可望在１９９９年开始回升，" position="0...16--17...35" ConnectiveType="隐式关系" Connective="" Major_relationType="因果性" RelationType="因果性+;目的性-;条件性-;虚拟性+;反转性-;顺序性-;解说性-;例证性-;评价性-;并列性-;递进性-;选择性-" ConnectivePosition="" ConnectiveAttribute="不可添加" RoleLocation="normal" LanguageSense="true"/>
    <relative ID="3" Relation_Pair="2--3" Center="1" times="18" Sentence="亚洲地区经济可望在１９９９年开始回升，|但不会象墨西哥和阿根廷在１９９４－１９９５年金融危机后那样出现高速Ｖ形大回升。" position="17...35--36...74" ConnectiveType="显式关系" Connective="但" Major_relationType="反转性" RelationType="因果性-;目的性-;条件性-;虚拟性-;反转性+;顺序性-;解说性+;例证性-;评价性-;并列性-;递进性-;选择性-" ConnectivePosition="38…39" ConnectiveAttribute="不可删除" RoleLocation="normal" LanguageSense="true"/>
    <relative ID="4" Relation_Pair="4--5" Center="1" times="16" Sentence="如果改革措施不得力，|信心危机依然存在，" position="75...84--85...93" ConnectiveType="隐式关系" Connective="" Major_relationType="因果性" RelationType="因果性+;目的性-;条件性-;虚拟性+;反转性-;顺序性-;解说性-;例证性-;评价性-;并列性-;递进性-;选择性-" ConnectivePosition="" ConnectiveAttribute="不可添加" RoleLocation="normal" LanguageSense="true"/>
    <relative ID="5" Relation_Pair="4--6" Center="1" times="26" Sentence="如果改革措施不得力，|那么投资者就有可能把注意力转向其他新兴市场。" position="75...84--94...115" ConnectiveType="隐式关系" Connective="" Major_relationType="因果性" RelationType="因果性+;目的性-;条件性-;虚拟性+;反转性-;顺序性-;解说性-;例证性-;评价性-;并列性-;递进性-;选择性-" ConnectivePosition="" ConnectiveAttribute="不可添加" RoleLocation="normal" LanguageSense="true"/>
  </pragraph>
</doc>
