<?xml version="1.0" encoding="UTF-8"?>

<doc>
  <pragraph ID="2" content="1、中国政府投资近五十亿元在甘肃金川建成的金川有色金属公司，2、目前已形成年产四万吨镍的生产能力，3、每人每班平均采矿数达到国际先进水平。">
    <relative ID="1" Relation_Pair="1--2" Center="2" times="39" Sentence="中国政府投资近五十亿元在甘肃金川建成的金川有色金属公司，|目前已形成年产四万吨镍的生产能力，" position="0...27--28...44" ConnectiveType="隐式关系" Connective="" Major_relationType="因果性" RelationType="因果性+;目的性-;条件性-;虚拟性-;反转性-;顺序性-;解说性-;例证性-;评价性-;并列性-;递进性-;选择性-" ConnectivePosition="" ConnectiveAttribute="不可添加" RoleLocation="normal" LanguageSense="true"/>
    <relative ID="2" Relation_Pair="2--3" Center="2" times="18" Sentence="目前已形成年产四万吨镍的生产能力，|每人每班平均采矿数达到国际先进水平。" position="28...44--45...62" ConnectiveType="隐式关系" Connective="" Major_relationType="解说性" RelationType="因果性-;目的性-;条件性-;虚拟性-;反转性-;顺序性-;解说性+;例证性-;评价性-;并列性-;递进性-;选择性-" ConnectivePosition="" ConnectiveAttribute="不可添加" RoleLocation="normal" LanguageSense="true"/>
  </pragraph>
  <pragraph ID="3" content="1、作为亚洲最大的镍生产基地，2、这里耸立着亚洲最大、世界第五座镍闪速熔炼炉，是中国镍工业技术跨入世界先进行列的一个标志。">
    <relative ID="1" Relation_Pair="1--2" Center="2" times="55" Sentence="作为亚洲最大的镍生产基地，|这里耸立着亚洲最大、世界第五座镍闪速熔炼炉，是中国镍工业技术跨入世界先进行列的一个标志。" position="0...12--13...56" ConnectiveType="隐式关系" Connective="" Major_relationType="评价性" RelationType="因果性-;目的性-;条件性-;虚拟性-;反转性-;顺序性-;解说性-;例证性-;评价性+;并列性-;递进性-;选择性-" ConnectivePosition="" ConnectiveAttribute="不可添加" RoleLocation="normal" LanguageSense="true"/>
  </pragraph>
  <pragraph ID="4" content="1、镍被称作“现代工业的维生素”，2、其合金有三千多种，3、是发展航天、航空、军事和现代科技的特需材料。">
    <relative ID="1" Relation_Pair="1--2" Center="1" times="26" Sentence="镍被称作“现代工业的维生素”，|其合金有三千多种，" position="0...14--15...23" ConnectiveType="隐式关系" Connective="" Major_relationType="解说性" RelationType="因果性-;目的性-;条件性-;虚拟性-;反转性-;顺序性-;解说性+;例证性-;评价性-;并列性-;递进性-;选择性-" ConnectivePosition="" ConnectiveAttribute="不可添加" RoleLocation="normal" LanguageSense="true"/>
    <relative ID="2" Relation_Pair="1--3" Center="1" times="20" Sentence="镍被称作“现代工业的维生素”，|是发展航天、航空、军事和现代科技的特需材料。" position="0...14--24...45" ConnectiveType="隐式关系" Connective="" Major_relationType="评价性" RelationType="因果性-;目的性-;条件性-;虚拟性-;反转性-;顺序性-;解说性-;例证性-;评价性+;并列性-;递进性-;选择性-" ConnectivePosition="" ConnectiveAttribute="不可添加" RoleLocation="normal" LanguageSense="true"/>
  </pragraph>
  <pragraph ID="5" content="1、一九五八年，中国地矿工作者在甘肃金川发现了储量为五百五十三万吨的世界第二大镍矿，2、镍储量占中国国内已探明储量的百分之七十。">
    <relative ID="1" Relation_Pair="1--2" Center="1" times="12" Sentence="一九五八年，中国地矿工作者在甘肃金川发现了储量为五百五十三万吨的世界第二大镍矿，|镍储量占中国国内已探明储量的百分之七十。" position="0...39--40...59" ConnectiveType="隐式关系" Connective="" Major_relationType="解说性" RelationType="因果性-;目的性-;条件性-;虚拟性-;反转性-;顺序性-;解说性+;例证性-;评价性-;并列性-;递进性-;选择性-" ConnectivePosition="" ConnectiveAttribute="不可添加" RoleLocation="normal" LanguageSense="true"/>
  </pragraph>
  <pragraph ID="6" content="1、一九六四年，金川公司产出第一批电解镍。2、从此以后，逐步改变了中国镍、钴及铂族金属长期依赖进口的局面。3、如今，这里已成为中国最大的镍钴生产基地和铂族金属提炼中心，4、镍和铂族金属产量分别占全国的百分之八十八和百分之九十以上，5、被誉为中国的“镍都”。">
    <relative ID="1" Relation_Pair="1--2" Center="1" times="43" Sentence="一九六四年，金川公司产出第一批电解镍。|从此以后，逐步改变了中国镍、钴及铂族金属长期依赖进口的局面。" position="0...18--19...48" ConnectiveType="隐式关系" Connective="" Major_relationType="因果性" RelationType="因果性+;目的性-;条件性-;虚拟性-;反转性-;顺序性+;解说性-;例证性-;评价性+;并列性-;递进性-;选择性-" ConnectivePosition="" ConnectiveAttribute="不可添加" RoleLocation="normal" LanguageSense="true"/>
    <relative ID="2" Relation_Pair="3--4" Center="2" times="48" Sentence="如今，这里已成为中国最大的镍钴生产基地和铂族金属提炼中心，|镍和铂族金属产量分别占全国的百分之八十八和百分之九十以上，" position="49...77--78...106" ConnectiveType="隐式关系" Connective="" Major_relationType="解说性" RelationType="因果性-;目的性-;条件性-;虚拟性-;反转性-;顺序性-;解说性+;例证性-;评价性-;并列性-;递进性-;选择性-" ConnectivePosition="" ConnectiveAttribute="不可添加" RoleLocation="normal" LanguageSense="true"/>
    <relative ID="3" Relation_Pair="4--5" Center="1" times="29" Sentence="镍和铂族金属产量分别占全国的百分之八十八和百分之九十以上，|被誉为中国的“镍都”。" position="78...106--107...117" ConnectiveType="隐式关系" Connective="" Major_relationType="评价性" RelationType="因果性-;目的性-;条件性-;虚拟性-;反转性-;顺序性-;解说性-;例证性-;评价性+;并列性-;递进性-;选择性-" ConnectivePosition="" ConnectiveAttribute="不可添加" RoleLocation="normal" LanguageSense="true"/>
    <relative ID="4" Relation_Pair="1--3" Center="2" times="30" Sentence="一九六四年，金川公司产出第一批电解镍。|如今，这里已成为中国最大的镍钴生产基地和铂族金属提炼中心，" position="0...18--49...77" ConnectiveType="隐式关系" Connective="" Major_relationType="并列性" RelationType="因果性-;目的性-;条件性-;虚拟性-;反转性-;顺序性+;解说性-;例证性-;评价性-;并列性+;递进性-;选择性-" ConnectivePosition="" ConnectiveAttribute="不可添加" RoleLocation="normal" LanguageSense="true"/>
  </pragraph>
  <pragraph ID="7" content="1、一九七八年，金川公司被中国政府列为全国矿产资源综合利用三大基地之一，2、作为中国镍工业代表的这家企业由此踏上依靠科技进步求振兴的发展之路。">
    <relative ID="1" Relation_Pair="1--2" Center="2" times="72" Sentence="一九七八年，金川公司被中国政府列为全国矿产资源综合利用三大基地之一，|作为中国镍工业代表的这家企业由此踏上依靠科技进步求振兴的发展之路。" position="0...33--34...66" ConnectiveType="隐式关系" Connective="" Major_relationType="因果性" RelationType="因果性+;目的性-;条件性-;虚拟性-;反转性-;顺序性+;解说性-;例证性-;评价性-;并列性-;递进性-;选择性-" ConnectivePosition="" ConnectiveAttribute="不可添加" RoleLocation="normal" LanguageSense="true"/>
  </pragraph>
  <pragraph ID="8" content="1、十九年间，中国五十多家科研院所和建设单位的数百名专家、学者同金川公司的科技人员一起，紧紧围绕金川矿山建设、生产挖潜、环境保护等重大课题，2、展开了大规模的科技联合攻关。3、据统计，累计进行五百九十九项专题研究，4、取得一百八十六项重大科研成果，5、其中一百三十九项成果荣获中国省、部级以上奖励，6、十一项成果达到国际先进水平。">
    <relative ID="1" Relation_Pair="1--2" Center="3" times="58" Sentence="十九年间，中国五十多家科研院所和建设单位的数百名专家、学者同金川公司的科技人员一起，紧紧围绕金川矿山建设、生产挖潜、环境保护等重大课题，|展开了大规模的科技联合攻关。" position="0...67--68...81" ConnectiveType="隐式关系" Connective="" Major_relationType="并列性" RelationType="因果性-;目的性-;条件性-;虚拟性-;反转性-;顺序性+;解说性-;例证性-;评价性-;并列性+;递进性-;选择性-" ConnectivePosition="" ConnectiveAttribute="不可添加" RoleLocation="normal" LanguageSense="true"/>
    <relative ID="2" Relation_Pair="3--4" Center="2" times="67" Sentence="据统计，累计进行五百九十九项专题研究，|取得一百八十六项重大科研成果，" position="82...100--101...115" ConnectiveType="隐式关系" Connective="" Major_relationType="因果性" RelationType="因果性+;目的性-;条件性-;虚拟性-;反转性-;顺序性+;解说性-;例证性-;评价性-;并列性-;递进性-;选择性-" ConnectivePosition="" ConnectiveAttribute="不可添加" RoleLocation="normal" LanguageSense="true"/>
    <relative ID="3" Relation_Pair="4--5" Center="1" times="19" Sentence="取得一百八十六项重大科研成果，|其中一百三十九项成果荣获中国省、部级以上奖励，" position="101...115--116...138" ConnectiveType="显式关系" Connective="/其中" Major_relationType="解说性" RelationType="因果性-;目的性-;条件性-;虚拟性-;反转性-;顺序性-;解说性+;例证性-;评价性-;并列性-;递进性-;选择性-" ConnectivePosition="119…122" ConnectiveAttribute="不可删除" RoleLocation="normal" LanguageSense="true"/>
    <relative ID="4" Relation_Pair="4--6" Center="1" times="22" Sentence="取得一百八十六项重大科研成果，|十一项成果达到国际先进水平。" position="101...115--139...152" ConnectiveType="显式关系" Connective="其中" Major_relationType="解说性" RelationType="因果性-;目的性-;条件性-;虚拟性-;反转性-;顺序性-;解说性+;例证性-;评价性-;并列性-;递进性-;选择性-" ConnectivePosition="120…122" ConnectiveAttribute="不可删除" RoleLocation="normal" LanguageSense="true"/>
    <relative ID="5" Relation_Pair="2--3" Center="2" times="31" Sentence="展开了大规模的科技联合攻关。|据统计，累计进行五百九十九项专题研究，" position="68...81--82...100" ConnectiveType="隐式关系" Connective="" Major_relationType="解说性" RelationType="因果性-;目的性-;条件性-;虚拟性-;反转性-;顺序性-;解说性+;例证性-;评价性-;并列性-;递进性-;选择性-" ConnectivePosition="" ConnectiveAttribute="不可添加" RoleLocation="normal" LanguageSense="true"/>
  </pragraph>
  <pragraph ID="9" content="1、这些成果中有一百三十八项被企业应用到生产上“点石成金”，2、大大提高了中国镍工业的生产水平。3、资料表明，金川公司可回收的有价元素已由原来的七种增加到十四种，4、镍的选、冶回收率净增百分之二十六点五，5、贵金属的冶炼回收率提高十多倍。">
    <relative ID="1" Relation_Pair="1--2" Center="2" times="54" Sentence="这些成果中有一百三十八项被企业应用到生产上“点石成金”，|大大提高了中国镍工业的生产水平。" position="0...27--28...43" ConnectiveType="隐式关系" Connective="" Major_relationType="因果性" RelationType="因果性+;目的性-;条件性-;虚拟性-;反转性-;顺序性-;解说性-;例证性-;评价性+;并列性-;递进性-;选择性-" ConnectivePosition="" ConnectiveAttribute="不可添加" RoleLocation="normal" LanguageSense="true"/>
    <relative ID="2" Relation_Pair="3--4" Center="3" times="21" Sentence="资料表明，金川公司可回收的有价元素已由原来的七种增加到十四种，|镍的选、冶回收率净增百分之二十六点五，" position="44...74--75...93" ConnectiveType="隐式关系" Connective="" Major_relationType="并列性" RelationType="因果性-;目的性-;条件性-;虚拟性-;反转性-;顺序性-;解说性-;例证性-;评价性-;并列性+;递进性-;选择性-" ConnectivePosition="" ConnectiveAttribute="不可添加" RoleLocation="normal" LanguageSense="true"/>
    <relative ID="3" Relation_Pair="4--5" Center="3" times="6" Sentence="镍的选、冶回收率净增百分之二十六点五，|贵金属的冶炼回收率提高十多倍。" position="75...93--94...108" ConnectiveType="隐式关系" Connective="" Major_relationType="并列性" RelationType="因果性-;目的性-;条件性-;虚拟性-;反转性-;顺序性-;解说性-;例证性-;评价性-;并列性+;递进性-;选择性-" ConnectivePosition="" ConnectiveAttribute="不可添加" RoleLocation="normal" LanguageSense="true"/>
    <relative ID="4" Relation_Pair="1--3" Center="2" times="13" Sentence="这些成果中有一百三十八项被企业应用到生产上“点石成金”，|资料表明，金川公司可回收的有价元素已由原来的七种增加到十四种，" position="0...27--44...74" ConnectiveType="隐式关系" Connective="" Major_relationType="例证性" RelationType="因果性-;目的性-;条件性-;虚拟性-;反转性-;顺序性-;解说性-;例证性+;评价性-;并列性-;递进性-;选择性-" ConnectivePosition="" ConnectiveAttribute="不可添加" RoleLocation="normal" LanguageSense="true"/>
  </pragraph>
  <pragraph ID="10" content="1、总投资二十六点六亿元、被中国政府列为国家重点建设项目的金川二期工程一九八八年开工后，金川公司进一步加快了技术进步的步伐。2、以此为契机，3、着力提高中国镍工业的工艺技术装备水平。4、他们从世界各国引进新技术和先进设备，5、大量采用本国最新科研成果，6、建成了长六千五百米的亚洲最长的矿山主斜坡隧道；7、探索出胶结充填采矿法，8、每人每班平均采矿十七点六吨，9、达到世界先进水平；10、用二点六亿元人民币引进关键技术和设备，11、通过消化吸收，12、建成中国第一、亚洲最大、世界第五座镍闪速熔炼炉，13、把中国镍冶炼技术带入世界先进行列。">
    <relative ID="1" Relation_Pair="1--2" Center="3" times="28" Sentence="总投资二十六点六亿元、被中国政府列为国家重点建设项目的金川二期工程一九八八年开工后，金川公司进一步加快了技术进步的步伐。|以此为契机，" position="0...59--60...65" ConnectiveType="隐式关系" Connective="" Major_relationType="并列性" RelationType="因果性-;目的性-;条件性-;虚拟性-;反转性-;顺序性-;解说性-;例证性-;评价性-;并列性+;递进性-;选择性-" ConnectivePosition="" ConnectiveAttribute="不可添加" RoleLocation="normal" LanguageSense="true"/>
    <relative ID="2" Relation_Pair="2--3" Center="2" times="21" Sentence="以此为契机，|着力提高中国镍工业的工艺技术装备水平。" position="60...65--66...84" ConnectiveType="隐式关系" Connective="" Major_relationType="目的性" RelationType="因果性-;目的性+;条件性-;虚拟性-;反转性-;顺序性-;解说性-;例证性-;评价性-;并列性-;递进性-;选择性-" ConnectivePosition="" ConnectiveAttribute="不可添加" RoleLocation="normal" LanguageSense="true"/>
    <relative ID="3" Relation_Pair="4--6" Center="2" times="49" Sentence="他们从世界各国引进新技术和先进设备，|建成了长六千五百米的亚洲最长的矿山主斜坡隧道；" position="85...102--116...138" ConnectiveType="隐式关系" Connective="" Major_relationType="因果性" RelationType="因果性+;目的性-;条件性-;虚拟性-;反转性-;顺序性+;解说性-;例证性-;评价性-;并列性-;递进性-;选择性-" ConnectivePosition="" ConnectiveAttribute="不可添加" RoleLocation="normal" LanguageSense="true"/>
    <relative ID="4" Relation_Pair="5--6" Center="2" times="12" Sentence="大量采用本国最新科研成果，|建成了长六千五百米的亚洲最长的矿山主斜坡隧道；" position="103...115--116...138" ConnectiveType="隐式关系" Connective="" Major_relationType="因果性" RelationType="因果性+;目的性-;条件性-;虚拟性-;反转性-;顺序性+;解说性-;例证性-;评价性-;并列性-;递进性-;选择性-" ConnectivePosition="" ConnectiveAttribute="不可添加" RoleLocation="normal" LanguageSense="true"/>
    <relative ID="5" Relation_Pair="7--8" Center="2" times="67" Sentence="探索出胶结充填采矿法，|每人每班平均采矿十七点六吨，" position="139...149--150...163" ConnectiveType="隐式关系" Connective="" Major_relationType="因果性" RelationType="因果性+;目的性-;条件性-;虚拟性-;反转性-;顺序性+;解说性-;例证性-;评价性-;并列性-;递进性-;选择性-" ConnectivePosition="" ConnectiveAttribute="不可添加" RoleLocation="normal" LanguageSense="true"/>
    <relative ID="6" Relation_Pair="8--9" Center="1" times="48" Sentence="每人每班平均采矿十七点六吨，|达到世界先进水平；" position="150...163--164...172" ConnectiveType="隐式关系" Connective="" Major_relationType="评价性" RelationType="因果性-;目的性-;条件性-;虚拟性-;反转性-;顺序性-;解说性-;例证性-;评价性+;并列性-;递进性-;选择性-" ConnectivePosition="" ConnectiveAttribute="不可添加" RoleLocation="normal" LanguageSense="true"/>
    <relative ID="7" Relation_Pair="10--11" Center="3" times="38" Sentence="用二点六亿元人民币引进关键技术和设备，|通过消化吸收，" position="173...191--192...198" ConnectiveType="隐式关系" Connective="" Major_relationType="并列性" RelationType="因果性-;目的性-;条件性-;虚拟性-;反转性-;顺序性+;解说性-;例证性-;评价性-;并列性+;递进性-;选择性-" ConnectivePosition="" ConnectiveAttribute="不可添加" RoleLocation="normal" LanguageSense="true"/>
    <relative ID="8" Relation_Pair="11--12" Center="2" times="22" Sentence="通过消化吸收，|建成中国第一、亚洲最大、世界第五座镍闪速熔炼炉，" position="192...198--199...222" ConnectiveType="隐式关系" Connective="" Major_relationType="因果性" RelationType="因果性+;目的性-;条件性-;虚拟性-;反转性-;顺序性+;解说性-;例证性-;评价性-;并列性-;递进性-;选择性-" ConnectivePosition="" ConnectiveAttribute="不可添加" RoleLocation="normal" LanguageSense="true"/>
    <relative ID="9" Relation_Pair="12--13" Center="1" times="21" Sentence="建成中国第一、亚洲最大、世界第五座镍闪速熔炼炉，|把中国镍冶炼技术带入世界先进行列。" position="199...222--223...239" ConnectiveType="隐式关系" Connective="" Major_relationType="评价性" RelationType="因果性-;目的性-;条件性-;虚拟性-;反转性-;顺序性-;解说性-;例证性-;评价性+;并列性-;递进性-;选择性-" ConnectivePosition="" ConnectiveAttribute="不可添加" RoleLocation="normal" LanguageSense="true"/>
    <relative ID="10" Relation_Pair="3--6" Center="2" times="49" Sentence="着力提高中国镍工业的工艺技术装备水平。|建成了长六千五百米的亚洲最长的矿山主斜坡隧道；" position="66...84--116...138" ConnectiveType="隐式关系" Connective="" Major_relationType="因果性" RelationType="因果性+;目的性-;条件性-;虚拟性-;反转性-;顺序性-;解说性+;例证性-;评价性-;并列性-;递进性-;选择性-" ConnectivePosition="" ConnectiveAttribute="不可添加" RoleLocation="normal" LanguageSense="true"/>
    <relative ID="11" Relation_Pair="3--7" Center="2" times="13" Sentence="着力提高中国镍工业的工艺技术装备水平。|探索出胶结充填采矿法，" position="66...84--139...149" ConnectiveType="隐式关系" Connective="" Major_relationType="因果性" RelationType="因果性+;目的性-;条件性-;虚拟性-;反转性-;顺序性-;解说性+;例证性-;评价性-;并列性-;递进性-;选择性-" ConnectivePosition="" ConnectiveAttribute="不可添加" RoleLocation="normal" LanguageSense="true"/>
    <relative ID="12" Relation_Pair="3--12" Center="2" times="10" Sentence="着力提高中国镍工业的工艺技术装备水平。|建成中国第一、亚洲最大、世界第五座镍闪速熔炼炉，" position="66...84--199...222" ConnectiveType="隐式关系" Connective="" Major_relationType="因果性" RelationType="因果性+;目的性-;条件性-;虚拟性-;反转性-;顺序性-;解说性+;例证性-;评价性-;并列性-;递进性-;选择性-" ConnectivePosition="" ConnectiveAttribute="不可添加" RoleLocation="normal" LanguageSense="true"/>
  </pragraph>
  <pragraph ID="11" content="1、金川公司总经理杨金义说，金川二期工程既不是一期技术、管理的再现和延伸，2、也不是单纯地以扩大生产规模来增加生产能力，3、而是在镍生产工艺技术上赶超世界先进水平的一次尝试，4、是引进技术和国内科研相结合的一次实践。">
    <relative ID="1" Relation_Pair="1--2" Center="3" times="24" Sentence="金川公司总经理杨金义说，金川二期工程既不是一期技术、管理的再现和延伸，|也不是单纯地以扩大生产规模来增加生产能力，" position="0...34--35...55" ConnectiveType="显式关系" Connective="既;/也" Major_relationType="并列性" RelationType="因果性-;目的性-;条件性-;虚拟性-;反转性-;顺序性-;解说性-;例证性-;评价性-;并列性+;递进性-;选择性-" ConnectivePosition="18…19;35…37" ConnectiveAttribute="不可删除" RoleLocation="normal" LanguageSense="true"/>
    <relative ID="2" Relation_Pair="3--4" Center="3" times="23" Sentence="而是在镍生产工艺技术上赶超世界先进水平的一次尝试，|是引进技术和国内科研相结合的一次实践。" position="56...80--81...99" ConnectiveType="隐式关系" Connective="" Major_relationType="并列性" RelationType="因果性-;目的性-;条件性-;虚拟性-;反转性-;顺序性-;解说性-;例证性-;评价性-;并列性+;递进性-;选择性-" ConnectivePosition="" ConnectiveAttribute="不可添加" RoleLocation="normal" LanguageSense="true"/>
    <relative ID="3" Relation_Pair="2--3" Center="2" times="24" Sentence="也不是单纯地以扩大生产规模来增加生产能力，|而是在镍生产工艺技术上赶超世界先进水平的一次尝试，" position="35...55--56...80" ConnectiveType="显式关系" Connective="而是" Major_relationType="反转性" RelationType="因果性-;目的性-;条件性-;虚拟性-;反转性+;顺序性-;解说性-;例证性-;评价性-;并列性-;递进性-;选择性-" ConnectivePosition="58…60" ConnectiveAttribute="不可删除" RoleLocation="normal" LanguageSense="true"/>
  </pragraph>
  <pragraph ID="12" content="1、目前，金川公司优质产品产值率达百分之八十九点八九。2、电解镍、硫酸镍、铂铑制品、不锈钢制品等十多种产品出口美、日、英、法、伊朗、阿联酋、沙特阿拉伯等国。">
    <relative ID="1" Relation_Pair="1--2" Center="3" times="37" Sentence="目前，金川公司优质产品产值率达百分之八十九点八九。|电解镍、硫酸镍、铂铑制品、不锈钢制品等十多种产品出口美、日、英、法、伊朗、阿联酋、沙特阿拉伯等国。" position="0...24--25...73" ConnectiveType="隐式关系" Connective="" Major_relationType="并列性" RelationType="因果性-;目的性-;条件性-;虚拟性-;反转性-;顺序性-;解说性-;例证性-;评价性-;并列性+;递进性-;选择性-" ConnectivePosition="" ConnectiveAttribute="不可添加" RoleLocation="normal" LanguageSense="true"/>
  </pragraph>
</doc>
