<?xml version="1.0" encoding="UTF-8"?>

<doc>
  <pragraph ID="2" content="1、闻名中外的贵州茅台酒厂计划在今后三年内实施一项投资逾四亿人民币的技术改造工程，2、以进一步提高茅台酒的产量。">
    <relative ID="1" Relation_Pair="1--2" Center="2" times="44" Sentence="闻名中外的贵州茅台酒厂计划在今后三年内实施一项投资逾四亿人民币的技术改造工程，|以进一步提高茅台酒的产量。" position="0...38--39...51" ConnectiveType="隐式关系" Connective="" Major_relationType="目的性" RelationType="因果性-;目的性+;条件性-;虚拟性+;反转性-;顺序性+;解说性-;例证性-;评价性-;并列性-;递进性-;选择性-" ConnectivePosition="" ConnectiveAttribute="不可添加" RoleLocation="normal" LanguageSense="true"/>
  </pragraph>
  <pragraph ID="3" content="1、为解决庞大资金需求，2、公司正争取发行股票和尝试更多的融资渠道。3、这是中国贵州茅台酒厂（集团）公司董事长季克良日前透露的。4、季克良说，这项扩建工程将使茅台酒的年生产能力新增二千吨，5、到二０００年达到六千吨。">
    <relative ID="1" Relation_Pair="1--2" Center="2" times="42" Sentence="为解决庞大资金需求，|公司正争取发行股票和尝试更多的融资渠道。" position="0...9--10...29" ConnectiveType="隐式关系" Connective="" Major_relationType="目的性" RelationType="因果性+;目的性+;条件性-;虚拟性+;反转性-;顺序性-;解说性-;例证性-;评价性-;并列性-;递进性-;选择性-" ConnectivePosition="" ConnectiveAttribute="不可添加" RoleLocation="normal" LanguageSense="true"/>
    <relative ID="2" Relation_Pair="2--3" Center="1" times="34" Sentence="公司正争取发行股票和尝试更多的融资渠道。|这是中国贵州茅台酒厂（集团）公司董事长季克良日前透露的。" position="10...29--30...57" ConnectiveType="隐式关系" Connective="" Major_relationType="解说性" RelationType="因果性-;目的性-;条件性-;虚拟性-;反转性-;顺序性-;解说性+;例证性-;评价性-;并列性-;递进性-;选择性-" ConnectivePosition="" ConnectiveAttribute="不可添加" RoleLocation="normal" LanguageSense="true"/>
    <relative ID="3" Relation_Pair="2--4" Center="2" times="158" Sentence="公司正争取发行股票和尝试更多的融资渠道。|季克良说，这项扩建工程将使茅台酒的年生产能力新增二千吨，" position="10...29--58...85" ConnectiveType="隐式关系" Connective="" Major_relationType="解说性" RelationType="因果性-;目的性-;条件性-;虚拟性+;反转性-;顺序性-;解说性+;例证性-;评价性-;并列性-;递进性-;选择性-" ConnectivePosition="" ConnectiveAttribute="不可添加" RoleLocation="normal" LanguageSense="true"/>
    <relative ID="4" Relation_Pair="4--5" Center="3" times="183" Sentence="季克良说，这项扩建工程将使茅台酒的年生产能力新增二千吨，|到二０００年达到六千吨。" position="58...85--86...97" ConnectiveType="隐式关系" Connective="" Major_relationType="并列性" RelationType="因果性+;目的性-;条件性-;虚拟性+;反转性-;顺序性+;解说性-;例证性-;评价性-;并列性+;递进性-;选择性-" ConnectivePosition="" ConnectiveAttribute="不可添加" RoleLocation="normal" LanguageSense="true"/>
  </pragraph>
  <pragraph ID="4" content="1、被誉为中国“国酒”的茅台酒历史悠久，2、与法国的科涅克白酒、英国的苏格兰威士忌并称世界三大蒸馏名酒之一。">
    <relative ID="1" Relation_Pair="1--2" Center="3" times="26" Sentence="被誉为中国“国酒”的茅台酒历史悠久，|与法国的科涅克白酒、英国的苏格兰威士忌并称世界三大蒸馏名酒之一。" position="0...17--18...49" ConnectiveType="隐式关系" Connective="" Major_relationType="并列性" RelationType="因果性-;目的性-;条件性-;虚拟性-;反转性-;顺序性-;解说性-;例证性-;评价性+;并列性+;递进性-;选择性-" ConnectivePosition="" ConnectiveAttribute="不可添加" RoleLocation="normal" LanguageSense="true"/>
  </pragraph>
  <pragraph ID="5" content="1、由于茅台酒制作工艺复杂，2、生产周期长，3、因而其产量十分有限。4、直到一九八七年年产量才达到一千二百吨。">
    <relative ID="1" Relation_Pair="1--3" Center="2" times="21" Sentence="由于茅台酒制作工艺复杂，|因而其产量十分有限。" position="0...11--18...27" ConnectiveType="隐式关系" Connective="" Major_relationType="因果性" RelationType="因果性+;目的性-;条件性-;虚拟性-;反转性-;顺序性-;解说性-;例证性-;评价性-;并列性-;递进性-;选择性-" ConnectivePosition="" ConnectiveAttribute="不可添加" RoleLocation="normal" LanguageSense="true"/>
    <relative ID="2" Relation_Pair="2--3" Center="2" times="8" Sentence="生产周期长，|因而其产量十分有限。" position="12...17--18...27" ConnectiveType="隐式关系" Connective="" Major_relationType="因果性" RelationType="因果性+;目的性-;条件性-;虚拟性-;反转性-;顺序性-;解说性-;例证性-;评价性-;并列性-;递进性-;选择性-" ConnectivePosition="" ConnectiveAttribute="不可添加" RoleLocation="normal" LanguageSense="true"/>
    <relative ID="3" Relation_Pair="3--4" Center="2" times="67" Sentence="因而其产量十分有限。|直到一九八七年年产量才达到一千二百吨。" position="18...27--28...46" ConnectiveType="隐式关系" Connective="" Major_relationType="因果性" RelationType="因果性+;目的性-;条件性-;虚拟性-;反转性-;顺序性-;解说性-;例证性-;评价性-;并列性-;递进性-;选择性-" ConnectivePosition="" ConnectiveAttribute="不可添加" RoleLocation="normal" LanguageSense="true"/>
  </pragraph>
  <pragraph ID="6" content="1、近年来，在国家财政部和轻工总会的支持下，茅台酒厂投资五点三亿元人民币，2、连续进行了二期扩改建技术改造，3、目前已形成年产四千吨的生产能力。4、一九九七年，该厂共生产茅台酒四千四百余吨，5、销售收入超过五亿元人民币，6、实现利税三点七亿人民币，7、均为历史最好水平。">
    <relative ID="1" Relation_Pair="1--2" Center="2" times="432" Sentence="近年来，在国家财政部和轻工总会的支持下，茅台酒厂投资五点三亿元人民币，|连续进行了二期扩改建技术改造，" position="0...34--35...49" ConnectiveType="隐式关系" Connective="" Major_relationType="目的性" RelationType="因果性-;目的性+;条件性-;虚拟性-;反转性-;顺序性+;解说性-;例证性-;评价性-;并列性-;递进性-;选择性-" ConnectivePosition="" ConnectiveAttribute="不可添加" RoleLocation="normal" LanguageSense="true"/>
    <relative ID="2" Relation_Pair="2--3" Center="2" times="21" Sentence="连续进行了二期扩改建技术改造，|目前已形成年产四千吨的生产能力。" position="35...49--50...65" ConnectiveType="隐式关系" Connective="" Major_relationType="因果性" RelationType="因果性+;目的性-;条件性-;虚拟性-;反转性-;顺序性+;解说性-;例证性-;评价性-;并列性-;递进性-;选择性-" ConnectivePosition="" ConnectiveAttribute="不可添加" RoleLocation="normal" LanguageSense="true"/>
    <relative ID="3" Relation_Pair="3--4" Center="1" times="23" Sentence="目前已形成年产四千吨的生产能力。|一九九七年，该厂共生产茅台酒四千四百余吨，" position="50...65--66...86" ConnectiveType="隐式关系" Connective="" Major_relationType="因果性" RelationType="因果性+;目的性-;条件性-;虚拟性-;反转性-;顺序性+;解说性+;例证性-;评价性-;并列性-;递进性-;选择性-" ConnectivePosition="" ConnectiveAttribute="不可添加" RoleLocation="normal" LanguageSense="true"/>
    <relative ID="4" Relation_Pair="4--5" Center="3" times="13" Sentence="一九九七年，该厂共生产茅台酒四千四百余吨，|销售收入超过五亿元人民币，" position="66...86--87...99" ConnectiveType="隐式关系" Connective="" Major_relationType="并列性" RelationType="因果性-;目的性-;条件性-;虚拟性-;反转性-;顺序性-;解说性-;例证性-;评价性-;并列性+;递进性-;选择性-" ConnectivePosition="" ConnectiveAttribute="不可添加" RoleLocation="normal" LanguageSense="true"/>
    <relative ID="5" Relation_Pair="5--6" Center="3" times="8" Sentence="销售收入超过五亿元人民币，|实现利税三点七亿人民币，" position="87...99--100...111" ConnectiveType="隐式关系" Connective="" Major_relationType="并列性" RelationType="因果性-;目的性-;条件性-;虚拟性-;反转性-;顺序性-;解说性-;例证性-;评价性-;并列性+;递进性-;选择性-" ConnectivePosition="" ConnectiveAttribute="不可添加" RoleLocation="normal" LanguageSense="true"/>
    <relative ID="6" Relation_Pair="6--7" Center="1" times="9" Sentence="实现利税三点七亿人民币，|均为历史最好水平。" position="100...111--112...120" ConnectiveType="隐式关系" Connective="" Major_relationType="评价性" RelationType="因果性-;目的性-;条件性-;虚拟性-;反转性-;顺序性-;解说性-;例证性-;评价性+;并列性-;递进性-;选择性-" ConnectivePosition="" ConnectiveAttribute="不可添加" RoleLocation="normal" LanguageSense="true"/>
  </pragraph>
  <pragraph ID="7" content="1、产于中国西南贵州省北部赤水河谷地带的茅台酒，以酿制工艺十分独特而知名。2、它所取用的水取自流经朱砂土质的赤水河，3、原料则选用当地特产高梁及优质小麦等，4、在端午至重阳节之间酿制，5、共需经过两次投料，七次蒸馏，八次发酵、九次蒸煮，历时十月酿成后，6、还须放入特制的陶土酒坛中密封贮存三年以上，7、最后由经验丰富的老酒师精心勾兑而成。8、而令其更加出名的则是因为新中国老一代领导人曾用茅台酒招待美国前总统尼克松、日本前首相田中角荣等贵宾。">
    <relative ID="1" Relation_Pair="1--2" Center="1" times="75" Sentence="产于中国西南贵州省北部赤水河谷地带的茅台酒，以酿制工艺十分独特而知名。|它所取用的水取自流经朱砂土质的赤水河，" position="0...34--35...53" ConnectiveType="隐式关系" Connective="" Major_relationType="解说性" RelationType="因果性-;目的性-;条件性-;虚拟性-;反转性-;顺序性-;解说性+;例证性-;评价性-;并列性-;递进性-;选择性-" ConnectivePosition="" ConnectiveAttribute="不可添加" RoleLocation="normal" LanguageSense="true"/>
    <relative ID="2" Relation_Pair="1--3" Center="1" times="7" Sentence="产于中国西南贵州省北部赤水河谷地带的茅台酒，以酿制工艺十分独特而知名。|原料则选用当地特产高梁及优质小麦等，" position="0...34--54...71" ConnectiveType="隐式关系" Connective="" Major_relationType="解说性" RelationType="因果性-;目的性-;条件性-;虚拟性-;反转性-;顺序性-;解说性+;例证性-;评价性-;并列性-;递进性-;选择性-" ConnectivePosition="" ConnectiveAttribute="不可添加" RoleLocation="normal" LanguageSense="true"/>
    <relative ID="3" Relation_Pair="4--5" Center="3" times="43" Sentence="在端午至重阳节之间酿制，|共需经过两次投料，七次蒸馏，八次发酵、九次蒸煮，历时十月酿成后，" position="72...83--84...115" ConnectiveType="隐式关系" Connective="" Major_relationType="并列性" RelationType="因果性-;目的性-;条件性-;虚拟性-;反转性-;顺序性+;解说性-;例证性-;评价性-;并列性+;递进性-;选择性-" ConnectivePosition="" ConnectiveAttribute="不可添加" RoleLocation="normal" LanguageSense="true"/>
    <relative ID="4" Relation_Pair="5--6" Center="3" times="15" Sentence="共需经过两次投料，七次蒸馏，八次发酵、九次蒸煮，历时十月酿成后，|还须放入特制的陶土酒坛中密封贮存三年以上，" position="84...115--116...136" ConnectiveType="隐式关系" Connective="" Major_relationType="并列性" RelationType="因果性-;目的性-;条件性-;虚拟性-;反转性-;顺序性+;解说性-;例证性-;评价性-;并列性+;递进性-;选择性-" ConnectivePosition="" ConnectiveAttribute="不可添加" RoleLocation="normal" LanguageSense="true"/>
    <relative ID="5" Relation_Pair="6--7" Center="3" times="11" Sentence="还须放入特制的陶土酒坛中密封贮存三年以上，|最后由经验丰富的老酒师精心勾兑而成。" position="116...136--137...154" ConnectiveType="隐式关系" Connective="" Major_relationType="并列性" RelationType="因果性-;目的性-;条件性-;虚拟性-;反转性-;顺序性+;解说性-;例证性-;评价性-;并列性+;递进性-;选择性-" ConnectivePosition="" ConnectiveAttribute="不可添加" RoleLocation="normal" LanguageSense="true"/>
    <relative ID="6" Relation_Pair="1--4" Center="1" times="11" Sentence="产于中国西南贵州省北部赤水河谷地带的茅台酒，以酿制工艺十分独特而知名。|在端午至重阳节之间酿制，" position="0...34--72...83" ConnectiveType="隐式关系" Connective="" Major_relationType="解说性" RelationType="因果性-;目的性-;条件性-;虚拟性-;反转性-;顺序性-;解说性+;例证性-;评价性-;并列性-;递进性-;选择性-" ConnectivePosition="" ConnectiveAttribute="不可添加" RoleLocation="normal" LanguageSense="true"/>
    <relative ID="7" Relation_Pair="1--8" Center="3" times="43" Sentence="产于中国西南贵州省北部赤水河谷地带的茅台酒，以酿制工艺十分独特而知名。|而令其更加出名的则是因为新中国老一代领导人曾用茅台酒招待美国前总统尼克松、日本前首相田中角荣等贵宾。" position="0...34--155...204" ConnectiveType="隐式关系" Connective="" Major_relationType="并列性" RelationType="因果性-;目的性-;条件性-;虚拟性-;反转性-;顺序性-;解说性-;例证性-;评价性-;并列性+;递进性+;选择性-" ConnectivePosition="" ConnectiveAttribute="不可添加" RoleLocation="normal" LanguageSense="true"/>
  </pragraph>
</doc>
