<?xml version="1.0" encoding="UTF-8"?>

<doc>
  <pragraph ID="3" content="1、他说，在中央人民政府和外交部领导下，半年来，公署协助特区政府的代表作为中国政府代表团的成员参加了近三十个国际会议；2、向特区政府转交了中央给特区政府的多项授权书；3、同意特区政府在六个领域中与三十多个国家谈判四十多个双边协定的文本；4、向特区政府提供适用于香港的二百多个国际条约的清单，5、并帮助特区政府解决涉及国际权利和义务方面的法律问题；6、协助特区政府实施联合国安理会的十一项制裁决议；7、协助特区政府组织世界银行年会和国际货币基金组织年会的筹备工作；8、在接待外国元首访港和特区政府领导人出访方面给予配合和支持。">
    <relative ID="1" Relation_Pair="1--2" Center="3" times="12" Sentence="他说，在中央人民政府和外交部领导下，半年来，公署协助特区政府的代表作为中国政府代表团的成员参加了近三十个国际会议；|向特区政府转交了中央给特区政府的多项授权书；" position="0...56--57...78" ConnectiveType="隐式关系" Connective="" Major_relationType="并列性" RelationType="因果性-;目的性-;条件性-;虚拟性-;反转性-;顺序性-;解说性-;例证性-;评价性-;并列性+;递进性-;选择性-" ConnectivePosition="" ConnectiveAttribute="不可添加" RoleLocation="normal" LanguageSense="true"/>
    <relative ID="2" Relation_Pair="2--3" Center="3" times="7" Sentence="向特区政府转交了中央给特区政府的多项授权书；|同意特区政府在六个领域中与三十多个国家谈判四十多个双边协定的文本；" position="57...78--79...111" ConnectiveType="隐式关系" Connective="" Major_relationType="并列性" RelationType="因果性-;目的性-;条件性-;虚拟性-;反转性-;顺序性-;解说性-;例证性-;评价性-;并列性+;递进性-;选择性-" ConnectivePosition="" ConnectiveAttribute="不可添加" RoleLocation="normal" LanguageSense="true"/>
    <relative ID="3" Relation_Pair="4--5" Center="1" times="204" Sentence="向特区政府提供适用于香港的二百多个国际条约的清单，|并帮助特区政府解决涉及国际权利和义务方面的法律问题；" position="112...136--137...162" ConnectiveType="显式关系" Connective="并" Major_relationType="并列性" RelationType="因果性-;目的性-;条件性-;虚拟性-;反转性-;顺序性-;解说性-;例证性-;评价性-;并列性+;递进性-;选择性-" ConnectivePosition="141…142" ConnectiveAttribute="不可删除" RoleLocation="normal" LanguageSense="true"/>
    <relative ID="4" Relation_Pair="3--4" Center="3" times="9" Sentence="同意特区政府在六个领域中与三十多个国家谈判四十多个双边协定的文本；|向特区政府提供适用于香港的二百多个国际条约的清单，" position="79...111--112...136" ConnectiveType="隐式关系" Connective="" Major_relationType="并列性" RelationType="因果性-;目的性-;条件性-;虚拟性-;反转性-;顺序性-;解说性-;例证性-;评价性-;并列性+;递进性-;选择性-" ConnectivePosition="" ConnectiveAttribute="不可添加" RoleLocation="normal" LanguageSense="true"/>
    <relative ID="5" Relation_Pair="4--6" Center="3" times="8" Sentence="向特区政府提供适用于香港的二百多个国际条约的清单，|协助特区政府实施联合国安理会的十一项制裁决议；" position="112...136--163...185" ConnectiveType="隐式关系" Connective="" Major_relationType="并列性" RelationType="因果性-;目的性-;条件性-;虚拟性-;反转性-;顺序性-;解说性-;例证性-;评价性-;并列性+;递进性-;选择性-" ConnectivePosition="" ConnectiveAttribute="不可添加" RoleLocation="normal" LanguageSense="true"/>
    <relative ID="6" Relation_Pair="6--7" Center="3" times="8" Sentence="协助特区政府实施联合国安理会的十一项制裁决议；|协助特区政府组织世界银行年会和国际货币基金组织年会的筹备工作；" position="163...185--186...216" ConnectiveType="隐式关系" Connective="" Major_relationType="并列性" RelationType="因果性-;目的性-;条件性-;虚拟性-;反转性-;顺序性-;解说性-;例证性-;评价性-;并列性+;递进性-;选择性-" ConnectivePosition="" ConnectiveAttribute="不可添加" RoleLocation="normal" LanguageSense="true"/>
    <relative ID="7" Relation_Pair="7--8" Center="3" times="9" Sentence="协助特区政府组织世界银行年会和国际货币基金组织年会的筹备工作；|在接待外国元首访港和特区政府领导人出访方面给予配合和支持。" position="186...216--217...245" ConnectiveType="隐式关系" Connective="" Major_relationType="并列性" RelationType="因果性-;目的性-;条件性-;虚拟性-;反转性-;顺序性-;解说性-;例证性-;评价性-;并列性+;递进性-;选择性-" ConnectivePosition="" ConnectiveAttribute="不可添加" RoleLocation="normal" LanguageSense="true"/>
  </pragraph>
  <pragraph ID="4" content="1、马毓真认为，公署的这些工作有利于保持香港国际金融、贸易、航运、旅游、信息中心的地位，2、有利于提高香港在国际上的地位，3、有利于香港发展对外关系。">
    <relative ID="1" Relation_Pair="1--2" Center="3" times="7" Sentence="马毓真认为，公署的这些工作有利于保持香港国际金融、贸易、航运、旅游、信息中心的地位，|有利于提高香港在国际上的地位，" position="0...41--42...56" ConnectiveType="隐式关系" Connective="" Major_relationType="并列性" RelationType="因果性-;目的性-;条件性-;虚拟性-;反转性-;顺序性-;解说性-;例证性-;评价性-;并列性+;递进性-;选择性-" ConnectivePosition="" ConnectiveAttribute="不可添加" RoleLocation="normal" LanguageSense="true"/>
    <relative ID="2" Relation_Pair="2--3" Center="3" times="8" Sentence="有利于提高香港在国际上的地位，|有利于香港发展对外关系。" position="42...56--57...68" ConnectiveType="隐式关系" Connective="" Major_relationType="并列性" RelationType="因果性-;目的性-;条件性-;虚拟性-;反转性-;顺序性-;解说性-;例证性-;评价性-;并列性+;递进性-;选择性-" ConnectivePosition="" ConnectiveAttribute="不可添加" RoleLocation="normal" LanguageSense="true"/>
  </pragraph>
  <pragraph ID="5" content="1、他说，公署还积极配合中国驻外使领馆，2、密切与特区政府有关部门联系与合作，3、协助处理了七起较大的涉及香港居民利益和生命安全的突发性事件，4、如金边空难、菲律宾游船翻船案、香港渔船被菲律宾和日本扣留案，以及金边军事冲突等；5、此外，还处理了九十余起其它领事保护案件。6、在处理领事保护案件过程中，公署及时将中国驻外使领馆官员提供的涉及香港居民的情况转告特区政府，7、并将其家属的有关要求及时反馈给中国驻外使领馆及当事人。">
    <relative ID="1" Relation_Pair="1--2" Center="3" times="16" Sentence="他说，公署还积极配合中国驻外使领馆，|密切与特区政府有关部门联系与合作，" position="0...17--18...34" ConnectiveType="隐式关系" Connective="" Major_relationType="并列性" RelationType="因果性-;目的性-;条件性-;虚拟性-;反转性-;顺序性-;解说性-;例证性-;评价性-;并列性+;递进性-;选择性-" ConnectivePosition="" ConnectiveAttribute="不可添加" RoleLocation="normal" LanguageSense="true"/>
    <relative ID="2" Relation_Pair="2--3" Center="3" times="7" Sentence="密切与特区政府有关部门联系与合作，|协助处理了七起较大的涉及香港居民利益和生命安全的突发性事件，" position="18...34--35...64" ConnectiveType="隐式关系" Connective="" Major_relationType="并列性" RelationType="因果性-;目的性-;条件性-;虚拟性-;反转性-;顺序性-;解说性-;例证性-;评价性-;并列性+;递进性-;选择性-" ConnectivePosition="" ConnectiveAttribute="不可添加" RoleLocation="normal" LanguageSense="true"/>
    <relative ID="3" Relation_Pair="3--4" Center="1" times="62" Sentence="协助处理了七起较大的涉及香港居民利益和生命安全的突发性事件，|如金边空难、菲律宾游船翻船案、香港渔船被菲律宾和日本扣留案，以及金边军事冲突等；" position="35...64--65...104" ConnectiveType="显式关系" Connective="如" Major_relationType="解说性" RelationType="因果性-;目的性-;条件性-;虚拟性-;反转性-;顺序性-;解说性+;例证性+;评价性-;并列性-;递进性-;选择性-" ConnectivePosition="68…69" ConnectiveAttribute="不可删除" RoleLocation="normal" LanguageSense="true"/>
    <relative ID="4" Relation_Pair="3--5" Center="3" times="31" Sentence="协助处理了七起较大的涉及香港居民利益和生命安全的突发性事件，|此外，还处理了九十余起其它领事保护案件。" position="35...64--105...124" ConnectiveType="显式关系" Connective="此外" Major_relationType="并列性" RelationType="因果性-;目的性-;条件性-;虚拟性-;反转性-;顺序性-;解说性-;例证性-;评价性-;并列性+;递进性-;选择性-" ConnectivePosition="109…111" ConnectiveAttribute="不可删除" RoleLocation="normal" LanguageSense="true"/>
    <relative ID="5" Relation_Pair="5--6" Center="1" times="16" Sentence="此外，还处理了九十余起其它领事保护案件。|在处理领事保护案件过程中，公署及时将中国驻外使领馆官员提供的涉及香港居民的情况转告特区政府，" position="105...124--125...170" ConnectiveType="隐式关系" Connective="" Major_relationType="解说性" RelationType="因果性-;目的性-;条件性-;虚拟性-;反转性-;顺序性-;解说性+;例证性-;评价性-;并列性-;递进性-;选择性-" ConnectivePosition="" ConnectiveAttribute="不可添加" RoleLocation="normal" LanguageSense="true"/>
    <relative ID="6" Relation_Pair="6--7" Center="3" times="16" Sentence="在处理领事保护案件过程中，公署及时将中国驻外使领馆官员提供的涉及香港居民的情况转告特区政府，|并将其家属的有关要求及时反馈给中国驻外使领馆及当事人。" position="125...170--171...197" ConnectiveType="显式关系" Connective="并" Major_relationType="并列性" RelationType="因果性-;目的性-;条件性-;虚拟性-;反转性-;顺序性-;解说性-;例证性-;评价性-;并列性+;递进性-;选择性-" ConnectivePosition="177…178" ConnectiveAttribute="不可删除" RoleLocation="normal" LanguageSense="true"/>
  </pragraph>
  <pragraph ID="6" content="1、马毓真强调，根据基本法有关规定，特区政府在对外事务方面享有广泛的授权。2、在这些经授权的对外事务方面，公署严格遵守基本法的规定，3、只向特区政府提供支持和协助，4、起协调和联络的作用，5、具体事务的处理完全由特区政府负责。">
    <relative ID="1" Relation_Pair="1--2" Center="2" times="187" Sentence="马毓真强调，根据基本法有关规定，特区政府在对外事务方面享有广泛的授权。|在这些经授权的对外事务方面，公署严格遵守基本法的规定，" position="0...34--35...61" ConnectiveType="隐式关系" Connective="" Major_relationType="解说性" RelationType="因果性-;目的性-;条件性-;虚拟性-;反转性-;顺序性-;解说性+;例证性-;评价性-;并列性-;递进性-;选择性-" ConnectivePosition="" ConnectiveAttribute="不可添加" RoleLocation="normal" LanguageSense="true"/>
    <relative ID="2" Relation_Pair="1--3" Center="2" times="27" Sentence="马毓真强调，根据基本法有关规定，特区政府在对外事务方面享有广泛的授权。|只向特区政府提供支持和协助，" position="0...34--62...75" ConnectiveType="隐式关系" Connective="" Major_relationType="解说性" RelationType="因果性-;目的性-;条件性-;虚拟性-;反转性-;顺序性-;解说性+;例证性-;评价性-;并列性-;递进性-;选择性-" ConnectivePosition="" ConnectiveAttribute="不可添加" RoleLocation="normal" LanguageSense="true"/>
    <relative ID="3" Relation_Pair="1--4" Center="2" times="16" Sentence="马毓真强调，根据基本法有关规定，特区政府在对外事务方面享有广泛的授权。|起协调和联络的作用，" position="0...34--76...85" ConnectiveType="隐式关系" Connective="" Major_relationType="解说性" RelationType="因果性-;目的性-;条件性-;虚拟性-;反转性-;顺序性-;解说性+;例证性-;评价性-;并列性-;递进性-;选择性-" ConnectivePosition="" ConnectiveAttribute="不可添加" RoleLocation="normal" LanguageSense="true"/>
    <relative ID="4" Relation_Pair="1--5" Center="2" times="8" Sentence="马毓真强调，根据基本法有关规定，特区政府在对外事务方面享有广泛的授权。|具体事务的处理完全由特区政府负责。" position="0...34--86...102" ConnectiveType="隐式关系" Connective="" Major_relationType="解说性" RelationType="因果性-;目的性-;条件性-;虚拟性-;反转性-;顺序性-;解说性+;例证性-;评价性-;并列性-;递进性-;选择性-" ConnectivePosition="" ConnectiveAttribute="不可添加" RoleLocation="normal" LanguageSense="true"/>
  </pragraph>
  <pragraph ID="7" content="1、他表示，保护香港居民在海外的合法权益是公署工作的重要组成部分。2、今后公署将进一步加强与各方面的沟通和联系，3、提高领事服务和保护的效率和质量，4、更好地维护海外香港居民的合法权益。">
    <relative ID="1" Relation_Pair="1--2" Center="2" times="59" Sentence="他表示，保护香港居民在海外的合法权益是公署工作的重要组成部分。|今后公署将进一步加强与各方面的沟通和联系，" position="0...30--31...51" ConnectiveType="隐式关系" Connective="" Major_relationType="解说性" RelationType="因果性-;目的性-;条件性-;虚拟性-;反转性-;顺序性-;解说性+;例证性-;评价性-;并列性-;递进性-;选择性-" ConnectivePosition="" ConnectiveAttribute="不可添加" RoleLocation="normal" LanguageSense="true"/>
    <relative ID="2" Relation_Pair="1--3" Center="2" times="11" Sentence="他表示，保护香港居民在海外的合法权益是公署工作的重要组成部分。|提高领事服务和保护的效率和质量，" position="0...30--52...67" ConnectiveType="隐式关系" Connective="" Major_relationType="解说性" RelationType="因果性-;目的性-;条件性-;虚拟性-;反转性-;顺序性-;解说性+;例证性-;评价性-;并列性-;递进性-;选择性-" ConnectivePosition="" ConnectiveAttribute="不可添加" RoleLocation="normal" LanguageSense="true"/>
    <relative ID="3" Relation_Pair="1--4" Center="2" times="8" Sentence="他表示，保护香港居民在海外的合法权益是公署工作的重要组成部分。|更好地维护海外香港居民的合法权益。" position="0...30--68...84" ConnectiveType="隐式关系" Connective="" Major_relationType="解说性" RelationType="因果性-;目的性-;条件性-;虚拟性-;反转性-;顺序性-;解说性+;例证性-;评价性-;并列性-;递进性-;选择性-" ConnectivePosition="" ConnectiveAttribute="不可添加" RoleLocation="normal" LanguageSense="true"/>
  </pragraph>
</doc>
