<?xml version="1.0" encoding="UTF-8"?>

<doc>
  <pragraph ID="3" content="1、他说，明年经济体制改革的主要任务是：坚持社会主义市场经济的改革方向，2、进一步调整和完善所有制结构，3、加快国有企业建立现代企业制度步伐，4、大力推进国有经济战略性改组；5、加快结构调整，6、妥善安置分流富余人员，7、实施再就业工程；8、深化金融体制改革，9、继续加强和改善宏观调控；10、推进粮棉流通体制改革，11、积极发展农业产业化经营；12、积极推进机构改革，13、转变政府管理经济方式，14、探索国有资产管理、监督和营运体制；15、深化社会保障和住房制度改革；16、着力搞好城市综合配套改革，17、力争在建立新体制方面取得实质性进展。">
    <relative ID="1" Relation_Pair="1--5" Center="3" times="251" Sentence="他说，明年经济体制改革的主要任务是：坚持社会主义市场经济的改革方向，|加快结构调整，" position="0...33--79...85" ConnectiveType="隐式关系" Connective="" Major_relationType="并列性" RelationType="因果性-;目的性-;条件性-;虚拟性-;反转性-;顺序性-;解说性-;例证性-;评价性-;并列性+;递进性-;选择性-" ConnectivePosition="" ConnectiveAttribute="不可添加" RoleLocation="normal" LanguageSense="true"/>
    <relative ID="2" Relation_Pair="5--8" Center="3" times="39" Sentence="加快结构调整，|深化金融体制改革，" position="79...85--105...113" ConnectiveType="隐式关系" Connective="" Major_relationType="并列性" RelationType="因果性-;目的性-;条件性-;虚拟性-;反转性-;顺序性-;解说性-;例证性-;评价性-;并列性+;递进性-;选择性-" ConnectivePosition="" ConnectiveAttribute="不可添加" RoleLocation="normal" LanguageSense="true"/>
    <relative ID="3" Relation_Pair="8--10" Center="3" times="11" Sentence="深化金融体制改革，|推进粮棉流通体制改革，" position="105...113--126...136" ConnectiveType="隐式关系" Connective="" Major_relationType="并列性" RelationType="因果性-;目的性-;条件性-;虚拟性-;反转性-;顺序性-;解说性-;例证性-;评价性-;并列性+;递进性-;选择性-" ConnectivePosition="" ConnectiveAttribute="不可添加" RoleLocation="normal" LanguageSense="true"/>
    <relative ID="4" Relation_Pair="10--12" Center="3" times="19" Sentence="推进粮棉流通体制改革，|积极推进机构改革，" position="126...136--149...157" ConnectiveType="隐式关系" Connective="" Major_relationType="并列性" RelationType="因果性-;目的性-;条件性-;虚拟性-;反转性-;顺序性-;解说性-;例证性-;评价性-;并列性+;递进性-;选择性-" ConnectivePosition="" ConnectiveAttribute="不可添加" RoleLocation="normal" LanguageSense="true"/>
    <relative ID="5" Relation_Pair="12--15" Center="3" times="23" Sentence="积极推进机构改革，|深化社会保障和住房制度改革；" position="149...157--186...199" ConnectiveType="隐式关系" Connective="" Major_relationType="并列性" RelationType="因果性-;目的性-;条件性-;虚拟性-;反转性-;顺序性-;解说性-;例证性-;评价性-;并列性+;递进性-;选择性-" ConnectivePosition="" ConnectiveAttribute="不可添加" RoleLocation="normal" LanguageSense="true"/>
    <relative ID="6" Relation_Pair="15--16" Center="3" times="9" Sentence="深化社会保障和住房制度改革；|着力搞好城市综合配套改革，" position="186...199--200...212" ConnectiveType="隐式关系" Connective="" Major_relationType="并列性" RelationType="因果性-;目的性-;条件性-;虚拟性-;反转性-;顺序性-;解说性-;例证性-;评价性-;并列性+;递进性-;选择性-" ConnectivePosition="" ConnectiveAttribute="不可添加" RoleLocation="normal" LanguageSense="true"/>
    <relative ID="7" Relation_Pair="1--2" Center="1" times="8" Sentence="他说，明年经济体制改革的主要任务是：坚持社会主义市场经济的改革方向，|进一步调整和完善所有制结构，" position="0...33--34...47" ConnectiveType="隐式关系" Connective="" Major_relationType="条件性" RelationType="因果性-;目的性-;条件性+;虚拟性-;反转性-;顺序性-;解说性-;例证性-;评价性-;并列性-;递进性-;选择性-" ConnectivePosition="" ConnectiveAttribute="不可添加" RoleLocation="normal" LanguageSense="true"/>
    <relative ID="8" Relation_Pair="1--3" Center="1" times="7" Sentence="他说，明年经济体制改革的主要任务是：坚持社会主义市场经济的改革方向，|加快国有企业建立现代企业制度步伐，" position="0...33--48...64" ConnectiveType="隐式关系" Connective="" Major_relationType="条件性" RelationType="因果性-;目的性-;条件性+;虚拟性-;反转性-;顺序性-;解说性-;例证性-;评价性-;并列性-;递进性-;选择性-" ConnectivePosition="" ConnectiveAttribute="不可添加" RoleLocation="normal" LanguageSense="true"/>
    <relative ID="9" Relation_Pair="1--4" Center="1" times="7" Sentence="他说，明年经济体制改革的主要任务是：坚持社会主义市场经济的改革方向，|大力推进国有经济战略性改组；" position="0...33--65...78" ConnectiveType="隐式关系" Connective="" Major_relationType="条件性" RelationType="因果性-;目的性-;条件性+;虚拟性-;反转性-;顺序性-;解说性-;例证性-;评价性-;并列性-;递进性-;选择性-" ConnectivePosition="" ConnectiveAttribute="不可添加" RoleLocation="normal" LanguageSense="true"/>
    <relative ID="10" Relation_Pair="5--6" Center="3" times="82" Sentence="加快结构调整，|妥善安置分流富余人员，" position="79...85--86...96" ConnectiveType="隐式关系" Connective="" Major_relationType="并列性" RelationType="因果性-;目的性-;条件性-;虚拟性-;反转性-;顺序性-;解说性-;例证性-;评价性-;并列性+;递进性-;选择性-" ConnectivePosition="" ConnectiveAttribute="不可添加" RoleLocation="normal" LanguageSense="true"/>
    <relative ID="11" Relation_Pair="6--7" Center="1" times="13" Sentence="妥善安置分流富余人员，|实施再就业工程；" position="86...96--97...104" ConnectiveType="隐式关系" Connective="" Major_relationType="目的性" RelationType="因果性-;目的性+;条件性-;虚拟性-;反转性-;顺序性-;解说性-;例证性-;评价性-;并列性-;递进性-;选择性-" ConnectivePosition="" ConnectiveAttribute="不可添加" RoleLocation="normal" LanguageSense="true"/>
    <relative ID="12" Relation_Pair="8--9" Center="1" times="19" Sentence="深化金融体制改革，|继续加强和改善宏观调控；" position="105...113--114...125" ConnectiveType="隐式关系" Connective="" Major_relationType="并列性" RelationType="因果性-;目的性-;条件性-;虚拟性-;反转性-;顺序性+;解说性-;例证性-;评价性-;并列性+;递进性-;选择性-" ConnectivePosition="" ConnectiveAttribute="不可添加" RoleLocation="normal" LanguageSense="true"/>
    <relative ID="13" Relation_Pair="10--11" Center="3" times="18" Sentence="推进粮棉流通体制改革，|积极发展农业产业化经营；" position="126...136--137...148" ConnectiveType="隐式关系" Connective="" Major_relationType="并列性" RelationType="因果性-;目的性-;条件性-;虚拟性-;反转性-;顺序性-;解说性-;例证性-;评价性-;并列性+;递进性-;选择性-" ConnectivePosition="" ConnectiveAttribute="不可添加" RoleLocation="normal" LanguageSense="true"/>
    <relative ID="14" Relation_Pair="12--13" Center="3" times="25" Sentence="积极推进机构改革，|转变政府管理经济方式，" position="149...157--158...168" ConnectiveType="隐式关系" Connective="" Major_relationType="并列性" RelationType="因果性-;目的性-;条件性-;虚拟性-;反转性-;顺序性-;解说性-;例证性-;评价性-;并列性+;递进性-;选择性-" ConnectivePosition="" ConnectiveAttribute="不可添加" RoleLocation="normal" LanguageSense="true"/>
    <relative ID="15" Relation_Pair="13--14" Center="3" times="12" Sentence="转变政府管理经济方式，|探索国有资产管理、监督和营运体制；" position="158...168--169...185" ConnectiveType="隐式关系" Connective="" Major_relationType="并列性" RelationType="因果性-;目的性-;条件性-;虚拟性-;反转性-;顺序性-;解说性-;例证性-;评价性-;并列性+;递进性-;选择性-" ConnectivePosition="" ConnectiveAttribute="不可添加" RoleLocation="normal" LanguageSense="true"/>
    <relative ID="16" Relation_Pair="16--17" Center="1" times="17" Sentence="着力搞好城市综合配套改革，|力争在建立新体制方面取得实质性进展。" position="200...212--213...230" ConnectiveType="隐式关系" Connective="" Major_relationType="目的性" RelationType="因果性-;目的性+;条件性-;虚拟性+;反转性-;顺序性-;解说性-;例证性-;评价性-;并列性-;递进性-;选择性-" ConnectivePosition="" ConnectiveAttribute="不可添加" RoleLocation="normal" LanguageSense="true"/>
  </pragraph>
  <pragraph ID="4" content="1、李铁映说，明年中国深化国有企业改革的重点是整体推进，2、以公司制为主要形式，3、进行旨在建立现代企业制度的全面制度创新。">
    <relative ID="1" Relation_Pair="1--2" Center="3" times="43" Sentence="李铁映说，明年中国深化国有企业改革的重点是整体推进，|以公司制为主要形式，" position="0...25--26...35" ConnectiveType="隐式关系" Connective="" Major_relationType="并列性" RelationType="因果性-;目的性-;条件性-;虚拟性-;反转性-;顺序性-;解说性-;例证性-;评价性-;并列性+;递进性-;选择性-" ConnectivePosition="" ConnectiveAttribute="不可添加" RoleLocation="normal" LanguageSense="true"/>
    <relative ID="2" Relation_Pair="2--3" Center="1" times="15" Sentence="以公司制为主要形式，|进行旨在建立现代企业制度的全面制度创新。" position="26...35--36...55" ConnectiveType="隐式关系" Connective="" Major_relationType="目的性" RelationType="因果性-;目的性+;条件性-;虚拟性-;反转性-;顺序性-;解说性-;例证性-;评价性-;并列性-;递进性-;选择性-" ConnectivePosition="" ConnectiveAttribute="不可添加" RoleLocation="normal" LanguageSense="true"/>
  </pragraph>
  <pragraph ID="5" content="1、中国政府最近提出，要用三年左右的时间，2、通过改革、改组、改造和加强管理，3、使大多数国有大中型亏损企业摆脱困境，4、力争到本世纪末使大多数国有大中型骨干企业初步建立现代企业制度。5、目前，国务院正在研究制定三年国有企业改革的具体规划和政策。">
    <relative ID="1" Relation_Pair="1--2" Center="2" times="35" Sentence="中国政府最近提出，要用三年左右的时间，|通过改革、改组、改造和加强管理，" position="0...18--19...34" ConnectiveType="隐式关系" Connective="" Major_relationType="解说性" RelationType="因果性-;目的性-;条件性-;虚拟性+;反转性-;顺序性-;解说性+;例证性-;评价性-;并列性-;递进性-;选择性-" ConnectivePosition="" ConnectiveAttribute="不可添加" RoleLocation="normal" LanguageSense="true"/>
    <relative ID="2" Relation_Pair="2--3" Center="1" times="28" Sentence="通过改革、改组、改造和加强管理，|使大多数国有大中型亏损企业摆脱困境，" position="19...34--35...52" ConnectiveType="隐式关系" Connective="" Major_relationType="因果性" RelationType="因果性+;目的性+;条件性-;虚拟性-;反转性-;顺序性-;解说性-;例证性-;评价性-;并列性-;递进性-;选择性-" ConnectivePosition="" ConnectiveAttribute="不可添加" RoleLocation="normal" LanguageSense="true"/>
    <relative ID="3" Relation_Pair="2--4" Center="1" times="14" Sentence="通过改革、改组、改造和加强管理，|力争到本世纪末使大多数国有大中型骨干企业初步建立现代企业制度。" position="19...34--53...83" ConnectiveType="隐式关系" Connective="" Major_relationType="目的性" RelationType="因果性-;目的性+;条件性-;虚拟性-;反转性-;顺序性-;解说性-;例证性-;评价性-;并列性-;递进性-;选择性-" ConnectivePosition="" ConnectiveAttribute="不可添加" RoleLocation="normal" LanguageSense="true"/>
    <relative ID="4" Relation_Pair="2--5" Center="3" times="47" Sentence="通过改革、改组、改造和加强管理，|目前，国务院正在研究制定三年国有企业改革的具体规划和政策。" position="19...34--84...112" ConnectiveType="隐式关系" Connective="" Major_relationType="并列性" RelationType="因果性-;目的性-;条件性-;虚拟性+;反转性-;顺序性-;解说性-;例证性-;评价性-;并列性+;递进性-;选择性-" ConnectivePosition="" ConnectiveAttribute="不可添加" RoleLocation="normal" LanguageSense="true"/>
  </pragraph>
  <pragraph ID="6" content="1、李铁映指出，中国将积极推进以“抓大放小”为主要内容的国有企业战略性改组，2、在将国有企业改建为投资主体多元、股权结构合理的有限公司和股份公司时，在以资本为纽带构造母子公司体制，理顺集团内部关系时，都要防止行政方式的“拉郎配”、“归大堆”。3、要鼓励通过收购、兼并、联合，4、发展一批工技贸相结合跨地区、跨行业、跨所有制和跨国经营的大公司、大集团。">
    <relative ID="1" Relation_Pair="1--2" Center="3" times="16" Sentence="李铁映指出，中国将积极推进以“抓大放小”为主要内容的国有企业战略性改组，|在将国有企业改建为投资主体多元、股权结构合理的有限公司和股份公司时，在以资本为纽带构造母子公司体制，理顺集团内部关系时，都要防止行政方式的“拉郎配”、“归大堆”。" position="0...35--36...116" ConnectiveType="隐式关系" Connective="" Major_relationType="并列性" RelationType="因果性-;目的性-;条件性-;虚拟性-;反转性-;顺序性-;解说性-;例证性-;评价性-;并列性+;递进性-;选择性-" ConnectivePosition="" ConnectiveAttribute="不可添加" RoleLocation="normal" LanguageSense="true"/>
    <relative ID="2" Relation_Pair="3--4" Center="2" times="38" Sentence="要鼓励通过收购、兼并、联合，|发展一批工技贸相结合跨地区、跨行业、跨所有制和跨国经营的大公司、大集团。" position="117...130--131...166" ConnectiveType="隐式关系" Connective="" Major_relationType="目的性" RelationType="因果性+;目的性+;条件性-;虚拟性+;反转性-;顺序性-;解说性-;例证性-;评价性-;并列性-;递进性-;选择性-" ConnectivePosition="" ConnectiveAttribute="不可添加" RoleLocation="normal" LanguageSense="true"/>
    <relative ID="3" Relation_Pair="2--3" Center="2" times="17" Sentence="在将国有企业改建为投资主体多元、股权结构合理的有限公司和股份公司时，在以资本为纽带构造母子公司体制，理顺集团内部关系时，都要防止行政方式的“拉郎配”、“归大堆”。|要鼓励通过收购、兼并、联合，" position="36...116--117...130" ConnectiveType="隐式关系" Connective="" Major_relationType="解说性" RelationType="因果性-;目的性-;条件性-;虚拟性-;反转性-;顺序性-;解说性+;例证性-;评价性-;并列性-;递进性-;选择性-" ConnectivePosition="" ConnectiveAttribute="不可添加" RoleLocation="normal" LanguageSense="true"/>
  </pragraph>
  <pragraph ID="7" content="1、据统计，目前中国共有国有企业三十多万家，2、其中国有大中型企业一万四千五百多家。3、近一段时期，中国国有企业改革的力度明显加大，4、企业间的收购、兼并、“强强联合”形成了一定的规模。">
    <relative ID="1" Relation_Pair="1--2" Center="1" times="20" Sentence="据统计，目前中国共有国有企业三十多万家，|其中国有大中型企业一万四千五百多家。" position="0...19--20...37" ConnectiveType="显式关系" Connective="其中" Major_relationType="解说性" RelationType="因果性-;目的性-;条件性-;虚拟性-;反转性-;顺序性-;解说性+;例证性-;评价性-;并列性-;递进性-;选择性-" ConnectivePosition="21…23" ConnectiveAttribute="不可删除" RoleLocation="normal" LanguageSense="true"/>
    <relative ID="2" Relation_Pair="3--4" Center="1" times="57" Sentence="近一段时期，中国国有企业改革的力度明显加大，|企业间的收购、兼并、“强强联合”形成了一定的规模。" position="38...59--60...84" ConnectiveType="隐式关系" Connective="" Major_relationType="因果性" RelationType="因果性+;目的性-;条件性-;虚拟性-;反转性-;顺序性+;解说性-;例证性-;评价性+;并列性-;递进性-;选择性-" ConnectivePosition="" ConnectiveAttribute="不可添加" RoleLocation="normal" LanguageSense="true"/>
    <relative ID="3" Relation_Pair="1--3" Center="2" times="16" Sentence="据统计，目前中国共有国有企业三十多万家，|近一段时期，中国国有企业改革的力度明显加大，" position="0...19--38...59" ConnectiveType="隐式关系" Connective="" Major_relationType="解说性" RelationType="因果性-;目的性-;条件性-;虚拟性-;反转性-;顺序性-;解说性+;例证性-;评价性-;并列性-;递进性-;选择性-" ConnectivePosition="" ConnectiveAttribute="不可添加" RoleLocation="normal" LanguageSense="true"/>
  </pragraph>
  <pragraph ID="8" content="1、李铁映说，住房制度改革要着眼于建立福利分配货币化的新机制，2、加快住房实物分配向货币分配转变的进程。">
    <relative ID="1" Relation_Pair="1--2" Center="3" times="20" Sentence="李铁映说，住房制度改革要着眼于建立福利分配货币化的新机制，|加快住房实物分配向货币分配转变的进程。" position="0...28--29...47" ConnectiveType="隐式关系" Connective="" Major_relationType="并列性" RelationType="因果性-;目的性-;条件性-;虚拟性-;反转性-;顺序性-;解说性-;例证性-;评价性-;并列性+;递进性-;选择性-" ConnectivePosition="" ConnectiveAttribute="不可添加" RoleLocation="normal" LanguageSense="true"/>
  </pragraph>
  <pragraph ID="9" content="1、在谈到农村体制改革时，李铁映强调，要坚持家庭联产承包责任制长期不变，2、积极探索建立土地使用权有偿流转制度，3、促进土地规模经营；4、要通过改革，5、逐步建立国家宏观调控下中央和地方责权分明、适应社会主义市场经济需要、适合国情的粮食流通体制；6、要通过推行农业产业化经营，7、增加农民收入和地方财政收入，8、培育新的经济增长点。">
    <relative ID="1" Relation_Pair="1--4" Center="3" times="21" Sentence="在谈到农村体制改革时，李铁映强调，要坚持家庭联产承包责任制长期不变，|要通过改革，" position="0...33--61...66" ConnectiveType="隐式关系" Connective="" Major_relationType="并列性" RelationType="因果性-;目的性-;条件性-;虚拟性-;反转性-;顺序性-;解说性-;例证性-;评价性-;并列性+;递进性-;选择性-" ConnectivePosition="" ConnectiveAttribute="不可添加" RoleLocation="normal" LanguageSense="true"/>
    <relative ID="2" Relation_Pair="4--6" Center="3" times="16" Sentence="要通过改革，|要通过推行农业产业化经营，" position="61...66--113...125" ConnectiveType="隐式关系" Connective="" Major_relationType="并列性" RelationType="因果性-;目的性-;条件性-;虚拟性-;反转性-;顺序性-;解说性-;例证性-;评价性-;并列性+;递进性-;选择性-" ConnectivePosition="" ConnectiveAttribute="不可添加" RoleLocation="normal" LanguageSense="true"/>
    <relative ID="3" Relation_Pair="1--2" Center="3" times="11" Sentence="在谈到农村体制改革时，李铁映强调，要坚持家庭联产承包责任制长期不变，|积极探索建立土地使用权有偿流转制度，" position="0...33--34...51" ConnectiveType="隐式关系" Connective="" Major_relationType="并列性" RelationType="因果性-;目的性-;条件性-;虚拟性-;反转性-;顺序性-;解说性-;例证性-;评价性-;并列性+;递进性-;选择性-" ConnectivePosition="" ConnectiveAttribute="不可添加" RoleLocation="normal" LanguageSense="true"/>
    <relative ID="4" Relation_Pair="2--3" Center="1" times="14" Sentence="积极探索建立土地使用权有偿流转制度，|促进土地规模经营；" position="34...51--52...60" ConnectiveType="隐式关系" Connective="" Major_relationType="目的性" RelationType="因果性-;目的性+;条件性-;虚拟性-;反转性-;顺序性-;解说性-;例证性-;评价性-;并列性-;递进性-;选择性-" ConnectivePosition="" ConnectiveAttribute="不可添加" RoleLocation="normal" LanguageSense="true"/>
    <relative ID="5" Relation_Pair="4--5" Center="1" times="18" Sentence="要通过改革，|逐步建立国家宏观调控下中央和地方责权分明、适应社会主义市场经济需要、适合国情的粮食流通体制；" position="61...66--67...112" ConnectiveType="隐式关系" Connective="" Major_relationType="因果性" RelationType="因果性+;目的性+;条件性-;虚拟性-;反转性-;顺序性-;解说性-;例证性-;评价性-;并列性-;递进性-;选择性-" ConnectivePosition="" ConnectiveAttribute="不可添加" RoleLocation="normal" LanguageSense="true"/>
    <relative ID="6" Relation_Pair="6--7" Center="1" times="10" Sentence="要通过推行农业产业化经营，|增加农民收入和地方财政收入，" position="113...125--126...139" ConnectiveType="隐式关系" Connective="" Major_relationType="目的性" RelationType="因果性-;目的性+;条件性-;虚拟性-;反转性-;顺序性-;解说性-;例证性-;评价性-;并列性-;递进性-;选择性-" ConnectivePosition="" ConnectiveAttribute="不可添加" RoleLocation="normal" LanguageSense="true"/>
    <relative ID="7" Relation_Pair="6--8" Center="1" times="8" Sentence="要通过推行农业产业化经营，|培育新的经济增长点。" position="113...125--140...149" ConnectiveType="隐式关系" Connective="" Major_relationType="目的性" RelationType="因果性-;目的性+;条件性-;虚拟性-;反转性-;顺序性-;解说性-;例证性-;评价性-;并列性-;递进性-;选择性-" ConnectivePosition="" ConnectiveAttribute="不可添加" RoleLocation="normal" LanguageSense="true"/>
  </pragraph>
  <pragraph ID="10" content="1、李铁映说，中国有决心、有信心实现到本世纪末初步建立社会主义市场经济体制的目标。2、对一些阻碍新体制建立的体制因素，将有计划地重点突破，3、以加速实现资源配置市场化，福利分配货币化，公共服务社会化，经济运行法制化，4、开创经济体制改革的新局面。">
    <relative ID="1" Relation_Pair="1--2" Center="1" times="17" Sentence="李铁映说，中国有决心、有信心实现到本世纪末初步建立社会主义市场经济体制的目标。|对一些阻碍新体制建立的体制因素，将有计划地重点突破，" position="0...38--39...64" ConnectiveType="隐式关系" Connective="" Major_relationType="解说性" RelationType="因果性-;目的性-;条件性-;虚拟性-;反转性-;顺序性-;解说性+;例证性-;评价性-;并列性-;递进性-;选择性-" ConnectivePosition="" ConnectiveAttribute="不可添加" RoleLocation="normal" LanguageSense="true"/>
    <relative ID="2" Relation_Pair="2--3" Center="2" times="21" Sentence="对一些阻碍新体制建立的体制因素，将有计划地重点突破，|以加速实现资源配置市场化，福利分配货币化，公共服务社会化，经济运行法制化，" position="39...64--65...101" ConnectiveType="隐式关系" Connective="" Major_relationType="目的性" RelationType="因果性-;目的性+;条件性-;虚拟性-;反转性-;顺序性-;解说性-;例证性-;评价性-;并列性-;递进性-;选择性-" ConnectivePosition="" ConnectiveAttribute="不可添加" RoleLocation="normal" LanguageSense="true"/>
    <relative ID="3" Relation_Pair="3--4" Center="2" times="31" Sentence="以加速实现资源配置市场化，福利分配货币化，公共服务社会化，经济运行法制化，|开创经济体制改革的新局面。" position="65...101--102...114" ConnectiveType="隐式关系" Connective="" Major_relationType="目的性" RelationType="因果性-;目的性+;条件性-;虚拟性-;反转性-;顺序性-;解说性-;例证性-;评价性-;并列性-;递进性-;选择性-" ConnectivePosition="" ConnectiveAttribute="不可添加" RoleLocation="normal" LanguageSense="true"/>
  </pragraph>
</doc>
