<?xml version="1.0" encoding="UTF-8"?>

<doc>
  <pragraph ID="2" content="1、在即将过去的一九九七年，深圳、珠海、汕头、厦门、海南五大经济特区积极增创新优势，2、培育新的经济增长点，3、整个经济保持了强劲增长的势头，4、为向新世纪迈进继续构筑雄厚的实力基础。">
    <relative ID="1" Relation_Pair="1--3" Center="2" times="47" Sentence="在即将过去的一九九七年，深圳、珠海、汕头、厦门、海南五大经济特区积极增创新优势，|整个经济保持了强劲增长的势头，" position="0...39--50...64" ConnectiveType="隐式关系" Connective="" Major_relationType="因果性" RelationType="因果性+;目的性-;条件性-;虚拟性-;反转性-;顺序性-;解说性-;例证性-;评价性-;并列性-;递进性-;选择性-" ConnectivePosition="" ConnectiveAttribute="不可添加" RoleLocation="normal" LanguageSense="true"/>
    <relative ID="2" Relation_Pair="2--3" Center="2" times="6" Sentence="培育新的经济增长点，|整个经济保持了强劲增长的势头，" position="40...49--50...64" ConnectiveType="隐式关系" Connective="" Major_relationType="因果性" RelationType="因果性+;目的性-;条件性-;虚拟性-;反转性-;顺序性-;解说性-;例证性-;评价性-;并列性-;递进性-;选择性-" ConnectivePosition="" ConnectiveAttribute="不可添加" RoleLocation="normal" LanguageSense="true"/>
    <relative ID="3" Relation_Pair="3--4" Center="1" times="12" Sentence="整个经济保持了强劲增长的势头，|为向新世纪迈进继续构筑雄厚的实力基础。" position="50...64--65...83" ConnectiveType="隐式关系" Connective="" Major_relationType="评价性" RelationType="因果性-;目的性-;条件性-;虚拟性-;反转性-;顺序性-;解说性-;例证性-;评价性+;并列性-;递进性-;选择性-" ConnectivePosition="" ConnectiveAttribute="不可添加" RoleLocation="normal" LanguageSense="true"/>
  </pragraph>
  <pragraph ID="3" content="1、深圳特区国民经济一九九七年继续呈现喜人的增长势头，2、全年国内生产总值可达一千一百三十亿元，3、比去年增长百分之十六；4、地方预算内财政收入一百四十亿元，5、增长百分之六点三。6、财政收支状况良好，7、金融运行平稳，8、房地产市场渐趋回暖。">
    <relative ID="1" Relation_Pair="1--2" Center="1" times="8" Sentence="深圳特区国民经济一九九七年继续呈现喜人的增长势头，|全年国内生产总值可达一千一百三十亿元，" position="0...24--25...43" ConnectiveType="隐式关系" Connective="" Major_relationType="解说性" RelationType="因果性-;目的性-;条件性-;虚拟性-;反转性-;顺序性-;解说性+;例证性-;评价性-;并列性-;递进性-;选择性-" ConnectivePosition="" ConnectiveAttribute="不可添加" RoleLocation="normal" LanguageSense="true"/>
    <relative ID="2" Relation_Pair="2--3" Center="1" times="9" Sentence="全年国内生产总值可达一千一百三十亿元，|比去年增长百分之十六；" position="25...43--44...54" ConnectiveType="隐式关系" Connective="" Major_relationType="评价性" RelationType="因果性-;目的性-;条件性-;虚拟性-;反转性-;顺序性-;解说性-;例证性-;评价性+;并列性-;递进性-;选择性-" ConnectivePosition="" ConnectiveAttribute="不可添加" RoleLocation="normal" LanguageSense="true"/>
    <relative ID="3" Relation_Pair="1--4" Center="1" times="11" Sentence="深圳特区国民经济一九九七年继续呈现喜人的增长势头，|地方预算内财政收入一百四十亿元，" position="0...24--55...70" ConnectiveType="隐式关系" Connective="" Major_relationType="解说性" RelationType="因果性-;目的性-;条件性-;虚拟性-;反转性-;顺序性-;解说性+;例证性-;评价性-;并列性-;递进性-;选择性-" ConnectivePosition="" ConnectiveAttribute="不可添加" RoleLocation="normal" LanguageSense="true"/>
    <relative ID="4" Relation_Pair="4--5" Center="1" times="7" Sentence="地方预算内财政收入一百四十亿元，|增长百分之六点三。" position="55...70--71...79" ConnectiveType="隐式关系" Connective="" Major_relationType="评价性" RelationType="因果性-;目的性-;条件性-;虚拟性-;反转性-;顺序性-;解说性-;例证性-;评价性+;并列性-;递进性-;选择性-" ConnectivePosition="" ConnectiveAttribute="不可添加" RoleLocation="normal" LanguageSense="true"/>
    <relative ID="5" Relation_Pair="1--6" Center="1" times="38" Sentence="深圳特区国民经济一九九七年继续呈现喜人的增长势头，|财政收支状况良好，" position="0...24--80...88" ConnectiveType="隐式关系" Connective="" Major_relationType="解说性" RelationType="因果性-;目的性-;条件性-;虚拟性-;反转性-;顺序性-;解说性+;例证性-;评价性-;并列性-;递进性-;选择性-" ConnectivePosition="" ConnectiveAttribute="不可添加" RoleLocation="normal" LanguageSense="true"/>
    <relative ID="6" Relation_Pair="1--7" Center="1" times="6" Sentence="深圳特区国民经济一九九七年继续呈现喜人的增长势头，|金融运行平稳，" position="0...24--89...95" ConnectiveType="隐式关系" Connective="" Major_relationType="解说性" RelationType="因果性-;目的性-;条件性-;虚拟性-;反转性-;顺序性-;解说性+;例证性-;评价性-;并列性-;递进性-;选择性-" ConnectivePosition="" ConnectiveAttribute="不可添加" RoleLocation="normal" LanguageSense="true"/>
    <relative ID="7" Relation_Pair="1--8" Center="1" times="21" Sentence="深圳特区国民经济一九九七年继续呈现喜人的增长势头，|房地产市场渐趋回暖。" position="0...24--96...105" ConnectiveType="隐式关系" Connective="" Major_relationType="解说性" RelationType="因果性-;目的性-;条件性-;虚拟性-;反转性-;顺序性-;解说性+;例证性-;评价性-;并列性-;递进性-;选择性-" ConnectivePosition="" ConnectiveAttribute="不可添加" RoleLocation="normal" LanguageSense="true"/>
  </pragraph>
  <pragraph ID="4" content="1、今年深圳特区利用地处开放前沿的独特优势，2、大力加强对外经贸合作，3、成效显著。4、利用外资趋向多元化，5、大批特区企业走向国际资本市场直接融资。6、全年实际利用外资预计可达二十八亿美元，7、增长百分之十五点六。8、深圳外贸出口迅速回升，9、远洋贸易和机电出口比重提高。10、全市今年工业总产值预计达一千二百五十五亿元，11、增长百分之十七点五。12、香港回归后，深港两地经贸关系得到加强，13、深港西部通道等三大基础设施衔接项目目前进展顺利。">
    <relative ID="1" Relation_Pair="1--2" Center="2" times="125" Sentence="今年深圳特区利用地处开放前沿的独特优势，|大力加强对外经贸合作，" position="0...19--20...30" ConnectiveType="隐式关系" Connective="" Major_relationType="目的性" RelationType="因果性-;目的性+;条件性-;虚拟性-;反转性-;顺序性-;解说性-;例证性-;评价性-;并列性-;递进性-;选择性-" ConnectivePosition="" ConnectiveAttribute="不可添加" RoleLocation="normal" LanguageSense="true"/>
    <relative ID="2" Relation_Pair="2--3" Center="1" times="11" Sentence="大力加强对外经贸合作，|成效显著。" position="20...30--31...35" ConnectiveType="隐式关系" Connective="" Major_relationType="评价性" RelationType="因果性-;目的性-;条件性-;虚拟性-;反转性-;顺序性-;解说性-;例证性-;评价性+;并列性-;递进性-;选择性-" ConnectivePosition="" ConnectiveAttribute="不可添加" RoleLocation="normal" LanguageSense="true"/>
    <relative ID="3" Relation_Pair="4--5" Center="2" times="43" Sentence="利用外资趋向多元化，|大批特区企业走向国际资本市场直接融资。" position="36...45--46...64" ConnectiveType="隐式关系" Connective="" Major_relationType="因果性" RelationType="因果性+;目的性-;条件性-;虚拟性-;反转性-;顺序性-;解说性-;例证性-;评价性-;并列性-;递进性-;选择性-" ConnectivePosition="" ConnectiveAttribute="不可添加" RoleLocation="normal" LanguageSense="true"/>
    <relative ID="4" Relation_Pair="6--7" Center="1" times="65" Sentence="全年实际利用外资预计可达二十八亿美元，|增长百分之十五点六。" position="65...83--84...93" ConnectiveType="隐式关系" Connective="" Major_relationType="解说性" RelationType="因果性-;目的性-;条件性-;虚拟性-;反转性-;顺序性-;解说性+;例证性-;评价性-;并列性-;递进性-;选择性-" ConnectivePosition="" ConnectiveAttribute="不可添加" RoleLocation="normal" LanguageSense="true"/>
    <relative ID="5" Relation_Pair="8--9" Center="1" times="169" Sentence="深圳外贸出口迅速回升，|远洋贸易和机电出口比重提高。" position="94...104--105...118" ConnectiveType="隐式关系" Connective="" Major_relationType="解说性" RelationType="因果性-;目的性-;条件性-;虚拟性-;反转性-;顺序性-;解说性+;例证性+;评价性-;并列性-;递进性-;选择性-" ConnectivePosition="" ConnectiveAttribute="不可添加" RoleLocation="normal" LanguageSense="true"/>
    <relative ID="6" Relation_Pair="10--11" Center="1" times="12" Sentence="全市今年工业总产值预计达一千二百五十五亿元，|增长百分之十七点五。" position="119...140--141...150" ConnectiveType="隐式关系" Connective="" Major_relationType="解说性" RelationType="因果性-;目的性-;条件性-;虚拟性-;反转性-;顺序性-;解说性+;例证性-;评价性-;并列性-;递进性-;选择性-" ConnectivePosition="" ConnectiveAttribute="不可添加" RoleLocation="normal" LanguageSense="true"/>
    <relative ID="7" Relation_Pair="12--13" Center="3" times="18" Sentence="香港回归后，深港两地经贸关系得到加强，|深港西部通道等三大基础设施衔接项目目前进展顺利。" position="151...169--170...193" ConnectiveType="隐式关系" Connective="" Major_relationType="并列性" RelationType="因果性-;目的性-;条件性-;虚拟性-;反转性-;顺序性-;解说性-;例证性-;评价性-;并列性+;递进性-;选择性-" ConnectivePosition="" ConnectiveAttribute="不可添加" RoleLocation="normal" LanguageSense="true"/>
    <relative ID="8" Relation_Pair="2--5" Center="2" times="125" Sentence="大力加强对外经贸合作，|大批特区企业走向国际资本市场直接融资。" position="20...30--46...64" ConnectiveType="隐式关系" Connective="" Major_relationType="因果性" RelationType="因果性+;目的性-;条件性-;虚拟性-;反转性-;顺序性-;解说性-;例证性-;评价性-;并列性-;递进性-;选择性-" ConnectivePosition="" ConnectiveAttribute="不可添加" RoleLocation="normal" LanguageSense="false"/>
    <relative ID="9" Relation_Pair="5--6" Center="1" times="28" Sentence="大批特区企业走向国际资本市场直接融资。|全年实际利用外资预计可达二十八亿美元，" position="46...64--65...83" ConnectiveType="隐式关系" Connective="" Major_relationType="解说性" RelationType="因果性+;目的性-;条件性-;虚拟性-;反转性-;顺序性-;解说性+;例证性-;评价性-;并列性-;递进性-;选择性-" ConnectivePosition="" ConnectiveAttribute="不可添加" RoleLocation="normal" LanguageSense="true"/>
    <relative ID="10" Relation_Pair="5--8" Center="1" times="62" Sentence="大批特区企业走向国际资本市场直接融资。|深圳外贸出口迅速回升，" position="46...64--94...104" ConnectiveType="隐式关系" Connective="" Major_relationType="因果性" RelationType="因果性+;目的性-;条件性-;虚拟性-;反转性-;顺序性-;解说性-;例证性-;评价性-;并列性-;递进性-;选择性-" ConnectivePosition="" ConnectiveAttribute="不可添加" RoleLocation="normal" LanguageSense="true"/>
    <relative ID="11" Relation_Pair="5--10" Center="1" times="32" Sentence="大批特区企业走向国际资本市场直接融资。|全市今年工业总产值预计达一千二百五十五亿元，" position="46...64--119...140" ConnectiveType="隐式关系" Connective="" Major_relationType="因果性" RelationType="因果性+;目的性-;条件性-;虚拟性+;反转性-;顺序性+;解说性-;例证性-;评价性-;并列性-;递进性-;选择性-" ConnectivePosition="" ConnectiveAttribute="不可添加" RoleLocation="normal" LanguageSense="true"/>
    <relative ID="12" Relation_Pair="2--12" Center="1" times="92" Sentence="大力加强对外经贸合作，|香港回归后，深港两地经贸关系得到加强，" position="20...30--151...169" ConnectiveType="隐式关系" Connective="" Major_relationType="例证性" RelationType="因果性-;目的性-;条件性-;虚拟性-;反转性-;顺序性-;解说性-;例证性+;评价性-;并列性-;递进性-;选择性-" ConnectivePosition="" ConnectiveAttribute="不可添加" RoleLocation="normal" LanguageSense="true"/>
  </pragraph>
  <pragraph ID="5" content="1、随着一批大型基础设施项目建设的展开和陆续投入使用，珠海为跨世纪经济发展而构筑的立体交通框架已初具规模：2、广珠铁路已全面动工，3、京珠等高速公路建设紧锣密鼓地进行，4、珠海机场和珠海港已投入营运，5、经营状况良好；6、还有一批大型基础设施及其配套工程正在加紧筹建。">
    <relative ID="1" Relation_Pair="1--2" Center="1" times="97" Sentence="随着一批大型基础设施项目建设的展开和陆续投入使用，珠海为跨世纪经济发展而构筑的立体交通框架已初具规模：|广珠铁路已全面动工，" position="0...50--51...60" ConnectiveType="隐式关系" Connective="" Major_relationType="解说性" RelationType="因果性-;目的性-;条件性-;虚拟性-;反转性-;顺序性-;解说性+;例证性-;评价性-;并列性-;递进性-;选择性-" ConnectivePosition="" ConnectiveAttribute="不可添加" RoleLocation="normal" LanguageSense="true"/>
    <relative ID="2" Relation_Pair="1--3" Center="1" times="8" Sentence="随着一批大型基础设施项目建设的展开和陆续投入使用，珠海为跨世纪经济发展而构筑的立体交通框架已初具规模：|京珠等高速公路建设紧锣密鼓地进行，" position="0...50--61...77" ConnectiveType="隐式关系" Connective="" Major_relationType="解说性" RelationType="因果性-;目的性-;条件性-;虚拟性-;反转性-;顺序性-;解说性+;例证性-;评价性-;并列性-;递进性-;选择性-" ConnectivePosition="" ConnectiveAttribute="不可添加" RoleLocation="normal" LanguageSense="true"/>
    <relative ID="3" Relation_Pair="1--4" Center="1" times="7" Sentence="随着一批大型基础设施项目建设的展开和陆续投入使用，珠海为跨世纪经济发展而构筑的立体交通框架已初具规模：|珠海机场和珠海港已投入营运，" position="0...50--78...91" ConnectiveType="隐式关系" Connective="" Major_relationType="解说性" RelationType="因果性-;目的性-;条件性-;虚拟性-;反转性-;顺序性-;解说性+;例证性-;评价性-;并列性-;递进性-;选择性-" ConnectivePosition="" ConnectiveAttribute="不可添加" RoleLocation="normal" LanguageSense="true"/>
    <relative ID="4" Relation_Pair="4--5" Center="1" times="17" Sentence="珠海机场和珠海港已投入营运，|经营状况良好；" position="78...91--92...98" ConnectiveType="隐式关系" Connective="" Major_relationType="评价性" RelationType="因果性-;目的性-;条件性-;虚拟性-;反转性-;顺序性-;解说性-;例证性-;评价性+;并列性-;递进性-;选择性-" ConnectivePosition="" ConnectiveAttribute="不可添加" RoleLocation="normal" LanguageSense="true"/>
    <relative ID="5" Relation_Pair="1--6" Center="1" times="22" Sentence="随着一批大型基础设施项目建设的展开和陆续投入使用，珠海为跨世纪经济发展而构筑的立体交通框架已初具规模：|还有一批大型基础设施及其配套工程正在加紧筹建。" position="0...50--99...121" ConnectiveType="隐式关系" Connective="" Major_relationType="解说性" RelationType="因果性-;目的性-;条件性-;虚拟性-;反转性-;顺序性-;解说性+;例证性-;评价性-;并列性-;递进性-;选择性-" ConnectivePosition="" ConnectiveAttribute="不可添加" RoleLocation="normal" LanguageSense="true"/>
  </pragraph>
  <pragraph ID="6" content="1、珠海投资环境日臻完善，2、为国际财团投资提供了广阔的空间。3、美国的美孚、埃索、阿莫科，荷兰的壳牌，日本的岩谷，香港的长江实业等一批财团纷纷到珠海落户。4、据统计，今年头十一个月，珠海新批利用外资合同三百零一项，5、合同投资金额二十四点六亿美元，6、实际利用外资八点八九亿美元，7、比去年同期增长百分之十一点九。">
    <relative ID="1" Relation_Pair="1--2" Center="2" times="18" Sentence="珠海投资环境日臻完善，|为国际财团投资提供了广阔的空间。" position="0...10--11...26" ConnectiveType="隐式关系" Connective="" Major_relationType="因果性" RelationType="因果性+;目的性-;条件性-;虚拟性-;反转性-;顺序性-;解说性-;例证性-;评价性-;并列性-;递进性-;选择性-" ConnectivePosition="" ConnectiveAttribute="不可添加" RoleLocation="normal" LanguageSense="true"/>
    <relative ID="2" Relation_Pair="2--3" Center="1" times="69" Sentence="为国际财团投资提供了广阔的空间。|美国的美孚、埃索、阿莫科，荷兰的壳牌，日本的岩谷，香港的长江实业等一批财团纷纷到珠海落户。" position="11...26--27...71" ConnectiveType="隐式关系" Connective="" Major_relationType="解说性" RelationType="因果性+;目的性-;条件性-;虚拟性-;反转性-;顺序性-;解说性+;例证性-;评价性-;并列性-;递进性-;选择性-" ConnectivePosition="" ConnectiveAttribute="不可添加" RoleLocation="normal" LanguageSense="true"/>
    <relative ID="3" Relation_Pair="4--5" Center="3" times="43" Sentence="据统计，今年头十一个月，珠海新批利用外资合同三百零一项，|合同投资金额二十四点六亿美元，" position="72...99--100...114" ConnectiveType="隐式关系" Connective="" Major_relationType="并列性" RelationType="因果性-;目的性-;条件性-;虚拟性-;反转性-;顺序性-;解说性+;例证性-;评价性-;并列性+;递进性-;选择性-" ConnectivePosition="" ConnectiveAttribute="不可添加" RoleLocation="normal" LanguageSense="true"/>
    <relative ID="4" Relation_Pair="5--6" Center="1" times="10" Sentence="合同投资金额二十四点六亿美元，|实际利用外资八点八九亿美元，" position="100...114--115...128" ConnectiveType="隐式关系" Connective="" Major_relationType="解说性" RelationType="因果性-;目的性-;条件性-;虚拟性-;反转性-;顺序性-;解说性+;例证性-;评价性-;并列性-;递进性-;选择性-" ConnectivePosition="" ConnectiveAttribute="不可添加" RoleLocation="normal" LanguageSense="true"/>
    <relative ID="5" Relation_Pair="6--7" Center="1" times="11" Sentence="实际利用外资八点八九亿美元，|比去年同期增长百分之十一点九。" position="115...128--129...143" ConnectiveType="隐式关系" Connective="" Major_relationType="评价性" RelationType="因果性-;目的性-;条件性-;虚拟性-;反转性-;顺序性-;解说性-;例证性-;评价性+;并列性-;递进性-;选择性-" ConnectivePosition="" ConnectiveAttribute="不可添加" RoleLocation="normal" LanguageSense="true"/>
    <relative ID="6" Relation_Pair="3--4" Center="2" times="116" Sentence="美国的美孚、埃索、阿莫科，荷兰的壳牌，日本的岩谷，香港的长江实业等一批财团纷纷到珠海落户。|据统计，今年头十一个月，珠海新批利用外资合同三百零一项，" position="27...71--72...99" ConnectiveType="隐式关系" Connective="" Major_relationType="因果性" RelationType="因果性+;目的性-;条件性-;虚拟性-;反转性-;顺序性-;解说性-;例证性-;评价性-;并列性-;递进性-;选择性-" ConnectivePosition="" ConnectiveAttribute="不可添加" RoleLocation="normal" LanguageSense="true"/>
  </pragraph>
  <pragraph ID="7" content="1、以海港、空港为中心，铁路、高速公路、跨海大桥为骨架的海陆空现代化交通体系的建立和完善，2、使汕头特区的区位优势日益明显。3、到今年年底，全市港口码头五千吨以上泊位达到二十六个，4、其中万吨级以上泊位八个，5、年综合吞吐能力二千一百一十二万吨。6、汕头机场开通国际国内航线四十四条，7、旅客吞吐量在全国民航系统居十一位。8、程控电话总容量达七十七点八一万门，9、移动电话平均每十人一部；10、今年八月国际海底光缆汕头登陆站奠基，11、预示着这里成为国际通信网络的重要节点。">
    <relative ID="1" Relation_Pair="1--2" Center="2" times="75" Sentence="以海港、空港为中心，铁路、高速公路、跨海大桥为骨架的海陆空现代化交通体系的建立和完善，|使汕头特区的区位优势日益明显。" position="0...42--43...57" ConnectiveType="显式关系" Connective="使" Major_relationType="因果性" RelationType="因果性+;目的性-;条件性-;虚拟性-;反转性-;顺序性-;解说性-;例证性-;评价性+;并列性-;递进性-;选择性-" ConnectivePosition="44…45" ConnectiveAttribute="不可删除" RoleLocation="normal" LanguageSense="true"/>
    <relative ID="2" Relation_Pair="3--4" Center="1" times="14" Sentence="到今年年底，全市港口码头五千吨以上泊位达到二十六个，|其中万吨级以上泊位八个，" position="58...83--84...95" ConnectiveType="显式关系" Connective="其中" Major_relationType="解说性" RelationType="因果性-;目的性-;条件性-;虚拟性-;反转性-;顺序性-;解说性+;例证性-;评价性-;并列性-;递进性-;选择性-" ConnectivePosition="87…89" ConnectiveAttribute="不可删除" RoleLocation="normal" LanguageSense="true"/>
    <relative ID="3" Relation_Pair="3--5" Center="3" times="15" Sentence="到今年年底，全市港口码头五千吨以上泊位达到二十六个，|年综合吞吐能力二千一百一十二万吨。" position="58...83--96...112" ConnectiveType="隐式关系" Connective="" Major_relationType="并列性" RelationType="因果性-;目的性-;条件性-;虚拟性-;反转性-;顺序性-;解说性+;例证性-;评价性-;并列性+;递进性-;选择性-" ConnectivePosition="" ConnectiveAttribute="不可添加" RoleLocation="normal" LanguageSense="true"/>
    <relative ID="4" Relation_Pair="6--7" Center="1" times="14" Sentence="汕头机场开通国际国内航线四十四条，|旅客吞吐量在全国民航系统居十一位。" position="113...129--130...146" ConnectiveType="隐式关系" Connective="" Major_relationType="评价性" RelationType="因果性-;目的性-;条件性-;虚拟性-;反转性-;顺序性-;解说性-;例证性-;评价性+;并列性-;递进性-;选择性-" ConnectivePosition="" ConnectiveAttribute="不可添加" RoleLocation="normal" LanguageSense="true"/>
    <relative ID="5" Relation_Pair="8--9" Center="1" times="42" Sentence="程控电话总容量达七十七点八一万门，|移动电话平均每十人一部；" position="147...163--164...175" ConnectiveType="隐式关系" Connective="" Major_relationType="解说性" RelationType="因果性-;目的性-;条件性-;虚拟性-;反转性-;顺序性-;解说性+;例证性-;评价性-;并列性-;递进性-;选择性-" ConnectivePosition="" ConnectiveAttribute="不可添加" RoleLocation="normal" LanguageSense="true"/>
    <relative ID="6" Relation_Pair="10--11" Center="1" times="22" Sentence="今年八月国际海底光缆汕头登陆站奠基，|预示着这里成为国际通信网络的重要节点。" position="176...193--194...212" ConnectiveType="隐式关系" Connective="" Major_relationType="评价性" RelationType="因果性-;目的性-;条件性-;虚拟性+;反转性-;顺序性-;解说性-;例证性-;评价性+;并列性-;递进性-;选择性-" ConnectivePosition="" ConnectiveAttribute="不可添加" RoleLocation="normal" LanguageSense="true"/>
    <relative ID="7" Relation_Pair="8--10" Center="3" times="14" Sentence="程控电话总容量达七十七点八一万门，|今年八月国际海底光缆汕头登陆站奠基，" position="147...163--176...193" ConnectiveType="隐式关系" Connective="" Major_relationType="并列性" RelationType="因果性-;目的性-;条件性-;虚拟性-;反转性-;顺序性-;解说性-;例证性-;评价性-;并列性+;递进性-;选择性-" ConnectivePosition="" ConnectiveAttribute="不可添加" RoleLocation="normal" LanguageSense="true"/>
    <relative ID="8" Relation_Pair="2--3" Center="1" times="29" Sentence="使汕头特区的区位优势日益明显。|到今年年底，全市港口码头五千吨以上泊位达到二十六个，" position="43...57--58...83" ConnectiveType="隐式关系" Connective="" Major_relationType="解说性" RelationType="因果性-;目的性-;条件性-;虚拟性-;反转性-;顺序性-;解说性+;例证性-;评价性-;并列性-;递进性-;选择性-" ConnectivePosition="" ConnectiveAttribute="不可添加" RoleLocation="normal" LanguageSense="true"/>
    <relative ID="9" Relation_Pair="2--6" Center="1" times="12" Sentence="使汕头特区的区位优势日益明显。|汕头机场开通国际国内航线四十四条，" position="43...57--113...129" ConnectiveType="隐式关系" Connective="" Major_relationType="解说性" RelationType="因果性-;目的性-;条件性-;虚拟性-;反转性-;顺序性-;解说性+;例证性-;评价性-;并列性-;递进性-;选择性-" ConnectivePosition="" ConnectiveAttribute="不可添加" RoleLocation="normal" LanguageSense="true"/>
    <relative ID="10" Relation_Pair="2--8" Center="1" times="8" Sentence="使汕头特区的区位优势日益明显。|程控电话总容量达七十七点八一万门，" position="43...57--147...163" ConnectiveType="隐式关系" Connective="" Major_relationType="解说性" RelationType="因果性-;目的性-;条件性-;虚拟性-;反转性-;顺序性-;解说性+;例证性-;评价性-;并列性-;递进性-;选择性-" ConnectivePosition="" ConnectiveAttribute="不可添加" RoleLocation="normal" LanguageSense="true"/>
  </pragraph>
  <pragraph ID="8" content="1、区位优势的变化促进了开放格局的变化。2、目前，汕头市累计批准利用外资合同一万二千五百二十二宗，3、实际利用外资五十一亿多美元，4、有四千七百五十六家三资企业投产、开业。5、今年前三个季度，全市新签外商直接投资项目一百四十八个，6、实际利用外资七点一六亿美元；7、全市出口总值三十点三二亿美元，8、比去年同期增长百分之八十四点三，9、进口总值二十一点八亿美元，10、同比增百分之三十点二。">
    <relative ID="1" Relation_Pair="2--3" Center="3" times="31" Sentence="目前，汕头市累计批准利用外资合同一万二千五百二十二宗，|实际利用外资五十一亿多美元，" position="18...44--45...58" ConnectiveType="隐式关系" Connective="" Major_relationType="并列性" RelationType="因果性-;目的性-;条件性-;虚拟性-;反转性-;顺序性-;解说性+;例证性-;评价性-;并列性+;递进性-;选择性-" ConnectivePosition="" ConnectiveAttribute="不可添加" RoleLocation="normal" LanguageSense="true"/>
    <relative ID="2" Relation_Pair="3--4" Center="3" times="116" Sentence="实际利用外资五十一亿多美元，|有四千七百五十六家三资企业投产、开业。" position="45...58--59...77" ConnectiveType="隐式关系" Connective="" Major_relationType="并列性" RelationType="因果性-;目的性-;条件性-;虚拟性-;反转性-;顺序性-;解说性-;例证性-;评价性-;并列性+;递进性-;选择性-" ConnectivePosition="" ConnectiveAttribute="不可添加" RoleLocation="normal" LanguageSense="false"/>
    <relative ID="3" Relation_Pair="1--2" Center="1" times="10" Sentence="区位优势的变化促进了开放格局的变化。|目前，汕头市累计批准利用外资合同一万二千五百二十二宗，" position="0...17--18...44" ConnectiveType="隐式关系" Connective="" Major_relationType="解说性" RelationType="因果性-;目的性-;条件性-;虚拟性-;反转性-;顺序性-;解说性+;例证性-;评价性-;并列性-;递进性-;选择性-" ConnectivePosition="" ConnectiveAttribute="不可添加" RoleLocation="normal" LanguageSense="true"/>
    <relative ID="4" Relation_Pair="1--5" Center="1" times="14" Sentence="区位优势的变化促进了开放格局的变化。|今年前三个季度，全市新签外商直接投资项目一百四十八个，" position="0...17--78...104" ConnectiveType="隐式关系" Connective="" Major_relationType="解说性" RelationType="因果性-;目的性-;条件性-;虚拟性-;反转性-;顺序性-;解说性+;例证性-;评价性-;并列性-;递进性-;选择性-" ConnectivePosition="" ConnectiveAttribute="不可添加" RoleLocation="normal" LanguageSense="true"/>
    <relative ID="5" Relation_Pair="5--6" Center="1" times="36" Sentence="今年前三个季度，全市新签外商直接投资项目一百四十八个，|实际利用外资七点一六亿美元；" position="78...104--105...118" ConnectiveType="隐式关系" Connective="" Major_relationType="解说性" RelationType="因果性-;目的性-;条件性-;虚拟性-;反转性-;顺序性-;解说性+;例证性-;评价性-;并列性+;递进性-;选择性-" ConnectivePosition="" ConnectiveAttribute="不可添加" RoleLocation="normal" LanguageSense="true"/>
    <relative ID="6" Relation_Pair="5--7" Center="3" times="42" Sentence="今年前三个季度，全市新签外商直接投资项目一百四十八个，|全市出口总值三十点三二亿美元，" position="78...104--119...133" ConnectiveType="隐式关系" Connective="" Major_relationType="并列性" RelationType="因果性-;目的性-;条件性-;虚拟性-;反转性-;顺序性-;解说性-;例证性-;评价性-;并列性+;递进性-;选择性-" ConnectivePosition="" ConnectiveAttribute="不可添加" RoleLocation="normal" LanguageSense="false"/>
    <relative ID="7" Relation_Pair="7--8" Center="1" times="18" Sentence="全市出口总值三十点三二亿美元，|比去年同期增长百分之八十四点三，" position="119...133--134...149" ConnectiveType="隐式关系" Connective="" Major_relationType="评价性" RelationType="因果性-;目的性-;条件性-;虚拟性-;反转性-;顺序性-;解说性-;例证性-;评价性+;并列性-;递进性-;选择性-" ConnectivePosition="" ConnectiveAttribute="不可添加" RoleLocation="normal" LanguageSense="true"/>
    <relative ID="8" Relation_Pair="7--9" Center="3" times="13" Sentence="全市出口总值三十点三二亿美元，|进口总值二十一点八亿美元，" position="119...133--150...162" ConnectiveType="隐式关系" Connective="" Major_relationType="并列性" RelationType="因果性-;目的性-;条件性-;虚拟性-;反转性-;顺序性-;解说性-;例证性-;评价性-;并列性+;递进性-;选择性-" ConnectivePosition="" ConnectiveAttribute="不可添加" RoleLocation="normal" LanguageSense="true"/>
    <relative ID="9" Relation_Pair="9--10" Center="1" times="21" Sentence="进口总值二十一点八亿美元，|同比增百分之三十点二。" position="150...162--163...173" ConnectiveType="隐式关系" Connective="" Major_relationType="评价性" RelationType="因果性-;目的性-;条件性-;虚拟性-;反转性-;顺序性-;解说性-;例证性-;评价性+;并列性-;递进性-;选择性-" ConnectivePosition="" ConnectiveAttribute="不可添加" RoleLocation="normal" LanguageSense="true"/>
  </pragraph>
  <pragraph ID="9" content="1、厦门港今年成为海峡两岸直航试点港后，2、货物运输被注入了新的生机和活力。3、立荣、万海等台湾大船务公司纷纷开通至厦门港的班轮。4、目前厦门港已拥有至日本、新加坡、韩国、美国、地中海等五条国际集装箱运输干线，5、形成了干支线相结合的集装箱航运体系。">
    <relative ID="1" Relation_Pair="1--2" Center="2" times="237" Sentence="厦门港今年成为海峡两岸直航试点港后，|货物运输被注入了新的生机和活力。" position="0...17--18...33" ConnectiveType="隐式关系" Connective="" Major_relationType="因果性" RelationType="因果性+;目的性-;条件性-;虚拟性-;反转性-;顺序性+;解说性-;例证性-;评价性-;并列性-;递进性-;选择性-" ConnectivePosition="" ConnectiveAttribute="不可添加" RoleLocation="normal" LanguageSense="true"/>
    <relative ID="2" Relation_Pair="2--3" Center="1" times="15" Sentence="货物运输被注入了新的生机和活力。|立荣、万海等台湾大船务公司纷纷开通至厦门港的班轮。" position="18...33--34...58" ConnectiveType="隐式关系" Connective="" Major_relationType="解说性" RelationType="因果性-;目的性-;条件性-;虚拟性-;反转性-;顺序性-;解说性+;例证性-;评价性-;并列性-;递进性-;选择性-" ConnectivePosition="" ConnectiveAttribute="不可添加" RoleLocation="normal" LanguageSense="true"/>
    <relative ID="3" Relation_Pair="2--4" Center="1" times="10" Sentence="货物运输被注入了新的生机和活力。|目前厦门港已拥有至日本、新加坡、韩国、美国、地中海等五条国际集装箱运输干线，" position="18...33--59...96" ConnectiveType="隐式关系" Connective="" Major_relationType="解说性" RelationType="因果性-;目的性-;条件性-;虚拟性-;反转性-;顺序性-;解说性+;例证性-;评价性-;并列性-;递进性-;选择性-" ConnectivePosition="" ConnectiveAttribute="不可添加" RoleLocation="normal" LanguageSense="true"/>
    <relative ID="4" Relation_Pair="4--5" Center="1" times="44" Sentence="目前厦门港已拥有至日本、新加坡、韩国、美国、地中海等五条国际集装箱运输干线，|形成了干支线相结合的集装箱航运体系。" position="59...96--97...114" ConnectiveType="隐式关系" Connective="" Major_relationType="因果性" RelationType="因果性+;目的性-;条件性-;虚拟性-;反转性-;顺序性+;解说性-;例证性-;评价性-;并列性-;递进性-;选择性-" ConnectivePosition="" ConnectiveAttribute="不可添加" RoleLocation="normal" LanguageSense="true"/>
  </pragraph>
  <pragraph ID="10" content="1、厦门市今年外贸进出口保持了稳步增长的态势，2、一至十月进出口总额六十四点一亿美元，3、增长百分之十三点六，4、其中出口和进口分别达三十五点二亿美元和二十八点九亿美元，5、均增长百分之十三点六。6、预计全年外贸进出口总额七十七亿美元，7、增长百分之十六点零，8、其中出口四十二亿美元，9、增长百分之十三点五。10、今年前十个月厦门市国有企业出口十六点三七亿美元，11、增长百分之二十三点六，12、并呈现出较强的增长后劲。">
    <relative ID="1" Relation_Pair="1--2" Center="1" times="20" Sentence="厦门市今年外贸进出口保持了稳步增长的态势，|一至十月进出口总额六十四点一亿美元，" position="0...20--21...38" ConnectiveType="隐式关系" Connective="" Major_relationType="解说性" RelationType="因果性-;目的性-;条件性-;虚拟性-;反转性-;顺序性-;解说性+;例证性-;评价性-;并列性-;递进性-;选择性-" ConnectivePosition="" ConnectiveAttribute="不可添加" RoleLocation="normal" LanguageSense="true"/>
    <relative ID="2" Relation_Pair="2--3" Center="1" times="11" Sentence="一至十月进出口总额六十四点一亿美元，|增长百分之十三点六，" position="21...38--39...48" ConnectiveType="隐式关系" Connective="" Major_relationType="解说性" RelationType="因果性-;目的性-;条件性-;虚拟性-;反转性-;顺序性-;解说性+;例证性-;评价性-;并列性-;递进性-;选择性-" ConnectivePosition="" ConnectiveAttribute="不可添加" RoleLocation="normal" LanguageSense="true"/>
    <relative ID="3" Relation_Pair="2--4" Center="1" times="15" Sentence="一至十月进出口总额六十四点一亿美元，|其中出口和进口分别达三十五点二亿美元和二十八点九亿美元，" position="21...38--49...76" ConnectiveType="显式关系" Connective="其中" Major_relationType="解说性" RelationType="因果性-;目的性-;条件性-;虚拟性-;反转性-;顺序性-;解说性+;例证性-;评价性-;并列性-;递进性-;选择性-" ConnectivePosition="52…54" ConnectiveAttribute="不可删除" RoleLocation="normal" LanguageSense="true"/>
    <relative ID="4" Relation_Pair="4--5" Center="1" times="22" Sentence="其中出口和进口分别达三十五点二亿美元和二十八点九亿美元，|均增长百分之十三点六。" position="49...76--77...87" ConnectiveType="隐式关系" Connective="" Major_relationType="解说性" RelationType="因果性-;目的性-;条件性-;虚拟性-;反转性-;顺序性-;解说性+;例证性-;评价性-;并列性-;递进性-;选择性-" ConnectivePosition="" ConnectiveAttribute="不可添加" RoleLocation="normal" LanguageSense="true"/>
    <relative ID="5" Relation_Pair="1--6" Center="1" times="27" Sentence="厦门市今年外贸进出口保持了稳步增长的态势，|预计全年外贸进出口总额七十七亿美元，" position="0...20--88...105" ConnectiveType="隐式关系" Connective="" Major_relationType="因果性" RelationType="因果性+;目的性-;条件性-;虚拟性+;反转性-;顺序性-;解说性-;例证性-;评价性-;并列性-;递进性-;选择性-" ConnectivePosition="" ConnectiveAttribute="不可添加" RoleLocation="normal" LanguageSense="true"/>
    <relative ID="6" Relation_Pair="6--7" Center="1" times="13" Sentence="预计全年外贸进出口总额七十七亿美元，|增长百分之十六点零，" position="88...105--106...115" ConnectiveType="隐式关系" Connective="" Major_relationType="解说性" RelationType="因果性-;目的性-;条件性-;虚拟性-;反转性-;顺序性-;解说性+;例证性-;评价性-;并列性-;递进性-;选择性-" ConnectivePosition="" ConnectiveAttribute="不可添加" RoleLocation="normal" LanguageSense="true"/>
    <relative ID="7" Relation_Pair="6--8" Center="1" times="18" Sentence="预计全年外贸进出口总额七十七亿美元，|其中出口四十二亿美元，" position="88...105--116...126" ConnectiveType="显式关系" Connective="其中" Major_relationType="解说性" RelationType="因果性-;目的性-;条件性-;虚拟性-;反转性-;顺序性-;解说性+;例证性-;评价性-;并列性-;递进性-;选择性-" ConnectivePosition="123…125" ConnectiveAttribute="不可删除" RoleLocation="normal" LanguageSense="true"/>
    <relative ID="8" Relation_Pair="8--9" Center="1" times="12" Sentence="其中出口四十二亿美元，|增长百分之十三点五。" position="116...126--127...136" ConnectiveType="隐式关系" Connective="" Major_relationType="解说性" RelationType="因果性-;目的性-;条件性-;虚拟性-;反转性-;顺序性-;解说性+;例证性-;评价性-;并列性-;递进性-;选择性-" ConnectivePosition="" ConnectiveAttribute="不可添加" RoleLocation="normal" LanguageSense="true"/>
    <relative ID="9" Relation_Pair="1--10" Center="1" times="15" Sentence="厦门市今年外贸进出口保持了稳步增长的态势，|今年前十个月厦门市国有企业出口十六点三七亿美元，" position="0...20--137...160" ConnectiveType="隐式关系" Connective="" Major_relationType="因果性" RelationType="因果性+;目的性-;条件性-;虚拟性-;反转性-;顺序性-;解说性-;例证性-;评价性-;并列性-;递进性-;选择性-" ConnectivePosition="" ConnectiveAttribute="不可添加" RoleLocation="normal" LanguageSense="true"/>
    <relative ID="10" Relation_Pair="10--11" Center="1" times="12" Sentence="今年前十个月厦门市国有企业出口十六点三七亿美元，|增长百分之二十三点六，" position="137...160--161...171" ConnectiveType="隐式关系" Connective="" Major_relationType="解说性" RelationType="因果性-;目的性-;条件性-;虚拟性-;反转性-;顺序性-;解说性+;例证性-;评价性-;并列性-;递进性-;选择性-" ConnectivePosition="" ConnectiveAttribute="不可添加" RoleLocation="normal" LanguageSense="true"/>
    <relative ID="11" Relation_Pair="10--12" Center="1" times="22" Sentence="今年前十个月厦门市国有企业出口十六点三七亿美元，|并呈现出较强的增长后劲。" position="137...160--172...183" ConnectiveType="隐式关系" Connective="" Major_relationType="评价性" RelationType="因果性-;目的性-;条件性-;虚拟性-;反转性-;顺序性-;解说性-;例证性-;评价性+;并列性-;递进性-;选择性-" ConnectivePosition="" ConnectiveAttribute="不可添加" RoleLocation="normal" LanguageSense="true"/>
  </pragraph>
  <pragraph ID="11" content="1、海南特区经济今年以来在结构调整中实现了稳定健康发展，2、预计全年经济增长速度达到百分之六点七，3、比去年提高一点九个百分点。4、海南特区继续贯彻结构调整方针，5、大力促进新兴工业省、热带高效农业基地和海岛旅游胜地的建设，6、新兴产业经济格局显露出强劲发展势头。7、预计全省乡及乡以上工业累计完成销售产值二百三十亿元，8、比去年增长百分之十六，9、工业经济总体效益回升，10、独立核算工业企业实现利润增加。11、农业在稳定粮食种植面积，提高单产的同时，着力调整、优化经济结构，12、热带水果、瓜菜和畜牧、水产等优势产业进一步获得发展，13、粮食、水果、瓜菜、干胶产量均达到或超过历史最好水平。14、独具特色的海岛旅游业发展迅猛，15、全年来琼旅游的游客达到七百九十万人次，16、旅游收入五十五亿元，17、比去年增长百分之十点二九。">
    <relative ID="1" Relation_Pair="1--2" Center="1" times="52" Sentence="海南特区经济今年以来在结构调整中实现了稳定健康发展，|预计全年经济增长速度达到百分之六点七，" position="0...25--26...44" ConnectiveType="隐式关系" Connective="" Major_relationType="因果性" RelationType="因果性+;目的性-;条件性-;虚拟性+;反转性-;顺序性-;解说性+;例证性-;评价性-;并列性-;递进性-;选择性-" ConnectivePosition="" ConnectiveAttribute="不可添加" RoleLocation="normal" LanguageSense="true"/>
    <relative ID="2" Relation_Pair="2--3" Center="1" times="8" Sentence="预计全年经济增长速度达到百分之六点七，|比去年提高一点九个百分点。" position="26...44--45...57" ConnectiveType="隐式关系" Connective="" Major_relationType="评价性" RelationType="因果性-;目的性-;条件性-;虚拟性-;反转性-;顺序性-;解说性-;例证性-;评价性+;并列性-;递进性-;选择性-" ConnectivePosition="" ConnectiveAttribute="不可添加" RoleLocation="normal" LanguageSense="true"/>
    <relative ID="3" Relation_Pair="4--5" Center="2" times="109" Sentence="海南特区继续贯彻结构调整方针，|大力促进新兴工业省、热带高效农业基地和海岛旅游胜地的建设，" position="58...72--73...101" ConnectiveType="隐式关系" Connective="" Major_relationType="目的性" RelationType="因果性-;目的性+;条件性-;虚拟性-;反转性-;顺序性+;解说性-;例证性-;评价性-;并列性-;递进性-;选择性-" ConnectivePosition="" ConnectiveAttribute="不可添加" RoleLocation="normal" LanguageSense="true"/>
    <relative ID="4" Relation_Pair="5--6" Center="2" times="35" Sentence="大力促进新兴工业省、热带高效农业基地和海岛旅游胜地的建设，|新兴产业经济格局显露出强劲发展势头。" position="73...101--102...119" ConnectiveType="隐式关系" Connective="" Major_relationType="因果性" RelationType="因果性+;目的性-;条件性-;虚拟性-;反转性-;顺序性-;解说性-;例证性-;评价性-;并列性-;递进性-;选择性-" ConnectivePosition="" ConnectiveAttribute="不可添加" RoleLocation="normal" LanguageSense="true"/>
    <relative ID="5" Relation_Pair="7--8" Center="1" times="20" Sentence="预计全省乡及乡以上工业累计完成销售产值二百三十亿元，|比去年增长百分之十六，" position="120...145--146...156" ConnectiveType="隐式关系" Connective="" Major_relationType="解说性" RelationType="因果性-;目的性-;条件性-;虚拟性-;反转性-;顺序性-;解说性+;例证性-;评价性-;并列性-;递进性-;选择性-" ConnectivePosition="" ConnectiveAttribute="不可添加" RoleLocation="normal" LanguageSense="true"/>
    <relative ID="6" Relation_Pair="7--9" Center="1" times="22" Sentence="预计全省乡及乡以上工业累计完成销售产值二百三十亿元，|工业经济总体效益回升，" position="120...145--157...167" ConnectiveType="隐式关系" Connective="" Major_relationType="解说性" RelationType="因果性-;目的性-;条件性-;虚拟性-;反转性-;顺序性-;解说性+;例证性-;评价性-;并列性-;递进性-;选择性-" ConnectivePosition="" ConnectiveAttribute="不可添加" RoleLocation="normal" LanguageSense="true"/>
    <relative ID="7" Relation_Pair="9--10" Center="1" times="23" Sentence="工业经济总体效益回升，|独立核算工业企业实现利润增加。" position="157...167--168...182" ConnectiveType="隐式关系" Connective="" Major_relationType="因果性" RelationType="因果性+;目的性-;条件性-;虚拟性-;反转性-;顺序性-;解说性-;例证性-;评价性-;并列性-;递进性-;选择性-" ConnectivePosition="" ConnectiveAttribute="不可添加" RoleLocation="normal" LanguageSense="true"/>
    <relative ID="8" Relation_Pair="11--12" Center="2" times="73" Sentence="农业在稳定粮食种植面积，提高单产的同时，着力调整、优化经济结构，|热带水果、瓜菜和畜牧、水产等优势产业进一步获得发展，" position="183...214--215...240" ConnectiveType="隐式关系" Connective="" Major_relationType="因果性" RelationType="因果性+;目的性-;条件性-;虚拟性-;反转性-;顺序性+;解说性-;例证性-;评价性-;并列性-;递进性-;选择性-" ConnectivePosition="" ConnectiveAttribute="不可添加" RoleLocation="normal" LanguageSense="true"/>
    <relative ID="9" Relation_Pair="12--13" Center="1" times="17" Sentence="热带水果、瓜菜和畜牧、水产等优势产业进一步获得发展，|粮食、水果、瓜菜、干胶产量均达到或超过历史最好水平。" position="215...240--241...266" ConnectiveType="隐式关系" Connective="" Major_relationType="评价性" RelationType="因果性-;目的性-;条件性-;虚拟性-;反转性-;顺序性-;解说性-;例证性-;评价性+;并列性-;递进性-;选择性-" ConnectivePosition="" ConnectiveAttribute="不可添加" RoleLocation="normal" LanguageSense="true"/>
    <relative ID="10" Relation_Pair="14--15" Center="1" times="11" Sentence="独具特色的海岛旅游业发展迅猛，|全年来琼旅游的游客达到七百九十万人次，" position="267...281--282...300" ConnectiveType="隐式关系" Connective="" Major_relationType="解说性" RelationType="因果性-;目的性-;条件性-;虚拟性-;反转性-;顺序性-;解说性+;例证性-;评价性-;并列性-;递进性-;选择性-" ConnectivePosition="" ConnectiveAttribute="不可添加" RoleLocation="normal" LanguageSense="true"/>
    <relative ID="11" Relation_Pair="15--16" Center="3" times="17" Sentence="全年来琼旅游的游客达到七百九十万人次，|旅游收入五十五亿元，" position="282...300--301...310" ConnectiveType="隐式关系" Connective="" Major_relationType="并列性" RelationType="因果性-;目的性-;条件性-;虚拟性-;反转性-;顺序性-;解说性-;例证性-;评价性-;并列性+;递进性-;选择性-" ConnectivePosition="" ConnectiveAttribute="不可添加" RoleLocation="normal" LanguageSense="true"/>
    <relative ID="12" Relation_Pair="16--17" Center="1" times="16" Sentence="旅游收入五十五亿元，|比去年增长百分之十点二九。" position="301...310--311...323" ConnectiveType="隐式关系" Connective="" Major_relationType="解说性" RelationType="因果性-;目的性-;条件性-;虚拟性-;反转性-;顺序性-;解说性+;例证性-;评价性-;并列性-;递进性-;选择性-" ConnectivePosition="" ConnectiveAttribute="不可添加" RoleLocation="normal" LanguageSense="true"/>
    <relative ID="13" Relation_Pair="1--6" Center="1" times="67" Sentence="海南特区经济今年以来在结构调整中实现了稳定健康发展，|新兴产业经济格局显露出强劲发展势头。" position="0...25--102...119" ConnectiveType="隐式关系" Connective="" Major_relationType="解说性" RelationType="因果性-;目的性-;条件性-;虚拟性-;反转性-;顺序性-;解说性+;例证性-;评价性-;并列性-;递进性-;选择性-" ConnectivePosition="" ConnectiveAttribute="不可添加" RoleLocation="normal" LanguageSense="true"/>
    <relative ID="14" Relation_Pair="1--9" Center="1" times="9" Sentence="海南特区经济今年以来在结构调整中实现了稳定健康发展，|工业经济总体效益回升，" position="0...25--157...167" ConnectiveType="隐式关系" Connective="" Major_relationType="解说性" RelationType="因果性-;目的性-;条件性-;虚拟性-;反转性-;顺序性-;解说性+;例证性-;评价性-;并列性-;递进性-;选择性-" ConnectivePosition="" ConnectiveAttribute="不可添加" RoleLocation="normal" LanguageSense="true"/>
    <relative ID="15" Relation_Pair="1--12" Center="1" times="10" Sentence="海南特区经济今年以来在结构调整中实现了稳定健康发展，|热带水果、瓜菜和畜牧、水产等优势产业进一步获得发展，" position="0...25--215...240" ConnectiveType="隐式关系" Connective="" Major_relationType="解说性" RelationType="因果性-;目的性-;条件性-;虚拟性-;反转性-;顺序性-;解说性+;例证性-;评价性-;并列性-;递进性-;选择性-" ConnectivePosition="" ConnectiveAttribute="不可添加" RoleLocation="normal" LanguageSense="true"/>
    <relative ID="16" Relation_Pair="1--14" Center="1" times="13" Sentence="海南特区经济今年以来在结构调整中实现了稳定健康发展，|独具特色的海岛旅游业发展迅猛，" position="0...25--267...281" ConnectiveType="隐式关系" Connective="" Major_relationType="解说性" RelationType="因果性-;目的性-;条件性-;虚拟性-;反转性-;顺序性-;解说性+;例证性-;评价性-;并列性-;递进性-;选择性-" ConnectivePosition="" ConnectiveAttribute="不可添加" RoleLocation="normal" LanguageSense="true"/>
  </pragraph>
</doc>
