<?xml version="1.0" encoding="UTF-8"?>

<doc>
  <pragraph ID="2" content="1、中国化工行业克服上半年出现的全行业亏损局面，2、全年完成工业总产值二千七百八十亿元，3、增长速度为百分之八，4、继续保持稳定增长。">
    <relative ID="1" Relation_Pair="1--2" Center="2" times="38" Sentence="中国化工行业克服上半年出现的全行业亏损局面，|全年完成工业总产值二千七百八十亿元，" position="0...21--22...39" ConnectiveType="隐式关系" Connective="" Major_relationType="因果性" RelationType="因果性+;目的性-;条件性-;虚拟性-;反转性-;顺序性-;解说性-;例证性-;评价性-;并列性-;递进性-;选择性-" ConnectivePosition="" ConnectiveAttribute="不可添加" RoleLocation="normal" LanguageSense="true"/>
    <relative ID="2" Relation_Pair="2--3" Center="2" times="30" Sentence="全年完成工业总产值二千七百八十亿元，|增长速度为百分之八，" position="22...39--40...49" ConnectiveType="隐式关系" Connective="" Major_relationType="解说性" RelationType="因果性-;目的性-;条件性-;虚拟性-;反转性-;顺序性-;解说性+;例证性-;评价性-;并列性+;递进性-;选择性-" ConnectivePosition="" ConnectiveAttribute="不可添加" RoleLocation="normal" LanguageSense="true"/>
    <relative ID="3" Relation_Pair="3--4" Center="2" times="63" Sentence="增长速度为百分之八，|继续保持稳定增长。" position="40...49--50...58" ConnectiveType="隐式关系" Connective="" Major_relationType="解说性" RelationType="因果性-;目的性-;条件性-;虚拟性-;反转性-;顺序性-;解说性+;例证性-;评价性-;并列性+;递进性-;选择性-" ConnectivePosition="" ConnectiveAttribute="不可添加" RoleLocation="normal" LanguageSense="true"/>
  </pragraph>
  <pragraph ID="3" content="1、记者从今天在京召开的全国化工厅（局）长会议上了解到，中国化工行业六月份实现扭亏为盈，2、全年预计实现利税一百八十亿元。3、全国省区中，有二十七个省、自治区和直辖市化工总产值比去年有所增长。">
    <relative ID="1" Relation_Pair="1--2" Center="1" times="23" Sentence="记者从今天在京召开的全国化工厅（局）长会议上了解到，中国化工行业六月份实现扭亏为盈，|全年预计实现利税一百八十亿元。" position="0...41--42...56" ConnectiveType="隐式关系" Connective="" Major_relationType="因果性" RelationType="因果性+;目的性-;条件性-;虚拟性+;反转性-;顺序性-;解说性-;例证性-;评价性-;并列性-;递进性-;选择性-" ConnectivePosition="" ConnectiveAttribute="不可添加" RoleLocation="normal" LanguageSense="true"/>
    <relative ID="2" Relation_Pair="1--3" Center="2" times="54" Sentence="记者从今天在京召开的全国化工厅（局）长会议上了解到，中国化工行业六月份实现扭亏为盈，|全国省区中，有二十七个省、自治区和直辖市化工总产值比去年有所增长。" position="0...41--57...89" ConnectiveType="隐式关系" Connective="" Major_relationType="解说性" RelationType="因果性-;目的性-;条件性-;虚拟性-;反转性-;顺序性-;解说性+;例证性-;评价性-;并列性-;递进性-;选择性-" ConnectivePosition="" ConnectiveAttribute="不可添加" RoleLocation="normal" LanguageSense="true"/>
  </pragraph>
  <pragraph ID="4" content="1、化学工业部部长顾秀莲在会议所作的主旨报告中指出，中国今年化工行业尽管面临多项减利因素、效益下滑的严峻形势，2、但以深化国有企业改革为突破口，3、较好完成了全年生产和建设任务。">
    <relative ID="1" Relation_Pair="1--2" Center="2" times="22" Sentence="化学工业部部长顾秀莲在会议所作的主旨报告中指出，中国今年化工行业尽管面临多项减利因素、效益下滑的严峻形势，|但以深化国有企业改革为突破口，" position="0...52--53...67" ConnectiveType="显式关系" Connective="但" Major_relationType="反转性" RelationType="因果性-;目的性-;条件性-;虚拟性-;反转性+;顺序性-;解说性-;例证性-;评价性-;并列性-;递进性-;选择性-" ConnectivePosition="54…55" ConnectiveAttribute="不可删除" RoleLocation="normal" LanguageSense="true"/>
    <relative ID="2" Relation_Pair="2--3" Center="2" times="30" Sentence="但以深化国有企业改革为突破口，|较好完成了全年生产和建设任务。" position="53...67--68...82" ConnectiveType="隐式关系" Connective="" Major_relationType="因果性" RelationType="因果性+;目的性-;条件性-;虚拟性-;反转性-;顺序性+;解说性-;例证性-;评价性-;并列性-;递进性-;选择性-" ConnectivePosition="" ConnectiveAttribute="不可添加" RoleLocation="normal" LanguageSense="true"/>
  </pragraph>
  <pragraph ID="5" content="1、她介绍说，全行业全年生产化肥二千七百二十万吨，2、其中尿素产量为二千三百万吨，3、增长百分之十二，4、较好适应了农业发展需要。">
    <relative ID="1" Relation_Pair="1--2" Center="1" times="14" Sentence="她介绍说，全行业全年生产化肥二千七百二十万吨，|其中尿素产量为二千三百万吨，" position="0...22--23...36" ConnectiveType="显式关系" Connective="其中" Major_relationType="解说性" RelationType="因果性-;目的性-;条件性-;虚拟性-;反转性-;顺序性-;解说性+;例证性-;评价性-;并列性-;递进性-;选择性-" ConnectivePosition="24…26" ConnectiveAttribute="不可删除" RoleLocation="normal" LanguageSense="true"/>
    <relative ID="2" Relation_Pair="2--3" Center="1" times="91" Sentence="其中尿素产量为二千三百万吨，|增长百分之十二，" position="23...36--37...44" ConnectiveType="隐式关系" Connective="" Major_relationType="评价性" RelationType="因果性-;目的性-;条件性-;虚拟性-;反转性-;顺序性-;解说性-;例证性-;评价性+;并列性+;递进性-;选择性-" ConnectivePosition="" ConnectiveAttribute="不可添加" RoleLocation="normal" LanguageSense="true"/>
    <relative ID="3" Relation_Pair="2--4" Center="1" times="49" Sentence="其中尿素产量为二千三百万吨，|较好适应了农业发展需要。" position="23...36--45...56" ConnectiveType="隐式关系" Connective="" Major_relationType="评价性" RelationType="因果性+;目的性-;条件性-;虚拟性-;反转性-;顺序性-;解说性-;例证性-;评价性+;并列性-;递进性-;选择性-" ConnectivePosition="" ConnectiveAttribute="不可添加" RoleLocation="normal" LanguageSense="true"/>
  </pragraph>
  <pragraph ID="6" content="1、她说，化工重点项目建设进展较快。2、全年可完成化工固定资产投资三百一十八亿元，3、建成投产大中型化工项目十五个。">
    <relative ID="1" Relation_Pair="2--3" Center="2" times="102" Sentence="全年可完成化工固定资产投资三百一十八亿元，|建成投产大中型化工项目十五个。" position="16...36--37...51" ConnectiveType="隐式关系" Connective="" Major_relationType="并列性" RelationType="因果性+;目的性-;条件性-;虚拟性-;反转性-;顺序性-;解说性-;例证性-;评价性-;并列性+;递进性-;选择性-" ConnectivePosition="" ConnectiveAttribute="不可添加" RoleLocation="normal" LanguageSense="true"/>
    <relative ID="2" Relation_Pair="1--3" Center="1" times="69" Sentence="她说，化工重点项目建设进展较快。|建成投产大中型化工项目十五个。" position="0...15--37...51" ConnectiveType="隐式关系" Connective="" Major_relationType="解说性" RelationType="因果性-;目的性-;条件性-;虚拟性-;反转性-;顺序性-;解说性+;例证性-;评价性-;并列性-;递进性-;选择性-" ConnectivePosition="" ConnectiveAttribute="不可添加" RoleLocation="normal" LanguageSense="true"/>
  </pragraph>
  <pragraph ID="7" content="1、她认为，化工国有企业改革取得较大进展。2、在股份制改造中，已有四十八家化工国有企市成为上市公司，3、筹措资金一百五十亿元，4、盘活了存量资产，">
    <relative ID="1" Relation_Pair="2--3" Center="1" times="118" Sentence="在股份制改造中，已有四十八家化工国有企市成为上市公司，|筹措资金一百五十亿元，" position="19...45--46...56" ConnectiveType="隐式关系" Connective="" Major_relationType="因果性" RelationType="因果性+;目的性-;条件性-;虚拟性-;反转性-;顺序性+;解说性-;例证性-;评价性-;并列性+;递进性-;选择性-" ConnectivePosition="" ConnectiveAttribute="不可添加" RoleLocation="normal" LanguageSense="true"/>
    <relative ID="2" Relation_Pair="3--4" Center="1" times="94" Sentence="筹措资金一百五十亿元，|盘活了存量资产，" position="46...56--57...64" ConnectiveType="隐式关系" Connective="" Major_relationType="因果性" RelationType="因果性+;目的性-;条件性-;虚拟性-;反转性-;顺序性-;解说性-;例证性-;评价性+;并列性-;递进性-;选择性-" ConnectivePosition="" ConnectiveAttribute="不可添加" RoleLocation="normal" LanguageSense="true"/>
    <relative ID="3" Relation_Pair="1--2" Center="1" times="94" Sentence="她认为，化工国有企业改革取得较大进展。|在股份制改造中，已有四十八家化工国有企市成为上市公司，" position="0...18--19...45" ConnectiveType="隐式关系" Connective="" Major_relationType="因果性" RelationType="因果性+;目的性-;条件性-;虚拟性-;反转性-;顺序性-;解说性-;例证性-;评价性+;并列性-;递进性-;选择性-" ConnectivePosition="" ConnectiveAttribute="不可添加" RoleLocation="normal" LanguageSense="true"/>
  </pragraph>
  <pragraph ID="8" content="1、她特别强调，今年化工进出口贸易进一步扩大，2、化工出口可望实现一百五十亿美元，3、同比增长百分之二十一，4、全年进出口总额可达三百四十亿美元，5、比去年增长百分之十点七。">
    <relative ID="1" Relation_Pair="1--2" Center="1" times="52" Sentence="她特别强调，今年化工进出口贸易进一步扩大，|化工出口可望实现一百五十亿美元，" position="0...20--21...36" ConnectiveType="隐式关系" Connective="" Major_relationType="因果性" RelationType="因果性+;目的性-;条件性-;虚拟性+;反转性-;顺序性-;解说性-;例证性-;评价性-;并列性-;递进性-;选择性-" ConnectivePosition="" ConnectiveAttribute="不可添加" RoleLocation="normal" LanguageSense="true"/>
    <relative ID="2" Relation_Pair="2--3" Center="1" times="32" Sentence="化工出口可望实现一百五十亿美元，|同比增长百分之二十一，" position="21...36--37...47" ConnectiveType="隐式关系" Connective="" Major_relationType="评价性" RelationType="因果性-;目的性-;条件性-;虚拟性+;反转性-;顺序性-;解说性-;例证性-;评价性+;并列性+;递进性-;选择性-" ConnectivePosition="" ConnectiveAttribute="不可添加" RoleLocation="normal" LanguageSense="true"/>
    <relative ID="3" Relation_Pair="4--5" Center="1" times="27" Sentence="全年进出口总额可达三百四十亿美元，|比去年增长百分之十点七。" position="48...64--65...76" ConnectiveType="隐式关系" Connective="" Major_relationType="评价性" RelationType="因果性-;目的性-;条件性-;虚拟性+;反转性-;顺序性-;解说性-;例证性-;评价性+;并列性+;递进性-;选择性-" ConnectivePosition="" ConnectiveAttribute="不可添加" RoleLocation="normal" LanguageSense="true"/>
    <relative ID="4" Relation_Pair="1--4" Center="1" times="14" Sentence="她特别强调，今年化工进出口贸易进一步扩大，|全年进出口总额可达三百四十亿美元，" position="0...20--48...64" ConnectiveType="隐式关系" Connective="" Major_relationType="因果性" RelationType="因果性+;目的性-;条件性-;虚拟性+;反转性-;顺序性-;解说性-;例证性-;评价性-;并列性-;递进性-;选择性-" ConnectivePosition="" ConnectiveAttribute="不可添加" RoleLocation="normal" LanguageSense="true"/>
  </pragraph>
  <pragraph ID="9" content="1、她说，化工行业一九九八年总产值可达到三千亿元，2、继续保持百分之八的增长。3、化工出口额力争达到一百六十亿美元，4、化工产品产销率力争达到百分之九十七。">
    <relative ID="1" Relation_Pair="1--2" Center="2" times="147" Sentence="她说，化工行业一九九八年总产值可达到三千亿元，|继续保持百分之八的增长。" position="0...22--23...34" ConnectiveType="隐式关系" Connective="" Major_relationType="评价性" RelationType="因果性-;目的性-;条件性-;虚拟性+;反转性-;顺序性-;解说性-;例证性-;评价性+;并列性-;递进性-;选择性-" ConnectivePosition="" ConnectiveAttribute="不可添加" RoleLocation="normal" LanguageSense="true"/>
    <relative ID="2" Relation_Pair="3--4" Center="3" times="17" Sentence="化工出口额力争达到一百六十亿美元，|化工产品产销率力争达到百分之九十七。" position="35...51--52...69" ConnectiveType="隐式关系" Connective="" Major_relationType="并列性" RelationType="因果性-;目的性-;条件性-;虚拟性-;反转性-;顺序性-;解说性-;例证性-;评价性-;并列性+;递进性-;选择性-" ConnectivePosition="" ConnectiveAttribute="不可添加" RoleLocation="normal" LanguageSense="true"/>
    <relative ID="3" Relation_Pair="2--3" Center="1" times="32" Sentence="继续保持百分之八的增长。|化工出口额力争达到一百六十亿美元，" position="23...34--35...51" ConnectiveType="隐式关系" Connective="" Major_relationType="因果性" RelationType="因果性+;目的性-;条件性-;虚拟性-;反转性-;顺序性-;解说性-;例证性-;评价性-;并列性-;递进性-;选择性-" ConnectivePosition="" ConnectiveAttribute="不可添加" RoleLocation="normal" LanguageSense="true"/>
  </pragraph>
</doc>
