<?xml version="1.0" encoding="UTF-8"?>

<doc>
  <pragraph ID="3" content="1、经过十多年的建设，宁波北仑港已拥有二点五万吨至二十五万吨的码头十六座，2、成为中国最大的深水泊位群。3、港口的发展带动了北仑港畔原是封闭半封闭自给自足的农村经济向华东重化工基地、重要贸易口岸和浙江省最大出口加工区发展。4、港口优势和宁波开发区的开放政策的双重效应，受到了国际大公司的青睐。5、一九九三年以后，一千万美元以上的大项目每年以十几个、二十几个的速度发展。">
    <relative ID="1" Relation_Pair="1--2" Center="1" times="24" Sentence="经过十多年的建设，宁波北仑港已拥有二点五万吨至二十五万吨的码头十六座，|成为中国最大的深水泊位群。" position="0...34--35...47" ConnectiveType="隐式关系" Connective="" Major_relationType="因果性" RelationType="因果性+;目的性-;条件性-;虚拟性-;反转性-;顺序性-;解说性-;例证性-;评价性+;并列性-;递进性-;选择性-" ConnectivePosition="" ConnectiveAttribute="不可添加" RoleLocation="normal" LanguageSense="true"/>
    <relative ID="2" Relation_Pair="1--3" Center="1" times="20" Sentence="经过十多年的建设，宁波北仑港已拥有二点五万吨至二十五万吨的码头十六座，|港口的发展带动了北仑港畔原是封闭半封闭自给自足的农村经济向华东重化工基地、重要贸易口岸和浙江省最大出口加工区发展。" position="0...34--48...104" ConnectiveType="隐式关系" Connective="" Major_relationType="因果性" RelationType="因果性+;目的性-;条件性-;虚拟性-;反转性-;顺序性+;解说性-;例证性-;评价性-;并列性-;递进性-;选择性-" ConnectivePosition="" ConnectiveAttribute="不可添加" RoleLocation="normal" LanguageSense="true"/>
    <relative ID="3" Relation_Pair="1--4" Center="1" times="59" Sentence="经过十多年的建设，宁波北仑港已拥有二点五万吨至二十五万吨的码头十六座，|港口优势和宁波开发区的开放政策的双重效应，受到了国际大公司的青睐。" position="0...34--105...137" ConnectiveType="隐式关系" Connective="" Major_relationType="因果性" RelationType="因果性+;目的性-;条件性-;虚拟性-;反转性-;顺序性+;解说性-;例证性-;评价性-;并列性-;递进性-;选择性-" ConnectivePosition="" ConnectiveAttribute="不可添加" RoleLocation="normal" LanguageSense="true"/>
    <relative ID="4" Relation_Pair="4--5" Center="1" times="21" Sentence="港口优势和宁波开发区的开放政策的双重效应，受到了国际大公司的青睐。|一九九三年以后，一千万美元以上的大项目每年以十几个、二十几个的速度发展。" position="105...137--138...173" ConnectiveType="隐式关系" Connective="" Major_relationType="因果性" RelationType="因果性+;目的性-;条件性-;虚拟性-;反转性-;顺序性+;解说性-;例证性-;评价性-;并列性-;递进性-;选择性-" ConnectivePosition="" ConnectiveAttribute="不可添加" RoleLocation="normal" LanguageSense="true"/>
  </pragraph>
  <pragraph ID="4" content="1、总投资三十亿美元的美国协和石化项目，总投资超过二百亿元的北仑钢铁厂，投资规模亚洲同行第一的“兴洋毛毯”、中国国内规模最大的“正大粮油”、生产规模世界第一的“宁波麦芽”等大公司均落户此地，2、都是看中了北仑大港口的优势。">
    <relative ID="1" Relation_Pair="1--2" Center="2" times="181" Sentence="总投资三十亿美元的美国协和石化项目，总投资超过二百亿元的北仑钢铁厂，投资规模亚洲同行第一的“兴洋毛毯”、中国国内规模最大的“正大粮油”、生产规模世界第一的“宁波麦芽”等大公司均落户此地，|都是看中了北仑大港口的优势。" position="0...92--93...106" ConnectiveType="隐式关系" Connective="" Major_relationType="因果性" RelationType="因果性+;目的性-;条件性-;虚拟性-;反转性-;顺序性+;解说性-;例证性-;评价性-;并列性-;递进性-;选择性-" ConnectivePosition="" ConnectiveAttribute="不可添加" RoleLocation="abnormal" LanguageSense="true"/>
  </pragraph>
  <pragraph ID="5" content="1、北仑港的兴起，还带动了当地一些地方企业的发展。2、如宁波海天机械制造有限公司原来是一个不起眼的作坊，3、他们借助港口的便利条件，4、不断开发出口新品进入美国、西班牙、希腊、澳大利亚等二十多个国家，5、目前已成为中国特大注塑机专业制造公司，6、列中国机械部大中型企业综合指数百强之首。">
    <relative ID="1" Relation_Pair="1--2" Center="1" times="30" Sentence="北仑港的兴起，还带动了当地一些地方企业的发展。|如宁波海天机械制造有限公司原来是一个不起眼的作坊，" position="0...22--23...47" ConnectiveType="显式关系" Connective="如" Major_relationType="例证性" RelationType="因果性-;目的性-;条件性-;虚拟性-;反转性-;顺序性-;解说性-;例证性+;评价性-;并列性-;递进性-;选择性-" ConnectivePosition="24…25" ConnectiveAttribute="不可删除" RoleLocation="abnormal" LanguageSense="true"/>
    <relative ID="2" Relation_Pair="3--4" Center="2" times="142" Sentence="他们借助港口的便利条件，|不断开发出口新品进入美国、西班牙、希腊、澳大利亚等二十多个国家，" position="48...59--60...91" ConnectiveType="隐式关系" Connective="" Major_relationType="因果性" RelationType="因果性+;目的性-;条件性+;虚拟性-;反转性-;顺序性+;解说性-;例证性-;评价性-;并列性-;递进性-;选择性-" ConnectivePosition="" ConnectiveAttribute="不可添加" RoleLocation="abnormal" LanguageSense="true"/>
    <relative ID="3" Relation_Pair="4--5" Center="2" times="175" Sentence="不断开发出口新品进入美国、西班牙、希腊、澳大利亚等二十多个国家，|目前已成为中国特大注塑机专业制造公司，" position="60...91--92...110" ConnectiveType="隐式关系" Connective="" Major_relationType="因果性" RelationType="因果性+;目的性-;条件性-;虚拟性-;反转性-;顺序性+;解说性-;例证性-;评价性+;并列性-;递进性-;选择性-" ConnectivePosition="" ConnectiveAttribute="不可添加" RoleLocation="abnormal" LanguageSense="true"/>
    <relative ID="4" Relation_Pair="5--6" Center="1" times="37" Sentence="目前已成为中国特大注塑机专业制造公司，|列中国机械部大中型企业综合指数百强之首。" position="92...110--111...130" ConnectiveType="隐式关系" Connective="" Major_relationType="评价性" RelationType="因果性-;目的性-;条件性-;虚拟性-;反转性-;顺序性-;解说性-;例证性-;评价性+;并列性-;递进性-;选择性-" ConnectivePosition="" ConnectiveAttribute="不可添加" RoleLocation="abnormal" LanguageSense="true"/>
    <relative ID="5" Relation_Pair="2--5" Center="3" times="31" Sentence="如宁波海天机械制造有限公司原来是一个不起眼的作坊，|目前已成为中国特大注塑机专业制造公司，" position="23...47--92...110" ConnectiveType="隐式关系" Connective="" Major_relationType="并列性" RelationType="因果性-;目的性-;条件性-;虚拟性-;反转性-;顺序性-;解说性-;例证性-;评价性-;并列性+;递进性-;选择性-" ConnectivePosition="" ConnectiveAttribute="不可添加" RoleLocation="abnormal" LanguageSense="true"/>
  </pragraph>
  <pragraph ID="6" content="1、目前，宁波北仑区沿海二十公里黄金海岸的一百多平方公里的带状地段，已星罗棋布地矗立起投资一千万美元的大项目近七十个，2、形成一个以石化、钢铁为主导，电力、机械、电子、轻纺、建材、塑胶等多种产业辅助发展的新兴大工业经济带。">
    <relative ID="1" Relation_Pair="1--2" Center="2" times="23" Sentence="目前，宁波北仑区沿海二十公里黄金海岸的一百多平方公里的带状地段，已星罗棋布地矗立起投资一千万美元的大项目近七十个，|形成一个以石化、钢铁为主导，电力、机械、电子、轻纺、建材、塑胶等多种产业辅助发展的新兴大工业经济带。" position="0...56--57...106" ConnectiveType="隐式关系" Connective="" Major_relationType="因果性" RelationType="因果性+;目的性-;条件性-;虚拟性-;反转性-;顺序性-;解说性-;例证性-;评价性-;并列性-;递进性-;选择性-" ConnectivePosition="" ConnectiveAttribute="不可添加" RoleLocation="abnormal" LanguageSense="true"/>
  </pragraph>
</doc>
