<?xml version="1.0" encoding="UTF-8"?>

<doc>
  <pragraph ID="3" content="1、本次洽谈会由国务院特区办公室与江苏、上海、天津、安徽、四川和陕西等省市主办，2、中国信息协会协办，陕西省人民政府承办。3、四川省和安徽省是首次参加。4、这是继今年举办的首届中国东西部投资与贸易洽谈会之后，陕西省第二次承办这一活动。5、洽谈会参会人数预计将超过万人，6、其中邀请海外客商、驻华机构代表约一千人，7、规模将超过以往。">
    <relative ID="1" Relation_Pair="1--2" Center="3" times="13" Sentence="本次洽谈会由国务院特区办公室与江苏、上海、天津、安徽、四川和陕西等省市主办，|中国信息协会协办，陕西省人民政府承办。" position="0...37--38...56" ConnectiveType="隐式关系" Connective="" Major_relationType="并列性" RelationType="因果性-;目的性-;条件性-;虚拟性-;反转性-;顺序性-;解说性-;例证性-;评价性-;并列性+;递进性-;选择性-" ConnectivePosition="" ConnectiveAttribute="不可添加" RoleLocation="normal" LanguageSense="true"/>
    <relative ID="2" Relation_Pair="2--3" Center="3" times="50" Sentence="中国信息协会协办，陕西省人民政府承办。|四川省和安徽省是首次参加。" position="38...56--57...69" ConnectiveType="隐式关系" Connective="" Major_relationType="并列性" RelationType="因果性-;目的性-;条件性-;虚拟性-;反转性-;顺序性-;解说性-;例证性-;评价性-;并列性+;递进性-;选择性-" ConnectivePosition="" ConnectiveAttribute="不可添加" RoleLocation="normal" LanguageSense="true"/>
    <relative ID="3" Relation_Pair="5--6" Center="1" times="17" Sentence="洽谈会参会人数预计将超过万人，|其中邀请海外客商、驻华机构代表约一千人，" position="109...123--124...143" ConnectiveType="显式关系" Connective="其中" Major_relationType="解说性" RelationType="因果性-;目的性-;条件性-;虚拟性-;反转性-;顺序性-;解说性+;例证性-;评价性-;并列性-;递进性-;选择性-" ConnectivePosition="129…131" ConnectiveAttribute="不可删除" RoleLocation="normal" LanguageSense="true"/>
    <relative ID="4" Relation_Pair="5--7" Center="1" times="11" Sentence="洽谈会参会人数预计将超过万人，|规模将超过以往。" position="109...123--144...151" ConnectiveType="隐式关系" Connective="" Major_relationType="评价性" RelationType="因果性-;目的性-;条件性-;虚拟性-;反转性-;顺序性-;解说性-;例证性-;评价性+;并列性-;递进性-;选择性-" ConnectivePosition="" ConnectiveAttribute="不可添加" RoleLocation="normal" LanguageSense="true"/>
    <relative ID="5" Relation_Pair="2--4" Center="1" times="9" Sentence="中国信息协会协办，陕西省人民政府承办。|这是继今年举办的首届中国东西部投资与贸易洽谈会之后，陕西省第二次承办这一活动。" position="38...56--70...108" ConnectiveType="隐式关系" Connective="" Major_relationType="解说性" RelationType="因果性-;目的性-;条件性-;虚拟性-;反转性-;顺序性-;解说性+;例证性-;评价性-;并列性-;递进性-;选择性-" ConnectivePosition="" ConnectiveAttribute="不可添加" RoleLocation="normal" LanguageSense="true"/>
    <relative ID="6" Relation_Pair="2--5" Center="1" times="20" Sentence="中国信息协会协办，陕西省人民政府承办。|洽谈会参会人数预计将超过万人，" position="38...56--109...123" ConnectiveType="隐式关系" Connective="" Major_relationType="解说性" RelationType="因果性-;目的性-;条件性-;虚拟性-;反转性-;顺序性-;解说性+;例证性-;评价性-;并列性-;递进性-;选择性-" ConnectivePosition="" ConnectiveAttribute="不可添加" RoleLocation="normal" LanguageSense="true"/>
  </pragraph>
  <pragraph ID="4" content="1、据介绍，项目洽谈、产权交易、商品贸易和技术合作是洽谈会的工作重点。2、洽谈会组委会常务副主任、陕西省副省长贾治邦说，本次洽谈会将本着“互利、合作、发展，把东西部合作全面推向二十一世纪”的原则，3、以突出东西部地区的横向联合与合作为主要内容，4、精选一批符合国家产业政策的合作项目，5、面向国内外市场招商。6、同时，西部地区还将拿出优势资源，7、吸引东部投资兴建原材料基地、联办资源开发与深加工以及劳动密集型项目。8、有关省市还将推出一批企业，9、积极促进东西部省际间的企业实施联合、兼并、收购、租赁、控股，10、在更大的范围内实现国有资产的优化重组和规模扩张。">
    <relative ID="1" Relation_Pair="2--4" Center="2" times="34" Sentence="洽谈会组委会常务副主任、陕西省副省长贾治邦说，本次洽谈会将本着“互利、合作、发展，把东西部合作全面推向二十一世纪”的原则，|精选一批符合国家产业政策的合作项目，" position="33...93--116...133" ConnectiveType="隐式关系" Connective="" Major_relationType="目的性" RelationType="因果性-;目的性+;条件性-;虚拟性-;反转性-;顺序性-;解说性-;例证性-;评价性-;并列性-;递进性-;选择性-" ConnectivePosition="" ConnectiveAttribute="不可添加" RoleLocation="normal" LanguageSense="true"/>
    <relative ID="2" Relation_Pair="3--4" Center="2" times="10" Sentence="以突出东西部地区的横向联合与合作为主要内容，|精选一批符合国家产业政策的合作项目，" position="94...115--116...133" ConnectiveType="隐式关系" Connective="" Major_relationType="目的性" RelationType="因果性-;目的性+;条件性-;虚拟性-;反转性-;顺序性-;解说性-;例证性-;评价性-;并列性-;递进性-;选择性-" ConnectivePosition="" ConnectiveAttribute="不可添加" RoleLocation="normal" LanguageSense="true"/>
    <relative ID="3" Relation_Pair="4--5" Center="3" times="9" Sentence="精选一批符合国家产业政策的合作项目，|面向国内外市场招商。" position="116...133--134...143" ConnectiveType="隐式关系" Connective="" Major_relationType="并列性" RelationType="因果性-;目的性-;条件性-;虚拟性-;反转性-;顺序性-;解说性-;例证性-;评价性-;并列性+;递进性-;选择性-" ConnectivePosition="" ConnectiveAttribute="不可添加" RoleLocation="normal" LanguageSense="true"/>
    <relative ID="4" Relation_Pair="1--2" Center="1" times="8" Sentence="据介绍，项目洽谈、产权交易、商品贸易和技术合作是洽谈会的工作重点。|洽谈会组委会常务副主任、陕西省副省长贾治邦说，本次洽谈会将本着“互利、合作、发展，把东西部合作全面推向二十一世纪”的原则，" position="0...32--33...93" ConnectiveType="隐式关系" Connective="" Major_relationType="解说性" RelationType="因果性-;目的性-;条件性-;虚拟性-;反转性-;顺序性-;解说性+;例证性-;评价性-;并列性-;递进性-;选择性-" ConnectivePosition="" ConnectiveAttribute="不可添加" RoleLocation="normal" LanguageSense="true"/>
    <relative ID="5" Relation_Pair="1--6" Center="1" times="9" Sentence="据介绍，项目洽谈、产权交易、商品贸易和技术合作是洽谈会的工作重点。|同时，西部地区还将拿出优势资源，" position="0...32--144...159" ConnectiveType="隐式关系" Connective="" Major_relationType="解说性" RelationType="因果性-;目的性-;条件性-;虚拟性-;反转性-;顺序性-;解说性+;例证性-;评价性-;并列性-;递进性-;选择性-" ConnectivePosition="" ConnectiveAttribute="不可添加" RoleLocation="normal" LanguageSense="true"/>
    <relative ID="6" Relation_Pair="1--8" Center="1" times="8" Sentence="据介绍，项目洽谈、产权交易、商品贸易和技术合作是洽谈会的工作重点。|有关省市还将推出一批企业，" position="0...32--194...206" ConnectiveType="隐式关系" Connective="" Major_relationType="解说性" RelationType="因果性-;目的性-;条件性-;虚拟性-;反转性-;顺序性-;解说性+;例证性-;评价性-;并列性-;递进性-;选择性-" ConnectivePosition="" ConnectiveAttribute="不可添加" RoleLocation="normal" LanguageSense="true"/>
    <relative ID="7" Relation_Pair="6--7" Center="1" times="12" Sentence="同时，西部地区还将拿出优势资源，|吸引东部投资兴建原材料基地、联办资源开发与深加工以及劳动密集型项目。" position="144...159--160...193" ConnectiveType="隐式关系" Connective="" Major_relationType="目的性" RelationType="因果性-;目的性+;条件性-;虚拟性-;反转性-;顺序性-;解说性-;例证性-;评价性-;并列性-;递进性-;选择性-" ConnectivePosition="" ConnectiveAttribute="不可添加" RoleLocation="normal" LanguageSense="true"/>
    <relative ID="8" Relation_Pair="8--9" Center="1" times="42" Sentence="有关省市还将推出一批企业，|积极促进东西部省际间的企业实施联合、兼并、收购、租赁、控股，" position="194...206--207...236" ConnectiveType="隐式关系" Connective="" Major_relationType="目的性" RelationType="因果性-;目的性+;条件性-;虚拟性-;反转性-;顺序性-;解说性-;例证性-;评价性-;并列性-;递进性-;选择性-" ConnectivePosition="" ConnectiveAttribute="不可添加" RoleLocation="normal" LanguageSense="true"/>
    <relative ID="9" Relation_Pair="9--10" Center="1" times="27" Sentence="积极促进东西部省际间的企业实施联合、兼并、收购、租赁、控股，|在更大的范围内实现国有资产的优化重组和规模扩张。" position="207...236--237...260" ConnectiveType="隐式关系" Connective="" Major_relationType="因果性" RelationType="因果性+;目的性-;条件性-;虚拟性-;反转性-;顺序性-;解说性-;例证性-;评价性-;并列性-;递进性-;选择性-" ConnectivePosition="" ConnectiveAttribute="不可添加" RoleLocation="normal" LanguageSense="true"/>
  </pragraph>
</doc>
