<?xml version="1.0" encoding="UTF-8"?>

<doc>
  <pragraph ID="3" content="1、据介绍，在这三十多万家外资企业中，中外合资经营企业十八万二千零五十九家，2、占六成；3、中外合作经营企业四万四千零九十四家，4、约占百分之十五；5、外商独资企业七万六千一百六十一家，6、约占百分之二十五。">
    <relative ID="1" Relation_Pair="1--3" Center="3" times="12" Sentence="据介绍，在这三十多万家外资企业中，中外合资经营企业十八万二千零五十九家，|中外合作经营企业四万四千零九十四家，" position="0...35--40...57" ConnectiveType="隐式关系" Connective="" Major_relationType="并列性" RelationType="因果性-;目的性-;条件性-;虚拟性-;反转性-;顺序性-;解说性-;例证性-;评价性-;并列性+;递进性-;选择性-" ConnectivePosition="" ConnectiveAttribute="不可添加" RoleLocation="normal" LanguageSense="true"/>
    <relative ID="2" Relation_Pair="3--5" Center="3" times="8" Sentence="中外合作经营企业四万四千零九十四家，|外商独资企业七万六千一百六十一家，" position="40...57--66...82" ConnectiveType="隐式关系" Connective="" Major_relationType="并列性" RelationType="因果性-;目的性-;条件性-;虚拟性-;反转性-;顺序性-;解说性-;例证性-;评价性-;并列性+;递进性-;选择性-" ConnectivePosition="" ConnectiveAttribute="不可添加" RoleLocation="normal" LanguageSense="true"/>
    <relative ID="3" Relation_Pair="1--2" Center="1" times="15" Sentence="据介绍，在这三十多万家外资企业中，中外合资经营企业十八万二千零五十九家，|占六成；" position="0...35--36...39" ConnectiveType="隐式关系" Connective="" Major_relationType="解说性" RelationType="因果性-;目的性-;条件性-;虚拟性-;反转性-;顺序性-;解说性+;例证性-;评价性-;并列性-;递进性-;选择性-" ConnectivePosition="" ConnectiveAttribute="不可添加" RoleLocation="normal" LanguageSense="true"/>
    <relative ID="4" Relation_Pair="3--4" Center="1" times="7" Sentence="中外合作经营企业四万四千零九十四家，|约占百分之十五；" position="40...57--58...65" ConnectiveType="隐式关系" Connective="" Major_relationType="解说性" RelationType="因果性-;目的性-;条件性-;虚拟性-;反转性-;顺序性-;解说性+;例证性-;评价性-;并列性-;递进性-;选择性-" ConnectivePosition="" ConnectiveAttribute="不可添加" RoleLocation="normal" LanguageSense="true"/>
    <relative ID="5" Relation_Pair="5--6" Center="1" times="7" Sentence="外商独资企业七万六千一百六十一家，|约占百分之二十五。" position="66...82--83...91" ConnectiveType="隐式关系" Connective="" Major_relationType="解说性" RelationType="因果性-;目的性-;条件性-;虚拟性-;反转性-;顺序性-;解说性+;例证性-;评价性-;并列性-;递进性-;选择性-" ConnectivePosition="" ConnectiveAttribute="不可添加" RoleLocation="normal" LanguageSense="true"/>
  </pragraph>
  <pragraph ID="4" content="1、目前，中国利用外商投资多元化格局已初步形成，2、资金来源于一百七十多个国家和地区。">
    <relative ID="1" Relation_Pair="1--2" Center="3" times="87" Sentence="目前，中国利用外商投资多元化格局已初步形成，|资金来源于一百七十多个国家和地区。" position="0...21--22...38" ConnectiveType="隐式关系" Connective="" Major_relationType="并列性" RelationType="因果性-;目的性-;条件性-;虚拟性-;反转性-;顺序性-;解说性-;例证性-;评价性-;并列性+;递进性-;选择性-" ConnectivePosition="" ConnectiveAttribute="不可添加" RoleLocation="normal" LanguageSense="true"/>
  </pragraph>
  <pragraph ID="5" content="1、截至到今年九月底，按实际使用外资金额排序，在中国投资最多的前十位国家和地区依次是：香港、台湾、日本、美国、新加坡、韩国、英国、德国、维尔京群岛、法国。2、居前十位的这些国家和地区在中国的投资占全国实际使用外资金额的百分之九十一多。">
    <relative ID="1" Relation_Pair="1--2" Center="2" times="59" Sentence="截至到今年九月底，按实际使用外资金额排序，在中国投资最多的前十位国家和地区依次是：香港、台湾、日本、美国、新加坡、韩国、英国、德国、维尔京群岛、法国。|居前十位的这些国家和地区在中国的投资占全国实际使用外资金额的百分之九十一多。" position="0...74--75...112" ConnectiveType="隐式关系" Connective="" Major_relationType="解说性" RelationType="因果性-;目的性-;条件性-;虚拟性-;反转性-;顺序性-;解说性+;例证性-;评价性-;并列性-;递进性-;选择性-" ConnectivePosition="" ConnectiveAttribute="不可添加" RoleLocation="normal" LanguageSense="true"/>
  </pragraph>
  <pragraph ID="6" content="1、亚洲国家和地区是中国主要外资来源，2、来自香港、台湾、日本、韩国、东盟等国家和地区，投资额占全国利用外资总额的百分之八十五以上。3、其中香港仍是内地吸收外资的主要来源，4、占累计实际吸收外商投资的比重为百分之五十五以上。">
    <relative ID="1" Relation_Pair="1--2" Center="1" times="11" Sentence="亚洲国家和地区是中国主要外资来源，|来自香港、台湾、日本、韩国、东盟等国家和地区，投资额占全国利用外资总额的百分之八十五以上。" position="0...16--17...61" ConnectiveType="隐式关系" Connective="" Major_relationType="解说性" RelationType="因果性-;目的性-;条件性-;虚拟性-;反转性-;顺序性-;解说性+;例证性-;评价性-;并列性-;递进性-;选择性-" ConnectivePosition="" ConnectiveAttribute="不可添加" RoleLocation="normal" LanguageSense="true"/>
    <relative ID="2" Relation_Pair="1--3" Center="1" times="15" Sentence="亚洲国家和地区是中国主要外资来源，|其中香港仍是内地吸收外资的主要来源，" position="0...16--62...79" ConnectiveType="显式关系" Connective="其中" Major_relationType="解说性" RelationType="因果性-;目的性-;条件性-;虚拟性-;反转性-;顺序性-;解说性+;例证性-;评价性-;并列性-;递进性-;选择性-" ConnectivePosition="64…66" ConnectiveAttribute="不可删除" RoleLocation="normal" LanguageSense="true"/>
    <relative ID="3" Relation_Pair="3--4" Center="1" times="28" Sentence="其中香港仍是内地吸收外资的主要来源，|占累计实际吸收外商投资的比重为百分之五十五以上。" position="62...79--80...103" ConnectiveType="隐式关系" Connective="" Major_relationType="评价性" RelationType="因果性-;目的性-;条件性-;虚拟性-;反转性-;顺序性-;解说性-;例证性-;评价性+;并列性-;递进性-;选择性-" ConnectivePosition="" ConnectiveAttribute="不可添加" RoleLocation="normal" LanguageSense="true"/>
  </pragraph>
</doc>
