<?xml version="1.0" encoding="UTF-8"?>

<doc>
  <pragraph ID="2" content="1、欧盟委员会于去年十一月通过了《欧盟对华新战略》，2、强调欧盟对华政策的全面性、独立性和长期性，3、表示要进一步促进双方在经贸、科技及发展援助等领域的交流与合作。4、日前，当记者在这里专访欧盟欧洲委员会驻华代表团团长魏根深大使，请他评价这一年来双方的合作成果时，5、他毫不迟疑地说：“欧盟同中国的政治关系、贸易关系以及在投资等方面的合作在一九九七年都取得了显著的发展。”">
    <relative ID="1" Relation_Pair="1--2" Center="2" times="35" Sentence="欧盟委员会于去年十一月通过了《欧盟对华新战略》，|强调欧盟对华政策的全面性、独立性和长期性，" position="0...23--24...44" ConnectiveType="隐式关系" Connective="" Major_relationType="解说性" RelationType="因果性-;目的性-;条件性-;虚拟性-;反转性-;顺序性-;解说性+;例证性-;评价性-;并列性-;递进性-;选择性-" ConnectivePosition="" ConnectiveAttribute="不可添加" RoleLocation="normal" LanguageSense="true"/>
    <relative ID="2" Relation_Pair="2--3" Center="2" times="18" Sentence="强调欧盟对华政策的全面性、独立性和长期性，|表示要进一步促进双方在经贸、科技及发展援助等领域的交流与合作。" position="24...44--45...75" ConnectiveType="隐式关系" Connective="" Major_relationType="递进性" RelationType="因果性-;目的性-;条件性-;虚拟性-;反转性-;顺序性-;解说性-;例证性-;评价性-;并列性-;递进性+;选择性-" ConnectivePosition="" ConnectiveAttribute="不可添加" RoleLocation="normal" LanguageSense="true"/>
    <relative ID="3" Relation_Pair="3--4" Center="3" times="10" Sentence="表示要进一步促进双方在经贸、科技及发展援助等领域的交流与合作。|日前，当记者在这里专访欧盟欧洲委员会驻华代表团团长魏根深大使，请他评价这一年来双方的合作成果时，" position="45...75--76...123" ConnectiveType="隐式关系" Connective="" Major_relationType="并列性" RelationType="因果性-;目的性-;条件性-;虚拟性-;反转性-;顺序性-;解说性-;例证性-;评价性-;并列性+;递进性-;选择性-" ConnectivePosition="" ConnectiveAttribute="不可添加" RoleLocation="normal" LanguageSense="true"/>
    <relative ID="4" Relation_Pair="4--5" Center="1" times="13" Sentence="日前，当记者在这里专访欧盟欧洲委员会驻华代表团团长魏根深大使，请他评价这一年来双方的合作成果时，|他毫不迟疑地说：“欧盟同中国的政治关系、贸易关系以及在投资等方面的合作在一九九七年都取得了显著的发展。”" position="76...123--124...175" ConnectiveType="隐式关系" Connective="" Major_relationType="解说性" RelationType="因果性-;目的性-;条件性-;虚拟性-;反转性-;顺序性-;解说性+;例证性-;评价性-;并列性-;递进性-;选择性-" ConnectivePosition="" ConnectiveAttribute="不可添加" RoleLocation="normal" LanguageSense="true"/>
  </pragraph>
  <pragraph ID="3" content="1、这位大使为论证他的结论所列举的事实是令人信服的：2、一年来，欧盟国家和中国有了比以往更频繁的高层互访；3、在国际事务中，欧盟同中国进行了很好的合作。4、例如，中国在欧亚会议的进程中发挥了非常积极的作用，5、欧盟国家领导人期待着明年四月在伦敦举行的第二次欧亚会议上同中国领导人会晤；6、在中国加入世界贸易组织的问题上，欧盟同中国进行了频繁而积极的对话，7、并取得了很大的进展；8、今年十月，欧盟委员会副主席布里坦爵士访华时同中国外经贸部部长吴仪也就中国加入世贸组织问题进行了非常有成果的对话，9、双方在一些原则性问题上达成了共识。10、目前欧盟同中国关于中国加入世贸组织的谈判已进入重要阶段，11、双方正积极进行这方面的对话；12、欧（盟）中贸易增长，13、欧盟对中国的实际投资也保持了增长的势头；14、欧盟委员会最近决定向欧盟部长理事会提议将中国从以前的“非市场经济国家”名单中排除。15、这表明欧盟认识到中国经济正在向市场经济发展；16、欧盟仍然是向中国提供高技术的最好供应方之一；17、一九九七年，欧盟在同中国的合作项目上所提供的援助资金超过六千五百万埃居（一埃居约合一点二美元），18、是一九九四年的三倍。">
    <relative ID="1" Relation_Pair="1--2" Center="1" times="9" Sentence="这位大使为论证他的结论所列举的事实是令人信服的：|一年来，欧盟国家和中国有了比以往更频繁的高层互访；" position="0...23--24...48" ConnectiveType="隐式关系" Connective="" Major_relationType="解说性" RelationType="因果性-;目的性-;条件性-;虚拟性-;反转性-;顺序性-;解说性+;例证性-;评价性-;并列性-;递进性-;选择性-" ConnectivePosition="" ConnectiveAttribute="不可添加" RoleLocation="normal" LanguageSense="true"/>
    <relative ID="2" Relation_Pair="1--3" Center="1" times="11" Sentence="这位大使为论证他的结论所列举的事实是令人信服的：|在国际事务中，欧盟同中国进行了很好的合作。" position="0...23--49...69" ConnectiveType="隐式关系" Connective="" Major_relationType="解说性" RelationType="因果性-;目的性-;条件性-;虚拟性-;反转性-;顺序性-;解说性+;例证性-;评价性-;并列性-;递进性-;选择性-" ConnectivePosition="" ConnectiveAttribute="不可添加" RoleLocation="normal" LanguageSense="true"/>
    <relative ID="3" Relation_Pair="1--4" Center="1" times="14" Sentence="这位大使为论证他的结论所列举的事实是令人信服的：|例如，中国在欧亚会议的进程中发挥了非常积极的作用，" position="0...23--70...94" ConnectiveType="显式关系" Connective="例如" Major_relationType="例证性" RelationType="因果性-;目的性-;条件性-;虚拟性-;反转性-;顺序性-;解说性-;例证性+;评价性-;并列性-;递进性-;选择性-" ConnectivePosition="73…75" ConnectiveAttribute="不可删除" RoleLocation="normal" LanguageSense="true"/>
    <relative ID="4" Relation_Pair="1--6" Center="1" times="16" Sentence="这位大使为论证他的结论所列举的事实是令人信服的：|在中国加入世界贸易组织的问题上，欧盟同中国进行了频繁而积极的对话，" position="0...23--132...164" ConnectiveType="显式关系" Connective="例如" Major_relationType="例证性" RelationType="因果性-;目的性-;条件性-;虚拟性-;反转性-;顺序性-;解说性-;例证性+;评价性-;并列性-;递进性-;选择性-" ConnectivePosition="73…75" ConnectiveAttribute="不可删除" RoleLocation="normal" LanguageSense="true"/>
    <relative ID="5" Relation_Pair="1--8" Center="1" times="13" Sentence="这位大使为论证他的结论所列举的事实是令人信服的：|今年十月，欧盟委员会副主席布里坦爵士访华时同中国外经贸部部长吴仪也就中国加入世贸组织问题进行了非常有成果的对话，" position="0...23--175...230" ConnectiveType="显式关系" Connective="例如" Major_relationType="例证性" RelationType="因果性-;目的性-;条件性-;虚拟性-;反转性-;顺序性-;解说性-;例证性+;评价性-;并列性-;递进性-;选择性-" ConnectivePosition="73…75" ConnectiveAttribute="不可删除" RoleLocation="normal" LanguageSense="true"/>
    <relative ID="6" Relation_Pair="4--5" Center="1" times="13" Sentence="例如，中国在欧亚会议的进程中发挥了非常积极的作用，|欧盟国家领导人期待着明年四月在伦敦举行的第二次欧亚会议上同中国领导人会晤；" position="70...94--95...131" ConnectiveType="隐式关系" Connective="" Major_relationType="因果性" RelationType="因果性+;目的性-;条件性-;虚拟性-;反转性-;顺序性-;解说性-;例证性-;评价性-;并列性-;递进性-;选择性-" ConnectivePosition="" ConnectiveAttribute="不可添加" RoleLocation="normal" LanguageSense="true"/>
    <relative ID="7" Relation_Pair="6--7" Center="1" times="32" Sentence="在中国加入世界贸易组织的问题上，欧盟同中国进行了频繁而积极的对话，|并取得了很大的进展；" position="132...164--165...174" ConnectiveType="隐式关系" Connective="" Major_relationType="因果性" RelationType="因果性+;目的性-;条件性-;虚拟性-;反转性-;顺序性-;解说性-;例证性-;评价性-;并列性-;递进性-;选择性-" ConnectivePosition="171…172" ConnectiveAttribute="不可添加" RoleLocation="normal" LanguageSense="true"/>
    <relative ID="8" Relation_Pair="8--9" Center="1" times="30" Sentence="今年十月，欧盟委员会副主席布里坦爵士访华时同中国外经贸部部长吴仪也就中国加入世贸组织问题进行了非常有成果的对话，|双方在一些原则性问题上达成了共识。" position="175...230--231...247" ConnectiveType="隐式关系" Connective="" Major_relationType="因果性" RelationType="因果性+;目的性-;条件性-;虚拟性-;反转性-;顺序性-;解说性-;例证性-;评价性-;并列性-;递进性-;选择性-" ConnectivePosition="" ConnectiveAttribute="不可添加" RoleLocation="normal" LanguageSense="true"/>
    <relative ID="9" Relation_Pair="1--10" Center="1" times="9" Sentence="这位大使为论证他的结论所列举的事实是令人信服的：|目前欧盟同中国关于中国加入世贸组织的谈判已进入重要阶段，" position="0...23--248...275" ConnectiveType="隐式关系" Connective="" Major_relationType="例证性" RelationType="因果性-;目的性-;条件性-;虚拟性-;反转性-;顺序性-;解说性-;例证性+;评价性-;并列性-;递进性-;选择性-" ConnectivePosition="" ConnectiveAttribute="不可添加" RoleLocation="normal" LanguageSense="true"/>
    <relative ID="10" Relation_Pair="1--12" Center="1" times="7" Sentence="这位大使为论证他的结论所列举的事实是令人信服的：|欧（盟）中贸易增长，" position="0...23--290...299" ConnectiveType="隐式关系" Connective="" Major_relationType="例证性" RelationType="因果性-;目的性-;条件性-;虚拟性-;反转性-;顺序性-;解说性-;例证性+;评价性-;并列性-;递进性-;选择性-" ConnectivePosition="" ConnectiveAttribute="不可添加" RoleLocation="normal" LanguageSense="true"/>
    <relative ID="11" Relation_Pair="1--14" Center="1" times="9" Sentence="这位大使为论证他的结论所列举的事实是令人信服的：|欧盟委员会最近决定向欧盟部长理事会提议将中国从以前的“非市场经济国家”名单中排除。" position="0...23--320...360" ConnectiveType="隐式关系" Connective="" Major_relationType="例证性" RelationType="因果性-;目的性-;条件性-;虚拟性-;反转性-;顺序性-;解说性-;例证性+;评价性-;并列性-;递进性-;选择性-" ConnectivePosition="" ConnectiveAttribute="不可添加" RoleLocation="normal" LanguageSense="true"/>
    <relative ID="12" Relation_Pair="10--11" Center="3" times="12" Sentence="目前欧盟同中国关于中国加入世贸组织的谈判已进入重要阶段，|双方正积极进行这方面的对话；" position="248...275--276...289" ConnectiveType="隐式关系" Connective="" Major_relationType="并列性" RelationType="因果性-;目的性-;条件性-;虚拟性-;反转性-;顺序性-;解说性-;例证性-;评价性-;并列性+;递进性-;选择性-" ConnectivePosition="" ConnectiveAttribute="不可添加" RoleLocation="normal" LanguageSense="true"/>
    <relative ID="13" Relation_Pair="12--13" Center="3" times="17" Sentence="欧（盟）中贸易增长，|欧盟对中国的实际投资也保持了增长的势头；" position="290...299--300...319" ConnectiveType="显式关系" Connective="也" Major_relationType="并列性" RelationType="因果性-;目的性-;条件性-;虚拟性-;反转性-;顺序性-;解说性-;例证性-;评价性-;并列性+;递进性-;选择性-" ConnectivePosition="322…323" ConnectiveAttribute="不可删除" RoleLocation="normal" LanguageSense="true"/>
    <relative ID="14" Relation_Pair="1--15" Center="1" times="16" Sentence="这位大使为论证他的结论所列举的事实是令人信服的：|这表明欧盟认识到中国经济正在向市场经济发展；" position="0...23--361...382" ConnectiveType="隐式关系" Connective="" Major_relationType="因果性" RelationType="因果性+;目的性-;条件性-;虚拟性-;反转性-;顺序性-;解说性-;例证性-;评价性-;并列性-;递进性-;选择性-" ConnectivePosition="" ConnectiveAttribute="不可添加" RoleLocation="normal" LanguageSense="true"/>
    <relative ID="15" Relation_Pair="1--16" Center="1" times="8" Sentence="这位大使为论证他的结论所列举的事实是令人信服的：|欧盟仍然是向中国提供高技术的最好供应方之一；" position="0...23--383...404" ConnectiveType="隐式关系" Connective="" Major_relationType="因果性" RelationType="因果性+;目的性-;条件性-;虚拟性-;反转性-;顺序性-;解说性-;例证性-;评价性-;并列性-;递进性-;选择性-" ConnectivePosition="" ConnectiveAttribute="不可添加" RoleLocation="normal" LanguageSense="true"/>
    <relative ID="16" Relation_Pair="1--17" Center="1" times="6" Sentence="这位大使为论证他的结论所列举的事实是令人信服的：|一九九七年，欧盟在同中国的合作项目上所提供的援助资金超过六千五百万埃居（一埃居约合一点二美元），" position="0...23--405...452" ConnectiveType="隐式关系" Connective="" Major_relationType="因果性" RelationType="因果性+;目的性-;条件性-;虚拟性-;反转性-;顺序性-;解说性-;例证性-;评价性-;并列性-;递进性-;选择性-" ConnectivePosition="" ConnectiveAttribute="不可添加" RoleLocation="normal" LanguageSense="true"/>
    <relative ID="17" Relation_Pair="17--18" Center="1" times="12" Sentence="一九九七年，欧盟在同中国的合作项目上所提供的援助资金超过六千五百万埃居（一埃居约合一点二美元），|是一九九四年的三倍。" position="405...452--453...462" ConnectiveType="隐式关系" Connective="" Major_relationType="评价性" RelationType="因果性-;目的性-;条件性-;虚拟性-;反转性-;顺序性-;解说性-;例证性-;评价性+;并列性+;递进性-;选择性-" ConnectivePosition="" ConnectiveAttribute="不可添加" RoleLocation="normal" LanguageSense="true"/>
  </pragraph>
  <pragraph ID="4" content="1、这位大使告诉记者，目前欧盟同中国正在进行的合作项目有三十个，2、双方还就许多新的项目签署了协议。3、他透露，欧盟在一九九八年同中国的合作项目上计划提供的资金将保持今年的水平。">
    <relative ID="1" Relation_Pair="1--2" Center="3" times="8" Sentence="这位大使告诉记者，目前欧盟同中国正在进行的合作项目有三十个，|双方还就许多新的项目签署了协议。" position="0...29--30...45" ConnectiveType="隐式关系" Connective="" Major_relationType="并列性" RelationType="因果性-;目的性-;条件性-;虚拟性-;反转性-;顺序性-;解说性-;例证性-;评价性-;并列性+;递进性-;选择性-" ConnectivePosition="" ConnectiveAttribute="不可添加" RoleLocation="normal" LanguageSense="true"/>
    <relative ID="2" Relation_Pair="2--3" Center="3" times="6" Sentence="双方还就许多新的项目签署了协议。|他透露，欧盟在一九九八年同中国的合作项目上计划提供的资金将保持今年的水平。" position="30...45--46...82" ConnectiveType="隐式关系" Connective="" Major_relationType="并列性" RelationType="因果性-;目的性-;条件性-;虚拟性-;反转性-;顺序性-;解说性-;例证性-;评价性-;并列性+;递进性-;选择性-" ConnectivePosition="" ConnectiveAttribute="不可添加" RoleLocation="normal" LanguageSense="true"/>
  </pragraph>
  <pragraph ID="5" content="1、在谈到来年欧（盟）中关系前景时，魏根深大使说，一九九八年欧洲将有许多高级官员访问中国。2、他预计在未来的一年中，欧（盟）中政治关系将进一步加强，3、贸易和投资将继续增长，4、双方关于中国加入世贸组织的谈判将取得进一步的成果。">
    <relative ID="1" Relation_Pair="1--2" Center="2" times="12" Sentence="在谈到来年欧（盟）中关系前景时，魏根深大使说，一九九八年欧洲将有许多高级官员访问中国。|他预计在未来的一年中，欧（盟）中政治关系将进一步加强，" position="0...42--43...69" ConnectiveType="隐式关系" Connective="" Major_relationType="因果性" RelationType="因果性+;目的性-;条件性-;虚拟性+;反转性-;顺序性-;解说性-;例证性-;评价性-;并列性-;递进性-;选择性-" ConnectivePosition="" ConnectiveAttribute="不可添加" RoleLocation="normal" LanguageSense="true"/>
    <relative ID="2" Relation_Pair="2--3" Center="3" times="14" Sentence="他预计在未来的一年中，欧（盟）中政治关系将进一步加强，|贸易和投资将继续增长，" position="43...69--70...80" ConnectiveType="隐式关系" Connective="" Major_relationType="并列性" RelationType="因果性-;目的性-;条件性-;虚拟性+;反转性-;顺序性-;解说性-;例证性-;评价性-;并列性+;递进性-;选择性-" ConnectivePosition="" ConnectiveAttribute="不可添加" RoleLocation="normal" LanguageSense="true"/>
    <relative ID="3" Relation_Pair="3--4" Center="3" times="7" Sentence="贸易和投资将继续增长，|双方关于中国加入世贸组织的谈判将取得进一步的成果。" position="70...80--81...105" ConnectiveType="隐式关系" Connective="" Major_relationType="并列性" RelationType="因果性-;目的性-;条件性-;虚拟性+;反转性-;顺序性-;解说性-;例证性-;评价性-;并列性+;递进性-;选择性-" ConnectivePosition="" ConnectiveAttribute="不可添加" RoleLocation="normal" LanguageSense="true"/>
  </pragraph>
</doc>
