<?xml version="1.0" encoding="UTF-8"?>

<doc>
  <pragraph ID="3" content="1、任命戴光前为人事部副部长，2、王君为煤炭工业部副部长，3、张海涛为广播电影电视部副部长，4、史纪良为中国人民银行副行长，5、陈耕为中国石油天然气总公司副总经理，6、王永秋为驻旧金山总领事（大使衔），7、霍淑珍为驻圣保罗总领事，8、陆琪为驻福冈总领事，9、安启光为驻卡拉奇总领事，10、李志国为驻迪拜总领事，11、刘峻岫为驻巴塞罗那总领事，12、王格武为驻蒂华纳总领事。">
    <relative ID="1" Relation_Pair="1--2" Center="3" times="13" Sentence="任命戴光前为人事部副部长，|王君为煤炭工业部副部长，" position="0...12--13...24" ConnectiveType="隐式关系" Connective="" Major_relationType="并列性" RelationType="因果性-;目的性-;条件性-;虚拟性-;反转性-;顺序性-;解说性-;例证性-;评价性-;并列性+;递进性-;选择性-" ConnectivePosition="" ConnectiveAttribute="不可添加" RoleLocation="normal" LanguageSense="true"/>
    <relative ID="2" Relation_Pair="2--3" Center="3" times="8" Sentence="王君为煤炭工业部副部长，|张海涛为广播电影电视部副部长，" position="13...24--25...39" ConnectiveType="隐式关系" Connective="" Major_relationType="并列性" RelationType="因果性-;目的性-;条件性-;虚拟性-;反转性-;顺序性-;解说性-;例证性-;评价性-;并列性+;递进性-;选择性-" ConnectivePosition="" ConnectiveAttribute="不可添加" RoleLocation="normal" LanguageSense="true"/>
    <relative ID="3" Relation_Pair="3--4" Center="3" times="7" Sentence="张海涛为广播电影电视部副部长，|史纪良为中国人民银行副行长，" position="25...39--40...53" ConnectiveType="隐式关系" Connective="" Major_relationType="并列性" RelationType="因果性-;目的性-;条件性-;虚拟性-;反转性-;顺序性-;解说性-;例证性-;评价性-;并列性+;递进性-;选择性-" ConnectivePosition="" ConnectiveAttribute="不可添加" RoleLocation="normal" LanguageSense="true"/>
    <relative ID="4" Relation_Pair="4--5" Center="3" times="6" Sentence="史纪良为中国人民银行副行长，|陈耕为中国石油天然气总公司副总经理，" position="40...53--54...71" ConnectiveType="隐式关系" Connective="" Major_relationType="并列性" RelationType="因果性-;目的性-;条件性-;虚拟性-;反转性-;顺序性-;解说性-;例证性-;评价性-;并列性+;递进性-;选择性-" ConnectivePosition="" ConnectiveAttribute="不可添加" RoleLocation="normal" LanguageSense="true"/>
    <relative ID="5" Relation_Pair="5--6" Center="3" times="7" Sentence="陈耕为中国石油天然气总公司副总经理，|王永秋为驻旧金山总领事（大使衔），" position="54...71--72...88" ConnectiveType="隐式关系" Connective="" Major_relationType="并列性" RelationType="因果性-;目的性-;条件性-;虚拟性-;反转性-;顺序性-;解说性-;例证性-;评价性-;并列性+;递进性-;选择性-" ConnectivePosition="" ConnectiveAttribute="不可添加" RoleLocation="normal" LanguageSense="true"/>
    <relative ID="6" Relation_Pair="6--7" Center="3" times="9" Sentence="王永秋为驻旧金山总领事（大使衔），|霍淑珍为驻圣保罗总领事，" position="72...88--89...100" ConnectiveType="隐式关系" Connective="" Major_relationType="并列性" RelationType="因果性-;目的性-;条件性-;虚拟性-;反转性-;顺序性-;解说性-;例证性-;评价性-;并列性+;递进性-;选择性-" ConnectivePosition="" ConnectiveAttribute="不可添加" RoleLocation="normal" LanguageSense="true"/>
    <relative ID="7" Relation_Pair="7--8" Center="3" times="16" Sentence="霍淑珍为驻圣保罗总领事，|陆琪为驻福冈总领事，" position="89...100--101...110" ConnectiveType="隐式关系" Connective="" Major_relationType="并列性" RelationType="因果性-;目的性-;条件性-;虚拟性-;反转性-;顺序性-;解说性-;例证性-;评价性-;并列性+;递进性-;选择性-" ConnectivePosition="" ConnectiveAttribute="不可添加" RoleLocation="normal" LanguageSense="true"/>
    <relative ID="8" Relation_Pair="8--9" Center="3" times="9" Sentence="陆琪为驻福冈总领事，|安启光为驻卡拉奇总领事，" position="101...110--111...122" ConnectiveType="隐式关系" Connective="" Major_relationType="并列性" RelationType="因果性-;目的性-;条件性-;虚拟性-;反转性-;顺序性-;解说性-;例证性-;评价性-;并列性+;递进性-;选择性-" ConnectivePosition="" ConnectiveAttribute="不可添加" RoleLocation="normal" LanguageSense="true"/>
    <relative ID="9" Relation_Pair="9--10" Center="3" times="9" Sentence="安启光为驻卡拉奇总领事，|李志国为驻迪拜总领事，" position="111...122--123...133" ConnectiveType="隐式关系" Connective="" Major_relationType="并列性" RelationType="因果性-;目的性-;条件性-;虚拟性-;反转性-;顺序性-;解说性-;例证性-;评价性-;并列性+;递进性-;选择性-" ConnectivePosition="" ConnectiveAttribute="不可添加" RoleLocation="normal" LanguageSense="true"/>
    <relative ID="10" Relation_Pair="10--11" Center="3" times="8" Sentence="李志国为驻迪拜总领事，|刘峻岫为驻巴塞罗那总领事，" position="123...133--134...146" ConnectiveType="隐式关系" Connective="" Major_relationType="并列性" RelationType="因果性-;目的性-;条件性-;虚拟性-;反转性-;顺序性-;解说性-;例证性-;评价性-;并列性+;递进性-;选择性-" ConnectivePosition="" ConnectiveAttribute="不可添加" RoleLocation="normal" LanguageSense="true"/>
    <relative ID="11" Relation_Pair="11--12" Center="3" times="9" Sentence="刘峻岫为驻巴塞罗那总领事，|王格武为驻蒂华纳总领事。" position="134...146--147...158" ConnectiveType="隐式关系" Connective="" Major_relationType="并列性" RelationType="因果性-;目的性-;条件性-;虚拟性-;反转性-;顺序性-;解说性-;例证性-;评价性-;并列性+;递进性-;选择性-" ConnectivePosition="" ConnectiveAttribute="不可添加" RoleLocation="normal" LanguageSense="true"/>
  </pragraph>
  <pragraph ID="4" content="1、免去俞晓松的国家经济贸易委员会副主任职务，2、张福森的司法部副部长职务，3、张柏林的人事部副部长职务，4、濮洪九的煤炭工业部副部长职务，5、刘习良、何栋材、杨伟光的广播电影电视部副部长职务，6、夏赞忠的新华通讯社副社长职务，7、李毅中的中国石油化工总公司副总经理职务，8、张轰的中国石油天然气总公司副总经理职务，9、宋增寿的驻旧金山总领事（大使衔）职务，10、谬启平的驻圣保罗总领事职务，11、吴从勇的驻福冈总领事职务，12、王修才的驻卡拉奇总领事职务，13、闻兆祥的驻迪拜总领事职务，14、许昌财的驻巴塞罗那总领事职务，15、麦国彦的驻蒂华纳总领事职务。">
    <relative ID="1" Relation_Pair="1--2" Center="3" times="10" Sentence="免去俞晓松的国家经济贸易委员会副主任职务，|张福森的司法部副部长职务，" position="0...20--21...33" ConnectiveType="隐式关系" Connective="" Major_relationType="并列性" RelationType="因果性-;目的性-;条件性-;虚拟性-;反转性-;顺序性-;解说性-;例证性-;评价性-;并列性+;递进性-;选择性-" ConnectivePosition="" ConnectiveAttribute="不可添加" RoleLocation="normal" LanguageSense="true"/>
    <relative ID="2" Relation_Pair="2--3" Center="3" times="7" Sentence="张福森的司法部副部长职务，|张柏林的人事部副部长职务，" position="21...33--34...46" ConnectiveType="隐式关系" Connective="" Major_relationType="并列性" RelationType="因果性-;目的性-;条件性-;虚拟性-;反转性-;顺序性-;解说性-;例证性-;评价性-;并列性+;递进性-;选择性-" ConnectivePosition="" ConnectiveAttribute="不可添加" RoleLocation="normal" LanguageSense="true"/>
    <relative ID="3" Relation_Pair="3--4" Center="3" times="9" Sentence="张柏林的人事部副部长职务，|濮洪九的煤炭工业部副部长职务，" position="34...46--47...61" ConnectiveType="隐式关系" Connective="" Major_relationType="并列性" RelationType="因果性-;目的性-;条件性-;虚拟性-;反转性-;顺序性-;解说性-;例证性-;评价性-;并列性+;递进性-;选择性-" ConnectivePosition="" ConnectiveAttribute="不可添加" RoleLocation="normal" LanguageSense="true"/>
    <relative ID="4" Relation_Pair="4--5" Center="3" times="8" Sentence="濮洪九的煤炭工业部副部长职务，|刘习良、何栋材、杨伟光的广播电影电视部副部长职务，" position="47...61--62...86" ConnectiveType="隐式关系" Connective="" Major_relationType="并列性" RelationType="因果性-;目的性-;条件性-;虚拟性-;反转性-;顺序性-;解说性-;例证性-;评价性-;并列性+;递进性-;选择性-" ConnectivePosition="" ConnectiveAttribute="不可添加" RoleLocation="normal" LanguageSense="true"/>
    <relative ID="5" Relation_Pair="5--6" Center="3" times="8" Sentence="刘习良、何栋材、杨伟光的广播电影电视部副部长职务，|夏赞忠的新华通讯社副社长职务，" position="62...86--87...101" ConnectiveType="隐式关系" Connective="" Major_relationType="并列性" RelationType="因果性-;目的性-;条件性-;虚拟性-;反转性-;顺序性-;解说性-;例证性-;评价性-;并列性+;递进性-;选择性-" ConnectivePosition="" ConnectiveAttribute="不可添加" RoleLocation="normal" LanguageSense="true"/>
    <relative ID="6" Relation_Pair="6--7" Center="3" times="8" Sentence="夏赞忠的新华通讯社副社长职务，|李毅中的中国石油化工总公司副总经理职务，" position="87...101--102...121" ConnectiveType="隐式关系" Connective="" Major_relationType="并列性" RelationType="因果性-;目的性-;条件性-;虚拟性-;反转性-;顺序性-;解说性-;例证性-;评价性-;并列性+;递进性-;选择性-" ConnectivePosition="" ConnectiveAttribute="不可添加" RoleLocation="normal" LanguageSense="true"/>
    <relative ID="7" Relation_Pair="7--8" Center="3" times="9" Sentence="李毅中的中国石油化工总公司副总经理职务，|张轰的中国石油天然气总公司副总经理职务，" position="102...121--122...141" ConnectiveType="隐式关系" Connective="" Major_relationType="并列性" RelationType="因果性-;目的性-;条件性-;虚拟性-;反转性-;顺序性-;解说性-;例证性-;评价性-;并列性+;递进性-;选择性-" ConnectivePosition="" ConnectiveAttribute="不可添加" RoleLocation="normal" LanguageSense="true"/>
    <relative ID="8" Relation_Pair="8--9" Center="3" times="10" Sentence="张轰的中国石油天然气总公司副总经理职务，|宋增寿的驻旧金山总领事（大使衔）职务，" position="122...141--142...160" ConnectiveType="隐式关系" Connective="" Major_relationType="并列性" RelationType="因果性-;目的性-;条件性-;虚拟性-;反转性-;顺序性-;解说性-;例证性-;评价性-;并列性+;递进性-;选择性-" ConnectivePosition="" ConnectiveAttribute="不可添加" RoleLocation="normal" LanguageSense="true"/>
    <relative ID="9" Relation_Pair="9--10" Center="3" times="9" Sentence="宋增寿的驻旧金山总领事（大使衔）职务，|谬启平的驻圣保罗总领事职务，" position="142...160--161...174" ConnectiveType="隐式关系" Connective="" Major_relationType="并列性" RelationType="因果性-;目的性-;条件性-;虚拟性-;反转性-;顺序性-;解说性-;例证性-;评价性-;并列性+;递进性-;选择性-" ConnectivePosition="" ConnectiveAttribute="不可添加" RoleLocation="normal" LanguageSense="true"/>
    <relative ID="10" Relation_Pair="10--11" Center="3" times="8" Sentence="谬启平的驻圣保罗总领事职务，|吴从勇的驻福冈总领事职务，" position="161...174--175...187" ConnectiveType="隐式关系" Connective="" Major_relationType="并列性" RelationType="因果性-;目的性-;条件性-;虚拟性-;反转性-;顺序性-;解说性-;例证性-;评价性-;并列性+;递进性-;选择性-" ConnectivePosition="" ConnectiveAttribute="不可添加" RoleLocation="normal" LanguageSense="true"/>
    <relative ID="11" Relation_Pair="11--12" Center="3" times="9" Sentence="吴从勇的驻福冈总领事职务，|王修才的驻卡拉奇总领事职务，" position="175...187--188...201" ConnectiveType="隐式关系" Connective="" Major_relationType="并列性" RelationType="因果性-;目的性-;条件性-;虚拟性-;反转性-;顺序性-;解说性-;例证性-;评价性-;并列性+;递进性-;选择性-" ConnectivePosition="" ConnectiveAttribute="不可添加" RoleLocation="normal" LanguageSense="true"/>
    <relative ID="12" Relation_Pair="12--13" Center="3" times="9" Sentence="王修才的驻卡拉奇总领事职务，|闻兆祥的驻迪拜总领事职务，" position="188...201--202...214" ConnectiveType="隐式关系" Connective="" Major_relationType="并列性" RelationType="因果性-;目的性-;条件性-;虚拟性-;反转性-;顺序性-;解说性-;例证性-;评价性-;并列性+;递进性-;选择性-" ConnectivePosition="" ConnectiveAttribute="不可添加" RoleLocation="normal" LanguageSense="true"/>
    <relative ID="13" Relation_Pair="13--14" Center="3" times="12" Sentence="闻兆祥的驻迪拜总领事职务，|许昌财的驻巴塞罗那总领事职务，" position="202...214--215...229" ConnectiveType="隐式关系" Connective="" Major_relationType="并列性" RelationType="因果性-;目的性-;条件性-;虚拟性-;反转性-;顺序性-;解说性-;例证性-;评价性-;并列性+;递进性-;选择性-" ConnectivePosition="" ConnectiveAttribute="不可添加" RoleLocation="normal" LanguageSense="true"/>
    <relative ID="14" Relation_Pair="14--15" Center="3" times="10" Sentence="许昌财的驻巴塞罗那总领事职务，|麦国彦的驻蒂华纳总领事职务。" position="215...229--230...243" ConnectiveType="隐式关系" Connective="" Major_relationType="并列性" RelationType="因果性-;目的性-;条件性-;虚拟性-;反转性-;顺序性-;解说性-;例证性-;评价性-;并列性+;递进性-;选择性-" ConnectivePosition="" ConnectiveAttribute="不可添加" RoleLocation="normal" LanguageSense="true"/>
  </pragraph>
</doc>
