<?xml version="1.0" encoding="UTF-8"?>

<doc>
  <pragraph ID="2" content="1、中国拟出台多项新的优惠政策，2、以保证积极合理有效地利用外资，3、完善对外开放格局。">
    <relative ID="1" Relation_Pair="1--2" Center="2" times="49" Sentence="中国拟出台多项新的优惠政策，|以保证积极合理有效地利用外资，" position="0...13--14...28" ConnectiveType="隐式关系" Connective="" Major_relationType="目的性" RelationType="因果性-;目的性+;条件性-;虚拟性+;反转性-;顺序性+;解说性-;例证性-;评价性-;并列性-;递进性-;选择性-" ConnectivePosition="" ConnectiveAttribute="不可添加" RoleLocation="normal" LanguageSense="true"/>
    <relative ID="2" Relation_Pair="1--3" Center="2" times="19" Sentence="中国拟出台多项新的优惠政策，|完善对外开放格局。" position="0...13--29...37" ConnectiveType="隐式关系" Connective="" Major_relationType="目的性" RelationType="因果性-;目的性+;条件性-;虚拟性+;反转性-;顺序性+;解说性-;例证性-;评价性-;并列性-;递进性-;选择性-" ConnectivePosition="" ConnectiveAttribute="不可添加" RoleLocation="normal" LanguageSense="true"/>
  </pragraph>
  <pragraph ID="3" content="1、国家计委有关部门介绍，为拓宽利用外资的渠道，2、中国将对于ＢＯＴ、项目融资、在海外发行股票等多种方式积极试点逐步开展。3、扩大与发达国家及广大发展中国家的合作，4、扩大对外开放领域，5、继续保险业、零售商业的利用外资试点，6、并在矿业资源开发、分销等行业推出新的利用外资政策。">
    <relative ID="1" Relation_Pair="1--2" Center="2" times="82" Sentence="国家计委有关部门介绍，为拓宽利用外资的渠道，|中国将对于ＢＯＴ、项目融资、在海外发行股票等多种方式积极试点逐步开展。" position="0...21--22...56" ConnectiveType="隐式关系" Connective="" Major_relationType="目的性" RelationType="因果性-;目的性+;条件性-;虚拟性+;反转性-;顺序性-;解说性-;例证性-;评价性-;并列性-;递进性-;选择性-" ConnectivePosition="" ConnectiveAttribute="不可添加" RoleLocation="normal" LanguageSense="true"/>
    <relative ID="2" Relation_Pair="2--3" Center="3" times="68" Sentence="中国将对于ＢＯＴ、项目融资、在海外发行股票等多种方式积极试点逐步开展。|扩大与发达国家及广大发展中国家的合作，" position="22...56--57...75" ConnectiveType="隐式关系" Connective="" Major_relationType="并列性" RelationType="因果性-;目的性-;条件性-;虚拟性-;反转性-;顺序性-;解说性-;例证性-;评价性-;并列性+;递进性-;选择性-" ConnectivePosition="" ConnectiveAttribute="不可添加" RoleLocation="normal" LanguageSense="true"/>
    <relative ID="3" Relation_Pair="3--4" Center="3" times="7" Sentence="扩大与发达国家及广大发展中国家的合作，|扩大对外开放领域，" position="57...75--76...84" ConnectiveType="隐式关系" Connective="" Major_relationType="并列性" RelationType="因果性-;目的性-;条件性-;虚拟性-;反转性-;顺序性-;解说性-;例证性-;评价性-;并列性+;递进性-;选择性-" ConnectivePosition="" ConnectiveAttribute="不可添加" RoleLocation="normal" LanguageSense="true"/>
    <relative ID="4" Relation_Pair="4--5" Center="3" times="7" Sentence="扩大对外开放领域，|继续保险业、零售商业的利用外资试点，" position="76...84--85...102" ConnectiveType="隐式关系" Connective="" Major_relationType="并列性" RelationType="因果性-;目的性-;条件性-;虚拟性-;反转性-;顺序性-;解说性-;例证性-;评价性-;并列性+;递进性-;选择性-" ConnectivePosition="" ConnectiveAttribute="不可添加" RoleLocation="normal" LanguageSense="true"/>
    <relative ID="5" Relation_Pair="5--6" Center="3" times="7" Sentence="继续保险业、零售商业的利用外资试点，|并在矿业资源开发、分销等行业推出新的利用外资政策。" position="85...102--103...127" ConnectiveType="隐式关系" Connective="" Major_relationType="并列性" RelationType="因果性-;目的性-;条件性-;虚拟性-;反转性-;顺序性-;解说性-;例证性-;评价性-;并列性+;递进性-;选择性-" ConnectivePosition="" ConnectiveAttribute="不可添加" RoleLocation="normal" LanguageSense="true"/>
  </pragraph>
  <pragraph ID="4" content="1、国家税务总局提供的信息表明，从明年开始，外商投资ＢＯＴ项目继续享受税收优惠，2、其优惠政策范围包括从事ＢＯＴ项目的投资企业和投资者个人。">
    <relative ID="1" Relation_Pair="1--2" Center="1" times="65" Sentence="国家税务总局提供的信息表明，从明年开始，外商投资ＢＯＴ项目继续享受税收优惠，|其优惠政策范围包括从事ＢＯＴ项目的投资企业和投资者个人。" position="0...37--38...65" ConnectiveType="隐式关系" Connective="" Major_relationType="解说性" RelationType="因果性-;目的性-;条件性-;虚拟性+;反转性-;顺序性-;解说性+;例证性-;评价性-;并列性-;递进性-;选择性-" ConnectivePosition="" ConnectiveAttribute="不可添加" RoleLocation="normal" LanguageSense="true"/>
  </pragraph>
  <pragraph ID="5" content="1、国务院特区办有关负责人表示，为鼓励外商到中西部地区进行投资，2、对中国产业政策中限制外商投资，但能发挥人力资源的项目，允许外商在中西部兴办。">
    <relative ID="1" Relation_Pair="1--2" Center="2" times="123" Sentence="国务院特区办有关负责人表示，为鼓励外商到中西部地区进行投资，|对中国产业政策中限制外商投资，但能发挥人力资源的项目，允许外商在中西部兴办。" position="0...29--30...67" ConnectiveType="隐式关系" Connective="" Major_relationType="目的性" RelationType="因果性+;目的性+;条件性-;虚拟性+;反转性-;顺序性-;解说性-;例证性-;评价性-;并列性-;递进性-;选择性-" ConnectivePosition="" ConnectiveAttribute="不可添加" RoleLocation="normal" LanguageSense="true"/>
  </pragraph>
  <pragraph ID="6" content="1、此外，中国将鼓励中外合资建设并经营公用码头泊位，2、允许外商独资建设货主码头及其专用航道。3、经批准，外国公司可在中国设立中外合资海运公司，4、外国海运公司可依据两国政府间海运协定，设立独资船务公司。">
    <relative ID="1" Relation_Pair="1--2" Center="3" times="96" Sentence="此外，中国将鼓励中外合资建设并经营公用码头泊位，|允许外商独资建设货主码头及其专用航道。" position="0...23--24...42" ConnectiveType="隐式关系" Connective="" Major_relationType="并列性" RelationType="因果性-;目的性-;条件性-;虚拟性-;反转性-;顺序性-;解说性-;例证性-;评价性-;并列性+;递进性-;选择性-" ConnectivePosition="" ConnectiveAttribute="不可添加" RoleLocation="normal" LanguageSense="true"/>
    <relative ID="2" Relation_Pair="2--3" Center="3" times="21" Sentence="允许外商独资建设货主码头及其专用航道。|经批准，外国公司可在中国设立中外合资海运公司，" position="24...42--43...65" ConnectiveType="隐式关系" Connective="" Major_relationType="并列性" RelationType="因果性-;目的性-;条件性-;虚拟性-;反转性-;顺序性-;解说性-;例证性-;评价性-;并列性+;递进性-;选择性-" ConnectivePosition="" ConnectiveAttribute="不可添加" RoleLocation="normal" LanguageSense="true"/>
    <relative ID="3" Relation_Pair="3--4" Center="3" times="28" Sentence="经批准，外国公司可在中国设立中外合资海运公司，|外国海运公司可依据两国政府间海运协定，设立独资船务公司。" position="43...65--66...93" ConnectiveType="隐式关系" Connective="" Major_relationType="并列性" RelationType="因果性-;目的性-;条件性-;虚拟性-;反转性-;顺序性-;解说性-;例证性-;评价性-;并列性+;递进性-;选择性-" ConnectivePosition="" ConnectiveAttribute="不可添加" RoleLocation="normal" LanguageSense="true"/>
  </pragraph>
  <pragraph ID="7" content="1、据统计，到目前为止中国已累计批准外商投资企业逾三十万家，2、实际使用外资约二千亿美元。3、利用外资已占全社会固定资产投资的二成以上。">
    <relative ID="1" Relation_Pair="1--2" Center="3" times="156" Sentence="据统计，到目前为止中国已累计批准外商投资企业逾三十万家，|实际使用外资约二千亿美元。" position="0...27--28...40" ConnectiveType="隐式关系" Connective="" Major_relationType="并列性" RelationType="因果性+;目的性-;条件性-;虚拟性-;反转性-;顺序性-;解说性-;例证性-;评价性-;并列性+;递进性-;选择性-" ConnectivePosition="" ConnectiveAttribute="不可添加" RoleLocation="normal" LanguageSense="true"/>
    <relative ID="2" Relation_Pair="2--3" Center="1" times="39" Sentence="实际使用外资约二千亿美元。|利用外资已占全社会固定资产投资的二成以上。" position="28...40--41...61" ConnectiveType="隐式关系" Connective="" Major_relationType="解说性" RelationType="因果性-;目的性-;条件性-;虚拟性-;反转性-;顺序性-;解说性+;例证性-;评价性-;并列性-;递进性-;选择性-" ConnectivePosition="" ConnectiveAttribute="不可添加" RoleLocation="normal" LanguageSense="true"/>
  </pragraph>
  <pragraph ID="8" content="1、据分析，由于企业改革的推进，中国对于外资的需求将随之增加，2、外商投资的行业也将日益扩大。3、新政策陆续出台，4、表明中国将积极引导外资的投向，5、达到合理利用外资的目的。">
    <relative ID="1" Relation_Pair="1--2" Center="3" times="136" Sentence="据分析，由于企业改革的推进，中国对于外资的需求将随之增加，|外商投资的行业也将日益扩大。" position="0...28--29...42" ConnectiveType="隐式关系" Connective="" Major_relationType="并列性" RelationType="因果性-;目的性-;条件性-;虚拟性-;反转性-;顺序性-;解说性-;例证性-;评价性-;并列性+;递进性-;选择性-" ConnectivePosition="" ConnectiveAttribute="不可添加" RoleLocation="normal" LanguageSense="true"/>
    <relative ID="2" Relation_Pair="3--4" Center="2" times="183" Sentence="新政策陆续出台，|表明中国将积极引导外资的投向，" position="43...50--51...65" ConnectiveType="隐式关系" Connective="" Major_relationType="因果性" RelationType="因果性+;目的性-;条件性-;虚拟性-;反转性-;顺序性-;解说性-;例证性-;评价性+;并列性-;递进性-;选择性-" ConnectivePosition="" ConnectiveAttribute="不可添加" RoleLocation="normal" LanguageSense="true"/>
    <relative ID="3" Relation_Pair="3--5" Center="2" times="13" Sentence="新政策陆续出台，|达到合理利用外资的目的。" position="43...50--66...77" ConnectiveType="隐式关系" Connective="" Major_relationType="因果性" RelationType="因果性+;目的性-;条件性-;虚拟性-;反转性-;顺序性-;解说性-;例证性-;评价性+;并列性-;递进性-;选择性-" ConnectivePosition="" ConnectiveAttribute="不可添加" RoleLocation="normal" LanguageSense="true"/>
    <relative ID="4" Relation_Pair="2--3" Center="2" times="8" Sentence="外商投资的行业也将日益扩大。|新政策陆续出台，" position="29...42--43...50" ConnectiveType="隐式关系" Connective="" Major_relationType="因果性" RelationType="因果性+;目的性-;条件性-;虚拟性+;反转性-;顺序性-;解说性-;例证性-;评价性-;并列性-;递进性-;选择性-" ConnectivePosition="" ConnectiveAttribute="不可添加" RoleLocation="normal" LanguageSense="true"/>
  </pragraph>
  <pragraph ID="9" content="1、今后一段时期，中国将鼓励外商投资农业新技术和土地资源综合开发以及水利、能源、交通、重要原材料、机械电子、矿业等基础产业和支柱产业，2、鼓励外商采用高新技术参予中国企业的技术改造。">
    <relative ID="1" Relation_Pair="1--2" Center="3" times="12" Sentence="今后一段时期，中国将鼓励外商投资农业新技术和土地资源综合开发以及水利、能源、交通、重要原材料、机械电子、矿业等基础产业和支柱产业，|鼓励外商采用高新技术参予中国企业的技术改造。" position="0...64--65...86" ConnectiveType="隐式关系" Connective="" Major_relationType="并列性" RelationType="因果性-;目的性-;条件性-;虚拟性+;反转性-;顺序性-;解说性-;例证性-;评价性-;并列性+;递进性-;选择性-" ConnectivePosition="" ConnectiveAttribute="不可添加" RoleLocation="normal" LanguageSense="true"/>
  </pragraph>
</doc>
