<?xml version="1.0" encoding="UTF-8"?>

<doc>
  <pragraph ID="3" content="1、深圳特区今年全年国内生产总值可达一千一百三十亿元，2、比去年增长百分之十六；3、地方预算内财政收入一百四十亿元，4、增长百分之六点三。5、今年深圳全年实际利用外资预计可达二十八亿美元，6、增长百分之十五点六。7、香港回归后，深港两地经贸关系得到加强，8、深港西部通道等三大基础设施衔接项目目前进展顺利。9、深圳特区今年推进国有企业改革成效显著，10、全市今年工业总产值预计达一千二百五十五亿元，11、比去年增长百分之十七点五。">
    <relative ID="1" Relation_Pair="1--2" Center="1" times="11" Sentence="深圳特区今年全年国内生产总值可达一千一百三十亿元，|比去年增长百分之十六；" position="0...24--25...35" ConnectiveType="隐式关系" Connective="" Major_relationType="评价性" RelationType="因果性-;目的性-;条件性-;虚拟性-;反转性-;顺序性-;解说性-;例证性-;评价性+;并列性+;递进性-;选择性-" ConnectivePosition="" ConnectiveAttribute="不可添加" RoleLocation="normal" LanguageSense="true"/>
    <relative ID="2" Relation_Pair="3--4" Center="1" times="12" Sentence="地方预算内财政收入一百四十亿元，|增长百分之六点三。" position="36...51--52...60" ConnectiveType="隐式关系" Connective="" Major_relationType="评价性" RelationType="因果性-;目的性-;条件性-;虚拟性-;反转性-;顺序性-;解说性-;例证性-;评价性+;并列性+;递进性-;选择性-" ConnectivePosition="" ConnectiveAttribute="不可添加" RoleLocation="normal" LanguageSense="true"/>
    <relative ID="3" Relation_Pair="1--3" Center="3" times="34" Sentence="深圳特区今年全年国内生产总值可达一千一百三十亿元，|地方预算内财政收入一百四十亿元，" position="0...24--36...51" ConnectiveType="隐式关系" Connective="" Major_relationType="并列性" RelationType="因果性-;目的性-;条件性-;虚拟性-;反转性-;顺序性-;解说性-;例证性-;评价性-;并列性+;递进性-;选择性-" ConnectivePosition="" ConnectiveAttribute="不可添加" RoleLocation="normal" LanguageSense="true"/>
    <relative ID="4" Relation_Pair="5--6" Center="1" times="14" Sentence="今年深圳全年实际利用外资预计可达二十八亿美元，|增长百分之十五点六。" position="61...83--84...93" ConnectiveType="隐式关系" Connective="" Major_relationType="评价性" RelationType="因果性-;目的性-;条件性-;虚拟性-;反转性-;顺序性-;解说性-;例证性-;评价性+;并列性+;递进性-;选择性-" ConnectivePosition="" ConnectiveAttribute="不可添加" RoleLocation="normal" LanguageSense="true"/>
    <relative ID="5" Relation_Pair="7--8" Center="3" times="156" Sentence="香港回归后，深港两地经贸关系得到加强，|深港西部通道等三大基础设施衔接项目目前进展顺利。" position="94...112--113...136" ConnectiveType="隐式关系" Connective="" Major_relationType="并列性" RelationType="因果性+;目的性-;条件性-;虚拟性-;反转性-;顺序性-;解说性-;例证性-;评价性-;并列性+;递进性-;选择性-" ConnectivePosition="" ConnectiveAttribute="不可添加" RoleLocation="normal" LanguageSense="true"/>
    <relative ID="6" Relation_Pair="9--10" Center="2" times="143" Sentence="深圳特区今年推进国有企业改革成效显著，|全市今年工业总产值预计达一千二百五十五亿元，" position="137...155--156...177" ConnectiveType="隐式关系" Connective="" Major_relationType="因果性" RelationType="因果性+;目的性-;条件性-;虚拟性+;反转性-;顺序性-;解说性-;例证性-;评价性-;并列性-;递进性-;选择性-" ConnectivePosition="" ConnectiveAttribute="不可添加" RoleLocation="normal" LanguageSense="true"/>
    <relative ID="7" Relation_Pair="10--11" Center="1" times="15" Sentence="全市今年工业总产值预计达一千二百五十五亿元，|比去年增长百分之十七点五。" position="156...177--178...190" ConnectiveType="隐式关系" Connective="" Major_relationType="评价性" RelationType="因果性-;目的性-;条件性-;虚拟性-;反转性-;顺序性-;解说性-;例证性-;评价性+;并列性+;递进性-;选择性-" ConnectivePosition="" ConnectiveAttribute="不可添加" RoleLocation="normal" LanguageSense="true"/>
    <relative ID="8" Relation_Pair="3--5" Center="3" times="9" Sentence="地方预算内财政收入一百四十亿元，|今年深圳全年实际利用外资预计可达二十八亿美元，" position="36...51--61...83" ConnectiveType="隐式关系" Connective="" Major_relationType="并列性" RelationType="因果性-;目的性-;条件性-;虚拟性-;反转性-;顺序性-;解说性-;例证性-;评价性-;并列性+;递进性-;选择性-" ConnectivePosition="" ConnectiveAttribute="不可添加" RoleLocation="normal" LanguageSense="true"/>
    <relative ID="9" Relation_Pair="5--7" Center="3" times="7" Sentence="今年深圳全年实际利用外资预计可达二十八亿美元，|香港回归后，深港两地经贸关系得到加强，" position="61...83--94...112" ConnectiveType="隐式关系" Connective="" Major_relationType="并列性" RelationType="因果性-;目的性-;条件性-;虚拟性-;反转性-;顺序性-;解说性-;例证性-;评价性-;并列性+;递进性-;选择性-" ConnectivePosition="" ConnectiveAttribute="不可添加" RoleLocation="normal" LanguageSense="true"/>
    <relative ID="10" Relation_Pair="8--10" Center="3" times="8" Sentence="深港西部通道等三大基础设施衔接项目目前进展顺利。|全市今年工业总产值预计达一千二百五十五亿元，" position="113...136--156...177" ConnectiveType="隐式关系" Connective="" Major_relationType="并列性" RelationType="因果性-;目的性-;条件性-;虚拟性-;反转性-;顺序性-;解说性-;例证性-;评价性-;并列性+;递进性-;选择性-" ConnectivePosition="" ConnectiveAttribute="不可添加" RoleLocation="normal" LanguageSense="true"/>
  </pragraph>
  <pragraph ID="4" content="1、珠海的立体交通框架已初具规模，2、投资环境日臻完善，3、美国的美孚、埃索、阿莫科，荷兰的壳牌，日本的岩谷，香港的长江实业等一批财团纷纷到珠海落户。4、据统计，今年头十一个月，珠海新批利用外资合同三百零一项，5、合同投资金额二十四点六亿美元，6、实际利用外资八点八九亿美元，7、比去年同期增长百分之十一点九。">
    <relative ID="1" Relation_Pair="1--3" Center="2" times="222" Sentence="珠海的立体交通框架已初具规模，|美国的美孚、埃索、阿莫科，荷兰的壳牌，日本的岩谷，香港的长江实业等一批财团纷纷到珠海落户。" position="0...14--24...68" ConnectiveType="隐式关系" Connective="" Major_relationType="因果性" RelationType="因果性+;目的性-;条件性-;虚拟性-;反转性-;顺序性-;解说性-;例证性-;评价性-;并列性-;递进性-;选择性-" ConnectivePosition="" ConnectiveAttribute="不可添加" RoleLocation="normal" LanguageSense="true"/>
    <relative ID="2" Relation_Pair="2--3" Center="2" times="11" Sentence="投资环境日臻完善，|美国的美孚、埃索、阿莫科，荷兰的壳牌，日本的岩谷，香港的长江实业等一批财团纷纷到珠海落户。" position="15...23--24...68" ConnectiveType="隐式关系" Connective="" Major_relationType="因果性" RelationType="因果性+;目的性-;条件性-;虚拟性-;反转性-;顺序性-;解说性-;例证性-;评价性-;并列性-;递进性-;选择性-" ConnectivePosition="" ConnectiveAttribute="不可添加" RoleLocation="normal" LanguageSense="true"/>
    <relative ID="3" Relation_Pair="3--4" Center="2" times="36" Sentence="美国的美孚、埃索、阿莫科，荷兰的壳牌，日本的岩谷，香港的长江实业等一批财团纷纷到珠海落户。|据统计，今年头十一个月，珠海新批利用外资合同三百零一项，" position="24...68--69...96" ConnectiveType="隐式关系" Connective="" Major_relationType="因果性" RelationType="因果性+;目的性-;条件性-;虚拟性-;反转性-;顺序性+;解说性-;例证性-;评价性-;并列性-;递进性-;选择性-" ConnectivePosition="" ConnectiveAttribute="不可添加" RoleLocation="normal" LanguageSense="true"/>
    <relative ID="4" Relation_Pair="4--5" Center="3" times="8" Sentence="据统计，今年头十一个月，珠海新批利用外资合同三百零一项，|合同投资金额二十四点六亿美元，" position="69...96--97...111" ConnectiveType="隐式关系" Connective="" Major_relationType="并列性" RelationType="因果性-;目的性-;条件性-;虚拟性-;反转性-;顺序性-;解说性-;例证性-;评价性-;并列性+;递进性-;选择性-" ConnectivePosition="" ConnectiveAttribute="不可添加" RoleLocation="normal" LanguageSense="true"/>
    <relative ID="5" Relation_Pair="5--6" Center="3" times="8" Sentence="合同投资金额二十四点六亿美元，|实际利用外资八点八九亿美元，" position="97...111--112...125" ConnectiveType="隐式关系" Connective="" Major_relationType="并列性" RelationType="因果性-;目的性-;条件性-;虚拟性-;反转性-;顺序性-;解说性-;例证性-;评价性-;并列性+;递进性-;选择性-" ConnectivePosition="" ConnectiveAttribute="不可添加" RoleLocation="normal" LanguageSense="true"/>
    <relative ID="6" Relation_Pair="6--7" Center="1" times="9" Sentence="实际利用外资八点八九亿美元，|比去年同期增长百分之十一点九。" position="112...125--126...140" ConnectiveType="隐式关系" Connective="" Major_relationType="评价性" RelationType="因果性-;目的性-;条件性-;虚拟性-;反转性-;顺序性-;解说性-;例证性-;评价性+;并列性+;递进性-;选择性-" ConnectivePosition="" ConnectiveAttribute="不可添加" RoleLocation="normal" LanguageSense="true"/>
  </pragraph>
  <pragraph ID="5" content="1、海陆空现代化交通体系的建立和完善，2、使汕头特区的区位优势日益明显。3、到今年年底，全市港口码头年综合吞吐能力达二千一百一十二万吨。4、汕头机场开通国际国内航线四十四条。5、程控电话总容量达七十七万多门，6、移动电话平均每十人一部。7、目前，汕头市累计批准利用外资合同一万二千多宗，8、实际利用外资五十一亿多美元。9、今年前三个季度，全市新签外商直接投资项目一百四十八个，10、实际利用外资七点一六亿美元；11、全市出口总值三十点三二亿美元，12、比去年同期增长百分之八十四点三，13、进口总值二十一点八亿美元，14、同比增百分之三十点二。">
    <relative ID="1" Relation_Pair="1--2" Center="1" times="13" Sentence="海陆空现代化交通体系的建立和完善，|使汕头特区的区位优势日益明显。" position="0...16--17...31" ConnectiveType="隐式关系" Connective="" Major_relationType="因果性" RelationType="因果性+;目的性-;条件性-;虚拟性-;反转性-;顺序性-;解说性-;例证性-;评价性-;并列性-;递进性-;选择性-" ConnectivePosition="" ConnectiveAttribute="不可添加" RoleLocation="normal" LanguageSense="true"/>
    <relative ID="2" Relation_Pair="1--3" Center="1" times="12" Sentence="海陆空现代化交通体系的建立和完善，|到今年年底，全市港口码头年综合吞吐能力达二千一百一十二万吨。" position="0...16--32...61" ConnectiveType="隐式关系" Connective="" Major_relationType="解说性" RelationType="因果性-;目的性-;条件性-;虚拟性-;反转性-;顺序性-;解说性+;例证性-;评价性-;并列性-;递进性-;选择性-" ConnectivePosition="" ConnectiveAttribute="不可添加" RoleLocation="normal" LanguageSense="true"/>
    <relative ID="3" Relation_Pair="1--4" Center="1" times="6" Sentence="海陆空现代化交通体系的建立和完善，|汕头机场开通国际国内航线四十四条。" position="0...16--62...78" ConnectiveType="隐式关系" Connective="" Major_relationType="解说性" RelationType="因果性-;目的性-;条件性-;虚拟性-;反转性-;顺序性-;解说性+;例证性-;评价性-;并列性-;递进性-;选择性-" ConnectivePosition="" ConnectiveAttribute="不可添加" RoleLocation="normal" LanguageSense="true"/>
    <relative ID="4" Relation_Pair="1--5" Center="1" times="23" Sentence="海陆空现代化交通体系的建立和完善，|程控电话总容量达七十七万多门，" position="0...16--79...93" ConnectiveType="隐式关系" Connective="" Major_relationType="解说性" RelationType="因果性-;目的性-;条件性-;虚拟性-;反转性-;顺序性-;解说性+;例证性-;评价性-;并列性-;递进性-;选择性-" ConnectivePosition="" ConnectiveAttribute="不可添加" RoleLocation="normal" LanguageSense="true"/>
    <relative ID="5" Relation_Pair="5--6" Center="1" times="17" Sentence="程控电话总容量达七十七万多门，|移动电话平均每十人一部。" position="79...93--94...105" ConnectiveType="隐式关系" Connective="" Major_relationType="因果性" RelationType="因果性+;目的性-;条件性-;虚拟性-;反转性-;顺序性-;解说性-;例证性-;评价性-;并列性-;递进性-;选择性-" ConnectivePosition="" ConnectiveAttribute="不可添加" RoleLocation="normal" LanguageSense="true"/>
    <relative ID="6" Relation_Pair="7--8" Center="3" times="76" Sentence="目前，汕头市累计批准利用外资合同一万二千多宗，|实际利用外资五十一亿多美元。" position="106...128--129...142" ConnectiveType="隐式关系" Connective="" Major_relationType="并列性" RelationType="因果性-;目的性-;条件性-;虚拟性-;反转性-;顺序性-;解说性-;例证性-;评价性-;并列性+;递进性-;选择性-" ConnectivePosition="" ConnectiveAttribute="不可添加" RoleLocation="normal" LanguageSense="true"/>
    <relative ID="7" Relation_Pair="9--10" Center="3" times="11" Sentence="今年前三个季度，全市新签外商直接投资项目一百四十八个，|实际利用外资七点一六亿美元；" position="143...169--170...183" ConnectiveType="隐式关系" Connective="" Major_relationType="并列性" RelationType="因果性-;目的性-;条件性-;虚拟性-;反转性-;顺序性-;解说性-;例证性-;评价性-;并列性+;递进性-;选择性-" ConnectivePosition="" ConnectiveAttribute="不可添加" RoleLocation="normal" LanguageSense="true"/>
    <relative ID="8" Relation_Pair="11--12" Center="1" times="15" Sentence="全市出口总值三十点三二亿美元，|比去年同期增长百分之八十四点三，" position="184...198--199...214" ConnectiveType="隐式关系" Connective="" Major_relationType="评价性" RelationType="因果性-;目的性-;条件性-;虚拟性-;反转性-;顺序性-;解说性-;例证性-;评价性+;并列性+;递进性-;选择性-" ConnectivePosition="" ConnectiveAttribute="不可添加" RoleLocation="normal" LanguageSense="true"/>
    <relative ID="9" Relation_Pair="13--14" Center="1" times="10" Sentence="进口总值二十一点八亿美元，|同比增百分之三十点二。" position="215...227--228...238" ConnectiveType="隐式关系" Connective="" Major_relationType="评价性" RelationType="因果性-;目的性-;条件性-;虚拟性-;反转性-;顺序性-;解说性-;例证性-;评价性+;并列性+;递进性-;选择性-" ConnectivePosition="" ConnectiveAttribute="不可添加" RoleLocation="normal" LanguageSense="true"/>
    <relative ID="10" Relation_Pair="11--13" Center="3" times="10" Sentence="全市出口总值三十点三二亿美元，|进口总值二十一点八亿美元，" position="184...198--215...227" ConnectiveType="隐式关系" Connective="" Major_relationType="并列性" RelationType="因果性-;目的性-;条件性-;虚拟性-;反转性-;顺序性-;解说性-;例证性-;评价性-;并列性+;递进性-;选择性-" ConnectivePosition="" ConnectiveAttribute="不可添加" RoleLocation="normal" LanguageSense="true"/>
    <relative ID="11" Relation_Pair="7--9" Center="1" times="14" Sentence="目前，汕头市累计批准利用外资合同一万二千多宗，|今年前三个季度，全市新签外商直接投资项目一百四十八个，" position="106...128--143...169" ConnectiveType="隐式关系" Connective="" Major_relationType="解说性" RelationType="因果性-;目的性-;条件性-;虚拟性-;反转性-;顺序性-;解说性+;例证性-;评价性-;并列性-;递进性-;选择性-" ConnectivePosition="" ConnectiveAttribute="不可添加" RoleLocation="normal" LanguageSense="true"/>
    <relative ID="12" Relation_Pair="8--11" Center="3" times="12" Sentence="实际利用外资五十一亿多美元。|全市出口总值三十点三二亿美元，" position="129...142--184...198" ConnectiveType="隐式关系" Connective="" Major_relationType="并列性" RelationType="因果性-;目的性-;条件性-;虚拟性-;反转性-;顺序性-;解说性-;例证性-;评价性-;并列性+;递进性-;选择性-" ConnectivePosition="" ConnectiveAttribute="不可添加" RoleLocation="normal" LanguageSense="true"/>
    <relative ID="13" Relation_Pair="1--7" Center="2" times="13" Sentence="海陆空现代化交通体系的建立和完善，|目前，汕头市累计批准利用外资合同一万二千多宗，" position="0...16--106...128" ConnectiveType="隐式关系" Connective="" Major_relationType="因果性" RelationType="因果性+;目的性-;条件性-;虚拟性-;反转性-;顺序性-;解说性-;例证性-;评价性-;并列性-;递进性-;选择性-" ConnectivePosition="" ConnectiveAttribute="不可添加" RoleLocation="normal" LanguageSense="true"/>
  </pragraph>
  <pragraph ID="6" content="1、厦门港今年成为海峡两岸直航试点港后，立荣、万海等台湾大船务公司纷纷开通至厦门港的班轮。2、目前厦门港已拥有至日本、新加坡、韩国、美国、地中海等五条国际集装箱运输干线。3、厦门市今年一至十月进出口总额六十四点一亿美元，4、增长百分之十三点六，5、其中出口和进口分别达三十五点二亿美元和二十八点九亿美元，6、均增长百分之十三点六。7、预计全年外贸进出口总额七十七亿美元，8、增长百分之十六。9、今年前十个月厦门市国有企业出口十六点三七亿美元，10、同比增长百分之二十三点六。">
    <relative ID="1" Relation_Pair="1--3" Center="2" times="66" Sentence="厦门港今年成为海峡两岸直航试点港后，立荣、万海等台湾大船务公司纷纷开通至厦门港的班轮。|厦门市今年一至十月进出口总额六十四点一亿美元，" position="0...42--81...103" ConnectiveType="隐式关系" Connective="" Major_relationType="因果性" RelationType="因果性+;目的性-;条件性-;虚拟性-;反转性-;顺序性-;解说性-;例证性-;评价性-;并列性-;递进性-;选择性-" ConnectivePosition="" ConnectiveAttribute="不可添加" RoleLocation="normal" LanguageSense="true"/>
    <relative ID="2" Relation_Pair="2--3" Center="2" times="6" Sentence="目前厦门港已拥有至日本、新加坡、韩国、美国、地中海等五条国际集装箱运输干线。|厦门市今年一至十月进出口总额六十四点一亿美元，" position="43...80--81...103" ConnectiveType="隐式关系" Connective="" Major_relationType="因果性" RelationType="因果性+;目的性-;条件性-;虚拟性-;反转性-;顺序性-;解说性-;例证性-;评价性-;并列性-;递进性-;选择性-" ConnectivePosition="" ConnectiveAttribute="不可添加" RoleLocation="normal" LanguageSense="true"/>
    <relative ID="3" Relation_Pair="3--4" Center="1" times="10" Sentence="厦门市今年一至十月进出口总额六十四点一亿美元，|增长百分之十三点六，" position="81...103--104...113" ConnectiveType="隐式关系" Connective="" Major_relationType="评价性" RelationType="因果性-;目的性-;条件性-;虚拟性-;反转性-;顺序性-;解说性-;例证性-;评价性+;并列性+;递进性-;选择性-" ConnectivePosition="" ConnectiveAttribute="不可添加" RoleLocation="normal" LanguageSense="true"/>
    <relative ID="4" Relation_Pair="3--5" Center="1" times="15" Sentence="厦门市今年一至十月进出口总额六十四点一亿美元，|其中出口和进口分别达三十五点二亿美元和二十八点九亿美元，" position="81...103--114...141" ConnectiveType="显式关系" Connective="其中" Major_relationType="解说性" RelationType="因果性-;目的性-;条件性-;虚拟性-;反转性-;顺序性-;解说性+;例证性-;评价性-;并列性-;递进性-;选择性-" ConnectivePosition="118…120" ConnectiveAttribute="不可删除" RoleLocation="normal" LanguageSense="true"/>
    <relative ID="5" Relation_Pair="5--6" Center="1" times="15" Sentence="其中出口和进口分别达三十五点二亿美元和二十八点九亿美元，|均增长百分之十三点六。" position="114...141--142...152" ConnectiveType="隐式关系" Connective="" Major_relationType="评价性" RelationType="因果性-;目的性-;条件性-;虚拟性-;反转性-;顺序性-;解说性-;例证性-;评价性+;并列性+;递进性-;选择性-" ConnectivePosition="" ConnectiveAttribute="不可添加" RoleLocation="normal" LanguageSense="true"/>
    <relative ID="6" Relation_Pair="7--8" Center="1" times="9" Sentence="预计全年外贸进出口总额七十七亿美元，|增长百分之十六。" position="153...170--171...178" ConnectiveType="隐式关系" Connective="" Major_relationType="评价性" RelationType="因果性-;目的性-;条件性-;虚拟性-;反转性-;顺序性-;解说性-;例证性-;评价性+;并列性+;递进性-;选择性-" ConnectivePosition="" ConnectiveAttribute="不可添加" RoleLocation="normal" LanguageSense="true"/>
    <relative ID="7" Relation_Pair="9--10" Center="1" times="8" Sentence="今年前十个月厦门市国有企业出口十六点三七亿美元，|同比增长百分之二十三点六。" position="179...202--203...215" ConnectiveType="隐式关系" Connective="" Major_relationType="评价性" RelationType="因果性-;目的性-;条件性-;虚拟性-;反转性-;顺序性-;解说性-;例证性-;评价性+;并列性+;递进性-;选择性-" ConnectivePosition="" ConnectiveAttribute="不可添加" RoleLocation="normal" LanguageSense="true"/>
    <relative ID="8" Relation_Pair="3--7" Center="1" times="17" Sentence="厦门市今年一至十月进出口总额六十四点一亿美元，|预计全年外贸进出口总额七十七亿美元，" position="81...103--153...170" ConnectiveType="隐式关系" Connective="" Major_relationType="因果性" RelationType="因果性+;目的性-;条件性-;虚拟性+;反转性-;顺序性-;解说性-;例证性-;评价性-;并列性-;递进性-;选择性-" ConnectivePosition="" ConnectiveAttribute="不可添加" RoleLocation="normal" LanguageSense="true"/>
    <relative ID="9" Relation_Pair="3--9" Center="1" times="9" Sentence="厦门市今年一至十月进出口总额六十四点一亿美元，|今年前十个月厦门市国有企业出口十六点三七亿美元，" position="81...103--179...202" ConnectiveType="隐式关系" Connective="" Major_relationType="解说性" RelationType="因果性-;目的性-;条件性-;虚拟性-;反转性-;顺序性-;解说性+;例证性-;评价性-;并列性-;递进性-;选择性-" ConnectivePosition="" ConnectiveAttribute="不可添加" RoleLocation="normal" LanguageSense="true"/>
  </pragraph>
  <pragraph ID="7" content="1、海南特区经济今年预计全年经济增长速度达到百分之六点七，2、比去年提高一点九个百分点。3、今年预计全省乡及乡以上工业累计完成销售产值二百三十亿元，4、比去年增长百分之十六。5、农业进一步获得发展，6、粮食、水果、瓜菜、干胶产量均达到或超过历史最好水平。7、全年来琼旅游的游客达到七百九十万人次，8、旅游收入五十五亿元，9、比去年增长百分之十点二九。">
    <relative ID="1" Relation_Pair="1--2" Center="1" times="9" Sentence="海南特区经济今年预计全年经济增长速度达到百分之六点七，|比去年提高一点九个百分点。" position="0...26--27...39" ConnectiveType="隐式关系" Connective="" Major_relationType="评价性" RelationType="因果性-;目的性-;条件性-;虚拟性-;反转性-;顺序性-;解说性-;例证性-;评价性+;并列性+;递进性-;选择性-" ConnectivePosition="" ConnectiveAttribute="不可添加" RoleLocation="normal" LanguageSense="true"/>
    <relative ID="2" Relation_Pair="3--4" Center="1" times="8" Sentence="今年预计全省乡及乡以上工业累计完成销售产值二百三十亿元，|比去年增长百分之十六。" position="40...67--68...78" ConnectiveType="隐式关系" Connective="" Major_relationType="评价性" RelationType="因果性-;目的性-;条件性-;虚拟性-;反转性-;顺序性-;解说性-;例证性-;评价性+;并列性+;递进性-;选择性-" ConnectivePosition="" ConnectiveAttribute="不可添加" RoleLocation="normal" LanguageSense="true"/>
    <relative ID="3" Relation_Pair="5--6" Center="1" times="16" Sentence="农业进一步获得发展，|粮食、水果、瓜菜、干胶产量均达到或超过历史最好水平。" position="79...88--89...114" ConnectiveType="隐式关系" Connective="" Major_relationType="评价性" RelationType="因果性-;目的性-;条件性-;虚拟性-;反转性-;顺序性-;解说性-;例证性-;评价性+;并列性-;递进性-;选择性-" ConnectivePosition="" ConnectiveAttribute="不可添加" RoleLocation="normal" LanguageSense="true"/>
    <relative ID="4" Relation_Pair="7--8" Center="1" times="23" Sentence="全年来琼旅游的游客达到七百九十万人次，|旅游收入五十五亿元，" position="115...133--134...143" ConnectiveType="隐式关系" Connective="" Major_relationType="因果性" RelationType="因果性+;目的性-;条件性-;虚拟性-;反转性-;顺序性+;解说性-;例证性-;评价性-;并列性-;递进性-;选择性-" ConnectivePosition="" ConnectiveAttribute="不可添加" RoleLocation="normal" LanguageSense="true"/>
    <relative ID="5" Relation_Pair="8--9" Center="1" times="9" Sentence="旅游收入五十五亿元，|比去年增长百分之十点二九。" position="134...143--144...156" ConnectiveType="隐式关系" Connective="" Major_relationType="评价性" RelationType="因果性-;目的性-;条件性-;虚拟性-;反转性-;顺序性-;解说性-;例证性-;评价性+;并列性+;递进性-;选择性-" ConnectivePosition="" ConnectiveAttribute="不可添加" RoleLocation="normal" LanguageSense="true"/>
    <relative ID="6" Relation_Pair="1--3" Center="3" times="72" Sentence="海南特区经济今年预计全年经济增长速度达到百分之六点七，|今年预计全省乡及乡以上工业累计完成销售产值二百三十亿元，" position="0...26--40...67" ConnectiveType="隐式关系" Connective="" Major_relationType="并列性" RelationType="因果性-;目的性-;条件性-;虚拟性+;反转性-;顺序性-;解说性-;例证性-;评价性-;并列性+;递进性-;选择性-" ConnectivePosition="" ConnectiveAttribute="不可添加" RoleLocation="normal" LanguageSense="true"/>
    <relative ID="7" Relation_Pair="3--5" Center="3" times="40" Sentence="今年预计全省乡及乡以上工业累计完成销售产值二百三十亿元，|农业进一步获得发展，" position="40...67--79...88" ConnectiveType="隐式关系" Connective="" Major_relationType="并列性" RelationType="因果性-;目的性-;条件性-;虚拟性-;反转性-;顺序性-;解说性-;例证性-;评价性-;并列性+;递进性-;选择性-" ConnectivePosition="" ConnectiveAttribute="不可添加" RoleLocation="normal" LanguageSense="true"/>
    <relative ID="8" Relation_Pair="5--7" Center="3" times="12" Sentence="农业进一步获得发展，|全年来琼旅游的游客达到七百九十万人次，" position="79...88--115...133" ConnectiveType="隐式关系" Connective="" Major_relationType="并列性" RelationType="因果性-;目的性-;条件性-;虚拟性-;反转性-;顺序性-;解说性-;例证性-;评价性-;并列性+;递进性-;选择性-" ConnectivePosition="" ConnectiveAttribute="不可添加" RoleLocation="normal" LanguageSense="true"/>
  </pragraph>
</doc>
