<?xml version="1.0" encoding="UTF-8"?>

<doc>
  <pragraph ID="2" content="1、中国进出口银行与中国银行今天签署了《出口卖方信贷委托代理协议》，2、两行间互利互补的合作关系由此进入了一个新的阶段。">
    <relative ID="1" Relation_Pair="1--2" Center="2" times="17" Sentence="中国进出口银行与中国银行今天签署了《出口卖方信贷委托代理协议》，|两行间互利互补的合作关系由此进入了一个新的阶段。" position="0...31--32...55" ConnectiveType="隐式关系" Connective="" Major_relationType="因果性" RelationType="因果性+;目的性-;条件性-;虚拟性-;反转性-;顺序性-;解说性-;例证性-;评价性+;并列性-;递进性-;选择性-" ConnectivePosition="" ConnectiveAttribute="不可添加" RoleLocation="normal" LanguageSense="true"/>
  </pragraph>
  <pragraph ID="3" content="1、中国进出口银行是一九九四年成立的一家政策性银行，2、其主要任务是为中国机电产品和成套设备等资本性货物出口提供政策性金融支持。3、中国银行是中国四大国有商业银行之一，4、也是中国的主要外汇银行，5、它在海内外拥有较为发达的分支机构网络。">
    <relative ID="1" Relation_Pair="1--2" Center="1" times="28" Sentence="中国进出口银行是一九九四年成立的一家政策性银行，|其主要任务是为中国机电产品和成套设备等资本性货物出口提供政策性金融支持。" position="0...23--24...59" ConnectiveType="隐式关系" Connective="" Major_relationType="解说性" RelationType="因果性-;目的性-;条件性-;虚拟性-;反转性-;顺序性-;解说性+;例证性-;评价性-;并列性-;递进性-;选择性-" ConnectivePosition="" ConnectiveAttribute="不可添加" RoleLocation="normal" LanguageSense="true"/>
    <relative ID="2" Relation_Pair="3--4" Center="3" times="20" Sentence="中国银行是中国四大国有商业银行之一，|也是中国的主要外汇银行，" position="60...77--78...89" ConnectiveType="显式关系" Connective="也是" Major_relationType="并列性" RelationType="因果性-;目的性-;条件性-;虚拟性-;反转性-;顺序性-;解说性-;例证性-;评价性-;并列性+;递进性-;选择性-" ConnectivePosition="81…83" ConnectiveAttribute="不可删除" RoleLocation="normal" LanguageSense="true"/>
    <relative ID="3" Relation_Pair="3--5" Center="1" times="19" Sentence="中国银行是中国四大国有商业银行之一，|它在海内外拥有较为发达的分支机构网络。" position="60...77--90...108" ConnectiveType="隐式关系" Connective="" Major_relationType="解说性" RelationType="因果性-;目的性-;条件性-;虚拟性-;反转性-;顺序性-;解说性+;例证性-;评价性-;并列性-;递进性-;选择性-" ConnectivePosition="" ConnectiveAttribute="不可添加" RoleLocation="normal" LanguageSense="true"/>
    <relative ID="4" Relation_Pair="1--3" Center="3" times="13" Sentence="中国进出口银行是一九九四年成立的一家政策性银行，|中国银行是中国四大国有商业银行之一，" position="0...23--60...77" ConnectiveType="隐式关系" Connective="" Major_relationType="并列性" RelationType="因果性-;目的性-;条件性-;虚拟性-;反转性-;顺序性-;解说性-;例证性-;评价性-;并列性+;递进性-;选择性-" ConnectivePosition="" ConnectiveAttribute="不可添加" RoleLocation="normal" LanguageSense="true"/>
  </pragraph>
  <pragraph ID="4" content="1、由于机电产品出口企业分布在全国各地，2、而进出口银行在各地的分支机构数量有限，3、加之缺少结算等手段，4、这在一定程度上影响和制约了银行为企业提供优质高效服务能力的发挥，5、也给政策性银行加强信贷资产管理构成了困难。6、借助商业银行遍布全国的营业性分支机构网络和优势，7、将政策性金融业务委托给商业银行代理，是缓解上述问题的一条有效途径。">
    <relative ID="1" Relation_Pair="1--4" Center="2" times="77" Sentence="由于机电产品出口企业分布在全国各地，|这在一定程度上影响和制约了银行为企业提供优质高效服务能力的发挥，" position="0...17--47...78" ConnectiveType="隐式关系" Connective="" Major_relationType="因果性" RelationType="因果性+;目的性-;条件性-;虚拟性-;反转性-;顺序性-;解说性-;例证性-;评价性-;并列性-;递进性-;选择性-" ConnectivePosition="" ConnectiveAttribute="不可添加" RoleLocation="normal" LanguageSense="true"/>
    <relative ID="2" Relation_Pair="2--4" Center="2" times="7" Sentence="而进出口银行在各地的分支机构数量有限，|这在一定程度上影响和制约了银行为企业提供优质高效服务能力的发挥，" position="18...36--47...78" ConnectiveType="隐式关系" Connective="" Major_relationType="因果性" RelationType="因果性+;目的性-;条件性-;虚拟性-;反转性-;顺序性-;解说性-;例证性-;评价性-;并列性-;递进性-;选择性-" ConnectivePosition="" ConnectiveAttribute="不可添加" RoleLocation="normal" LanguageSense="true"/>
    <relative ID="3" Relation_Pair="3--4" Center="2" times="7" Sentence="加之缺少结算等手段，|这在一定程度上影响和制约了银行为企业提供优质高效服务能力的发挥，" position="37...46--47...78" ConnectiveType="隐式关系" Connective="" Major_relationType="因果性" RelationType="因果性+;目的性-;条件性-;虚拟性-;反转性-;顺序性-;解说性-;例证性-;评价性-;并列性-;递进性-;选择性-" ConnectivePosition="" ConnectiveAttribute="不可添加" RoleLocation="normal" LanguageSense="true"/>
    <relative ID="4" Relation_Pair="4--5" Center="3" times="16" Sentence="这在一定程度上影响和制约了银行为企业提供优质高效服务能力的发挥，|也给政策性银行加强信贷资产管理构成了困难。" position="47...78--79...99" ConnectiveType="显式关系" Connective="也" Major_relationType="并列性" RelationType="因果性-;目的性-;条件性-;虚拟性-;反转性-;顺序性-;解说性-;例证性-;评价性-;并列性+;递进性-;选择性-" ConnectivePosition="83…84" ConnectiveAttribute="不可删除" RoleLocation="normal" LanguageSense="true"/>
    <relative ID="5" Relation_Pair="6--7" Center="2" times="43" Sentence="借助商业银行遍布全国的营业性分支机构网络和优势，|将政策性金融业务委托给商业银行代理，是缓解上述问题的一条有效途径。" position="100...123--124...156" ConnectiveType="隐式关系" Connective="" Major_relationType="条件性" RelationType="因果性-;目的性-;条件性+;虚拟性-;反转性-;顺序性-;解说性-;例证性-;评价性-;并列性-;递进性-;选择性-" ConnectivePosition="" ConnectiveAttribute="不可添加" RoleLocation="normal" LanguageSense="true"/>
    <relative ID="6" Relation_Pair="5--7" Center="2" times="19" Sentence="也给政策性银行加强信贷资产管理构成了困难。|将政策性金融业务委托给商业银行代理，是缓解上述问题的一条有效途径。" position="79...99--124...156" ConnectiveType="隐式关系" Connective="" Major_relationType="因果性" RelationType="因果性+;目的性-;条件性-;虚拟性-;反转性-;顺序性-;解说性-;例证性-;评价性-;并列性-;递进性-;选择性-" ConnectivePosition="" ConnectiveAttribute="不可添加" RoleLocation="normal" LanguageSense="true"/>
  </pragraph>
  <pragraph ID="5" content="1、有鉴于此，中国进出口银行在成立之初即开始了与国有商业银行的合作，2、并最先与中国银行签署了《委托代理协议》，3、三年来两行间的委托代理业务开展顺利，4、在中国进出口银行累计为出口企业提供的三百二十六亿元人民币出口卖方信贷中，近百分之七十的贷款是通过中国银行总行及其分支机构拨付到企业的。5、仅今年前十一个月，中国进出口银行就与中国银行系统的十七家分行签订了二十四份项目委托代理协议，6、协议总金额达十四亿元人民币。">
    <relative ID="1" Relation_Pair="1--2" Center="3" times="12" Sentence="有鉴于此，中国进出口银行在成立之初即开始了与国有商业银行的合作，|并最先与中国银行签署了《委托代理协议》，" position="0...31--32...51" ConnectiveType="显式关系" Connective="并" Major_relationType="并列性" RelationType="因果性-;目的性-;条件性-;虚拟性-;反转性-;顺序性-;解说性-;例证性-;评价性-;并列性+;递进性-;选择性-" ConnectivePosition="33…34" ConnectiveAttribute="不可删除" RoleLocation="normal" LanguageSense="true"/>
    <relative ID="2" Relation_Pair="2--3" Center="2" times="15" Sentence="并最先与中国银行签署了《委托代理协议》，|三年来两行间的委托代理业务开展顺利，" position="32...51--52...69" ConnectiveType="隐式关系" Connective="" Major_relationType="因果性" RelationType="因果性+;目的性-;条件性-;虚拟性-;反转性-;顺序性+;解说性-;例证性-;评价性-;并列性-;递进性-;选择性-" ConnectivePosition="" ConnectiveAttribute="不可添加" RoleLocation="normal" LanguageSense="true"/>
    <relative ID="3" Relation_Pair="3--4" Center="1" times="10" Sentence="三年来两行间的委托代理业务开展顺利，|在中国进出口银行累计为出口企业提供的三百二十六亿元人民币出口卖方信贷中，近百分之七十的贷款是通过中国银行总行及其分支机构拨付到企业的。" position="52...69--70...136" ConnectiveType="隐式关系" Connective="" Major_relationType="解说性" RelationType="因果性-;目的性-;条件性-;虚拟性-;反转性-;顺序性-;解说性+;例证性-;评价性-;并列性-;递进性-;选择性-" ConnectivePosition="" ConnectiveAttribute="不可添加" RoleLocation="normal" LanguageSense="true"/>
    <relative ID="4" Relation_Pair="3--5" Center="1" times="9" Sentence="三年来两行间的委托代理业务开展顺利，|仅今年前十一个月，中国进出口银行就与中国银行系统的十七家分行签订了二十四份项目委托代理协议，" position="52...69--137...182" ConnectiveType="隐式关系" Connective="" Major_relationType="解说性" RelationType="因果性-;目的性-;条件性-;虚拟性-;反转性-;顺序性-;解说性+;例证性-;评价性-;并列性-;递进性-;选择性-" ConnectivePosition="" ConnectiveAttribute="不可添加" RoleLocation="normal" LanguageSense="true"/>
    <relative ID="5" Relation_Pair="5--6" Center="1" times="8" Sentence="仅今年前十一个月，中国进出口银行就与中国银行系统的十七家分行签订了二十四份项目委托代理协议，|协议总金额达十四亿元人民币。" position="137...182--183...196" ConnectiveType="隐式关系" Connective="" Major_relationType="因果性" RelationType="因果性+;目的性-;条件性-;虚拟性-;反转性-;顺序性-;解说性-;例证性-;评价性-;并列性-;递进性-;选择性-" ConnectivePosition="" ConnectiveAttribute="不可添加" RoleLocation="normal" LanguageSense="true"/>
  </pragraph>
  <pragraph ID="6" content="1、两个银行的负责人在今天的签字仪式上一致表示，这次委托代理协议的改进和续签，2、将进一步促进政策性银行与商业银行的联系与合作，3、有利于充分发挥两行各自的优势，4、共同推动中国的外贸事业，5、特别是机电产品的出口。">
    <relative ID="1" Relation_Pair="1--2" Center="2" times="14" Sentence="两个银行的负责人在今天的签字仪式上一致表示，这次委托代理协议的改进和续签，|将进一步促进政策性银行与商业银行的联系与合作，" position="0...36--37...59" ConnectiveType="隐式关系" Connective="" Major_relationType="因果性" RelationType="因果性+;目的性-;条件性-;虚拟性+;反转性-;顺序性-;解说性-;例证性-;评价性-;并列性-;递进性-;选择性-" ConnectivePosition="" ConnectiveAttribute="不可添加" RoleLocation="normal" LanguageSense="true"/>
    <relative ID="2" Relation_Pair="1--3" Center="2" times="30" Sentence="两个银行的负责人在今天的签字仪式上一致表示，这次委托代理协议的改进和续签，|有利于充分发挥两行各自的优势，" position="0...36--60...74" ConnectiveType="隐式关系" Connective="" Major_relationType="因果性" RelationType="因果性+;目的性-;条件性-;虚拟性+;反转性-;顺序性-;解说性-;例证性-;评价性-;并列性-;递进性-;选择性-" ConnectivePosition="" ConnectiveAttribute="不可添加" RoleLocation="normal" LanguageSense="true"/>
    <relative ID="3" Relation_Pair="1--4" Center="2" times="7" Sentence="两个银行的负责人在今天的签字仪式上一致表示，这次委托代理协议的改进和续签，|共同推动中国的外贸事业，" position="0...36--75...86" ConnectiveType="隐式关系" Connective="" Major_relationType="因果性" RelationType="因果性+;目的性-;条件性-;虚拟性+;反转性-;顺序性-;解说性-;例证性-;评价性-;并列性-;递进性-;选择性-" ConnectivePosition="" ConnectiveAttribute="不可添加" RoleLocation="normal" LanguageSense="true"/>
    <relative ID="4" Relation_Pair="4--5" Center="1" times="12" Sentence="共同推动中国的外贸事业，|特别是机电产品的出口。" position="75...86--87...97" ConnectiveType="隐式关系" Connective="" Major_relationType="例证性" RelationType="因果性-;目的性-;条件性-;虚拟性-;反转性-;顺序性-;解说性-;例证性+;评价性-;并列性-;递进性-;选择性-" ConnectivePosition="" ConnectiveAttribute="不可添加" RoleLocation="normal" LanguageSense="true"/>
  </pragraph>
</doc>
