<?xml version="1.0" encoding="UTF-8"?>

<doc>
  <pragraph ID="2" content="1、长江三峡工程二期工程最大标段泄洪大坝及相关工程保险合同，今天由中国长江三峡工程开发总公司与中保财产保险公司在三峡工程工地签定，2、保险金额达四十点二亿元，3、是中国保险史上最大的一份水利水电建筑安装工程保险合同。">
    <relative ID="1" Relation_Pair="1--2" Center="1" times="79" Sentence="长江三峡工程二期工程最大标段泄洪大坝及相关工程保险合同，今天由中国长江三峡工程开发总公司与中保财产保险公司在三峡工程工地签定，|保险金额达四十点二亿元，" position="0...62--63...74" ConnectiveType="隐式关系" Connective="" Major_relationType="解说性" RelationType="因果性-;目的性-;条件性-;虚拟性-;反转性-;顺序性-;解说性+;例证性-;评价性-;并列性-;递进性-;选择性-" ConnectivePosition="" ConnectiveAttribute="不可添加" RoleLocation="normal" LanguageSense="true"/>
    <relative ID="2" Relation_Pair="1--3" Center="1" times="11" Sentence="长江三峡工程二期工程最大标段泄洪大坝及相关工程保险合同，今天由中国长江三峡工程开发总公司与中保财产保险公司在三峡工程工地签定，|是中国保险史上最大的一份水利水电建筑安装工程保险合同。" position="0...62--75...101" ConnectiveType="隐式关系" Connective="" Major_relationType="评价性" RelationType="因果性-;目的性-;条件性-;虚拟性-;反转性-;顺序性-;解说性-;例证性-;评价性+;并列性-;递进性-;选择性-" ConnectivePosition="" ConnectiveAttribute="不可添加" RoleLocation="normal" LanguageSense="true"/>
  </pragraph>
  <pragraph ID="3" content="1、作为三峡工程主承保商，中保财产保险公司把自身发展与三峡风险管理需要结合起来，2、组建了服务三峡工程的专业机构，3、采取多种形式为三峡工程服务。">
    <relative ID="1" Relation_Pair="1--2" Center="2" times="30" Sentence="作为三峡工程主承保商，中保财产保险公司把自身发展与三峡风险管理需要结合起来，|组建了服务三峡工程的专业机构，" position="0...37--38...52" ConnectiveType="隐式关系" Connective="" Major_relationType="因果性" RelationType="因果性+;目的性-;条件性-;虚拟性-;反转性-;顺序性+;解说性-;例证性-;评价性-;并列性-;递进性-;选择性-" ConnectivePosition="" ConnectiveAttribute="不可添加" RoleLocation="normal" LanguageSense="true"/>
    <relative ID="2" Relation_Pair="2--3" Center="1" times="26" Sentence="组建了服务三峡工程的专业机构，|采取多种形式为三峡工程服务。" position="38...52--53...66" ConnectiveType="隐式关系" Connective="" Major_relationType="解说性" RelationType="因果性-;目的性-;条件性-;虚拟性-;反转性-;顺序性-;解说性+;例证性-;评价性-;并列性-;递进性-;选择性-" ConnectivePosition="" ConnectiveAttribute="不可添加" RoleLocation="normal" LanguageSense="true"/>
  </pragraph>
  <pragraph ID="4" content="1、截止到目前，中保财产保险公司已为三峡工程一百三十四个工程项目、近百亿元工程投资提供保险服务，2、承保了西陵长江大桥、永久性船闸、一期土石围堰及导流明渠、对外专用公路、二期围堰、二期工程泄洪大坝和挡水大坝等大型项目，3、对发生的灾害事故及时进行补偿。">
    <relative ID="1" Relation_Pair="1--2" Center="1" times="13" Sentence="截止到目前，中保财产保险公司已为三峡工程一百三十四个工程项目、近百亿元工程投资提供保险服务，|承保了西陵长江大桥、永久性船闸、一期土石围堰及导流明渠、对外专用公路、二期围堰、二期工程泄洪大坝和挡水大坝等大型项目，" position="0...45--46...104" ConnectiveType="隐式关系" Connective="" Major_relationType="解说性" RelationType="因果性-;目的性-;条件性-;虚拟性-;反转性-;顺序性-;解说性+;例证性-;评价性-;并列性-;递进性-;选择性-" ConnectivePosition="" ConnectiveAttribute="不可添加" RoleLocation="normal" LanguageSense="true"/>
    <relative ID="2" Relation_Pair="1--3" Center="2" times="25" Sentence="截止到目前，中保财产保险公司已为三峡工程一百三十四个工程项目、近百亿元工程投资提供保险服务，|对发生的灾害事故及时进行补偿。" position="0...45--105...119" ConnectiveType="隐式关系" Connective="" Major_relationType="因果性" RelationType="因果性+;目的性-;条件性-;虚拟性-;反转性-;顺序性-;解说性-;例证性-;评价性-;并列性-;递进性-;选择性-" ConnectivePosition="" ConnectiveAttribute="不可添加" RoleLocation="normal" LanguageSense="true"/>
  </pragraph>
  <pragraph ID="5" content="1、据介绍，三峡工程二期工程主要包括泄洪大坝、厂房大坝及厂房等标段。2、三峡开发总公司在积极作好风险防范的同时，3、也十分注重向保险公司分散风险。4、根据今天签定的泄洪大坝及相关工程保险协议，若工程发生保险责任范围内的自然灾害或意外事故造成的经济损失，5、中保财产保险公司将按规定进行赔偿。">
    <relative ID="1" Relation_Pair="2--3" Center="3" times="29" Sentence="三峡开发总公司在积极作好风险防范的同时，|也十分注重向保险公司分散风险。" position="32...51--52...66" ConnectiveType="显式关系" Connective="也" Major_relationType="并列性" RelationType="因果性-;目的性-;条件性-;虚拟性-;反转性-;顺序性-;解说性-;例证性-;评价性-;并列性+;递进性-;选择性-" ConnectivePosition="54…55" ConnectiveAttribute="不可删除" RoleLocation="normal" LanguageSense="true"/>
    <relative ID="2" Relation_Pair="1--2" Center="2" times="10" Sentence="据介绍，三峡工程二期工程主要包括泄洪大坝、厂房大坝及厂房等标段。|三峡开发总公司在积极作好风险防范的同时，" position="0...31--32...51" ConnectiveType="隐式关系" Connective="" Major_relationType="因果性" RelationType="因果性+;目的性-;条件性-;虚拟性-;反转性-;顺序性-;解说性-;例证性-;评价性-;并列性-;递进性-;选择性-" ConnectivePosition="" ConnectiveAttribute="不可添加" RoleLocation="normal" LanguageSense="true"/>
    <relative ID="3" Relation_Pair="3--4" Center="1" times="52" Sentence="也十分注重向保险公司分散风险。|根据今天签定的泄洪大坝及相关工程保险协议，若工程发生保险责任范围内的自然灾害或意外事故造成的经济损失，" position="52...66--67...117" ConnectiveType="隐式关系" Connective="" Major_relationType="解说性" RelationType="因果性-;目的性-;条件性-;虚拟性-;反转性-;顺序性-;解说性+;例证性-;评价性-;并列性-;递进性-;选择性-" ConnectivePosition="" ConnectiveAttribute="不可添加" RoleLocation="normal" LanguageSense="true"/>
    <relative ID="4" Relation_Pair="4--5" Center="1" times="13" Sentence="根据今天签定的泄洪大坝及相关工程保险协议，若工程发生保险责任范围内的自然灾害或意外事故造成的经济损失，|中保财产保险公司将按规定进行赔偿。" position="67...117--118...134" ConnectiveType="隐式关系" Connective="" Major_relationType="因果性" RelationType="因果性+;目的性-;条件性-;虚拟性+;反转性-;顺序性-;解说性-;例证性-;评价性-;并列性-;递进性-;选择性-" ConnectivePosition="" ConnectiveAttribute="不可添加" RoleLocation="normal" LanguageSense="true"/>
  </pragraph>
</doc>
