<?xml version="1.0" encoding="UTF-8"?>

<doc>
  <pragraph ID="2" content="1、今年以来，企业欠缴国家工商税款持续增加，2、直接危及到国家财政的平衡。3、对此，国家税务总局副局长卢仁法在接受记者采访时强调，依法纳税是每个纳税人应尽的义务，4、对那些没有任何正当理由长期欠缴国家税款的企业，税务部门将依照《征管法》的有关规定，5、对其采取税收保全措施。6、同时将阻止欠缴税款的纳税人出境。">
    <relative ID="1" Relation_Pair="1--2" Center="2" times="145" Sentence="今年以来，企业欠缴国家工商税款持续增加，|直接危及到国家财政的平衡。" position="0...19--20...32" ConnectiveType="隐式关系" Connective="" Major_relationType="因果性" RelationType="因果性+;目的性-;条件性-;虚拟性-;反转性-;顺序性-;解说性-;例证性-;评价性-;并列性-;递进性-;选择性-" ConnectivePosition="" ConnectiveAttribute="不可添加" RoleLocation="normal" LanguageSense="true"/>
    <relative ID="2" Relation_Pair="3--4" Center="2" times="100" Sentence="对此，国家税务总局副局长卢仁法在接受记者采访时强调，依法纳税是每个纳税人应尽的义务，|对那些没有任何正当理由长期欠缴国家税款的企业，税务部门将依照《征管法》的有关规定，" position="33...74--75...115" ConnectiveType="隐式关系" Connective="" Major_relationType="因果性" RelationType="因果性+;目的性-;条件性-;虚拟性-;反转性-;顺序性-;解说性-;例证性-;评价性-;并列性-;递进性-;选择性-" ConnectivePosition="" ConnectiveAttribute="不可添加" RoleLocation="normal" LanguageSense="true"/>
    <relative ID="3" Relation_Pair="4--5" Center="1" times="10" Sentence="对那些没有任何正当理由长期欠缴国家税款的企业，税务部门将依照《征管法》的有关规定，|对其采取税收保全措施。" position="75...115--116...126" ConnectiveType="隐式关系" Connective="" Major_relationType="解说性" RelationType="因果性-;目的性-;条件性-;虚拟性-;反转性-;顺序性-;解说性+;例证性-;评价性-;并列性-;递进性-;选择性-" ConnectivePosition="" ConnectiveAttribute="不可添加" RoleLocation="normal" LanguageSense="true"/>
    <relative ID="4" Relation_Pair="4--6" Center="1" times="7" Sentence="对那些没有任何正当理由长期欠缴国家税款的企业，税务部门将依照《征管法》的有关规定，|同时将阻止欠缴税款的纳税人出境。" position="75...115--127...142" ConnectiveType="隐式关系" Connective="" Major_relationType="解说性" RelationType="因果性-;目的性-;条件性-;虚拟性-;反转性-;顺序性-;解说性+;例证性-;评价性-;并列性-;递进性-;选择性-" ConnectivePosition="" ConnectiveAttribute="不可添加" RoleLocation="normal" LanguageSense="true"/>
    <relative ID="5" Relation_Pair="2--4" Center="2" times="21" Sentence="直接危及到国家财政的平衡。|对那些没有任何正当理由长期欠缴国家税款的企业，税务部门将依照《征管法》的有关规定，" position="20...32--75...115" ConnectiveType="隐式关系" Connective="" Major_relationType="因果性" RelationType="因果性+;目的性-;条件性-;虚拟性+;反转性-;顺序性+;解说性-;例证性-;评价性-;并列性-;递进性-;选择性-" ConnectivePosition="" ConnectiveAttribute="不可添加" RoleLocation="normal" LanguageSense="true"/>
  </pragraph>
  <pragraph ID="3" content="1、据卢仁法介绍，经过全国税务系统八十万干部的努力，今年全国工商税收收入任务已提前十一天超额完成，2、总体情况比较好。3、但企业欠缴税款的情况比较严重，4、尤其是企业欠缴增值税和消费税这“两税”的问题突出，5、严重影响了今年“两税”任务的完成。6、到十一月底，全国企业欠缴的工商税款累计达到了四百一十九亿元，7、其中欠缴国内增值税和消费税就达三百零七亿元。">
    <relative ID="1" Relation_Pair="1--2" Center="1" times="18" Sentence="据卢仁法介绍，经过全国税务系统八十万干部的努力，今年全国工商税收收入任务已提前十一天超额完成，|总体情况比较好。" position="0...46--47...54" ConnectiveType="隐式关系" Connective="" Major_relationType="评价性" RelationType="因果性-;目的性-;条件性-;虚拟性-;反转性-;顺序性-;解说性-;例证性-;评价性+;并列性-;递进性-;选择性-" ConnectivePosition="" ConnectiveAttribute="不可添加" RoleLocation="normal" LanguageSense="true"/>
    <relative ID="2" Relation_Pair="3--4" Center="1" times="108" Sentence="但企业欠缴税款的情况比较严重，|尤其是企业欠缴增值税和消费税这“两税”的问题突出，" position="55...69--70...94" ConnectiveType="隐式关系" Connective="" Major_relationType="解说性" RelationType="因果性-;目的性-;条件性-;虚拟性-;反转性-;顺序性-;解说性+;例证性-;评价性-;并列性-;递进性-;选择性-" ConnectivePosition="" ConnectiveAttribute="不可添加" RoleLocation="normal" LanguageSense="true"/>
    <relative ID="3" Relation_Pair="4--5" Center="1" times="12" Sentence="尤其是企业欠缴增值税和消费税这“两税”的问题突出，|严重影响了今年“两税”任务的完成。" position="70...94--95...111" ConnectiveType="隐式关系" Connective="" Major_relationType="因果性" RelationType="因果性+;目的性-;条件性-;虚拟性-;反转性-;顺序性+;解说性-;例证性-;评价性-;并列性-;递进性-;选择性-" ConnectivePosition="" ConnectiveAttribute="不可添加" RoleLocation="normal" LanguageSense="true"/>
    <relative ID="4" Relation_Pair="6--7" Center="1" times="18" Sentence="到十一月底，全国企业欠缴的工商税款累计达到了四百一十九亿元，|其中欠缴国内增值税和消费税就达三百零七亿元。" position="112...141--142...163" ConnectiveType="显式关系" Connective="其中" Major_relationType="解说性" RelationType="因果性-;目的性-;条件性-;虚拟性-;反转性-;顺序性-;解说性+;例证性-;评价性-;并列性-;递进性-;选择性-" ConnectivePosition="148…150" ConnectiveAttribute="不可删除" RoleLocation="normal" LanguageSense="true"/>
    <relative ID="5" Relation_Pair="1--3" Center="2" times="25" Sentence="据卢仁法介绍，经过全国税务系统八十万干部的努力，今年全国工商税收收入任务已提前十一天超额完成，|但企业欠缴税款的情况比较严重，" position="0...46--55...69" ConnectiveType="显式关系" Connective="但" Major_relationType="反转性" RelationType="因果性-;目的性-;条件性-;虚拟性-;反转性+;顺序性-;解说性-;例证性-;评价性-;并列性-;递进性-;选择性-" ConnectivePosition="57…58" ConnectiveAttribute="不可删除" RoleLocation="normal" LanguageSense="true"/>
    <relative ID="6" Relation_Pair="3--6" Center="1" times="29" Sentence="但企业欠缴税款的情况比较严重，|到十一月底，全国企业欠缴的工商税款累计达到了四百一十九亿元，" position="55...69--112...141" ConnectiveType="隐式关系" Connective="" Major_relationType="解说性" RelationType="因果性-;目的性-;条件性-;虚拟性-;反转性-;顺序性-;解说性+;例证性-;评价性-;并列性-;递进性-;选择性-" ConnectivePosition="" ConnectiveAttribute="不可添加" RoleLocation="normal" LanguageSense="true"/>
  </pragraph>
  <pragraph ID="4" content="1、卢仁法要求各级税务部门必须严格执行《中华人民共和国税收征收管理法》的有关规定，2、对企业欠税一律加征滞纳金。3、对有特殊困难需要缓缴税款的企业，要依法从严审批，4、并在缓缴期满后即将税款补缴入库，5、绝不允许以困难为由长期拖欠国家税款。6、要将清理欠税与税收返还、出口退税、期初存货已征税款的抵扣等工作紧密结合起来。">
    <relative ID="1" Relation_Pair="1--2" Center="1" times="43" Sentence="卢仁法要求各级税务部门必须严格执行《中华人民共和国税收征收管理法》的有关规定，|对企业欠税一律加征滞纳金。" position="0...38--39...51" ConnectiveType="隐式关系" Connective="" Major_relationType="解说性" RelationType="因果性-;目的性-;条件性-;虚拟性-;反转性-;顺序性-;解说性+;例证性-;评价性-;并列性-;递进性-;选择性-" ConnectivePosition="" ConnectiveAttribute="不可添加" RoleLocation="normal" LanguageSense="true"/>
    <relative ID="2" Relation_Pair="3--4" Center="3" times="53" Sentence="对有特殊困难需要缓缴税款的企业，要依法从严审批，|并在缓缴期满后即将税款补缴入库，" position="52...75--76...91" ConnectiveType="隐式关系" Connective="" Major_relationType="并列性" RelationType="因果性-;目的性-;条件性-;虚拟性-;反转性-;顺序性-;解说性-;例证性-;评价性-;并列性+;递进性-;选择性-" ConnectivePosition="" ConnectiveAttribute="不可添加" RoleLocation="normal" LanguageSense="true"/>
    <relative ID="3" Relation_Pair="4--5" Center="3" times="48" Sentence="并在缓缴期满后即将税款补缴入库，|绝不允许以困难为由长期拖欠国家税款。" position="76...91--92...109" ConnectiveType="隐式关系" Connective="" Major_relationType="并列性" RelationType="因果性-;目的性-;条件性-;虚拟性-;反转性-;顺序性-;解说性-;例证性-;评价性-;并列性+;递进性-;选择性-" ConnectivePosition="" ConnectiveAttribute="不可添加" RoleLocation="normal" LanguageSense="true"/>
    <relative ID="4" Relation_Pair="1--6" Center="1" times="27" Sentence="卢仁法要求各级税务部门必须严格执行《中华人民共和国税收征收管理法》的有关规定，|要将清理欠税与税收返还、出口退税、期初存货已征税款的抵扣等工作紧密结合起来。" position="0...38--110...147" ConnectiveType="隐式关系" Connective="" Major_relationType="解说性" RelationType="因果性-;目的性-;条件性-;虚拟性-;反转性-;顺序性-;解说性+;例证性-;评价性-;并列性-;递进性-;选择性-" ConnectivePosition="" ConnectiveAttribute="不可添加" RoleLocation="normal" LanguageSense="true"/>
    <relative ID="5" Relation_Pair="1--3" Center="1" times="15" Sentence="卢仁法要求各级税务部门必须严格执行《中华人民共和国税收征收管理法》的有关规定，|对有特殊困难需要缓缴税款的企业，要依法从严审批，" position="0...38--52...75" ConnectiveType="隐式关系" Connective="" Major_relationType="解说性" RelationType="因果性-;目的性-;条件性-;虚拟性-;反转性-;顺序性-;解说性+;例证性-;评价性-;并列性-;递进性-;选择性-" ConnectivePosition="" ConnectiveAttribute="不可添加" RoleLocation="normal" LanguageSense="true"/>
  </pragraph>
  <pragraph ID="5" content="1、卢仁法特别强调，为保证税法的严肃性，2、对那些长期欠缴税款的企业，要依照《征管法》的规定，3、阻止企业领导人出境，4、同时要采取税收保全措施，5、即通知企业开户银行或其他金融机构暂停支付其相当于欠税额的存款；6、对那些没有正当理由，长期欠缴国家税款的纳税人，则要对其采取暂时扣押、查封其商品和财产的措施，7、在限期期满后仍没有缴纳税款的，要依法拍卖。">
    <relative ID="1" Relation_Pair="1--2" Center="1" times="132" Sentence="卢仁法特别强调，为保证税法的严肃性，|对那些长期欠缴税款的企业，要依照《征管法》的规定，" position="0...17--18...42" ConnectiveType="显式关系" Connective="为" Major_relationType="目的性" RelationType="因果性-;目的性+;条件性-;虚拟性-;反转性-;顺序性-;解说性-;例证性-;评价性-;并列性-;递进性-;选择性-" ConnectivePosition="8…9" ConnectiveAttribute="不可删除" RoleLocation="normal" LanguageSense="true"/>
    <relative ID="2" Relation_Pair="2--3" Center="1" times="101" Sentence="对那些长期欠缴税款的企业，要依照《征管法》的规定，|阻止企业领导人出境，" position="18...42--43...52" ConnectiveType="隐式关系" Connective="" Major_relationType="因果性" RelationType="因果性+;目的性-;条件性+;虚拟性+;反转性-;顺序性+;解说性-;例证性-;评价性-;并列性-;递进性-;选择性-" ConnectivePosition="" ConnectiveAttribute="不可添加" RoleLocation="normal" LanguageSense="true"/>
    <relative ID="3" Relation_Pair="2--4" Center="1" times="55" Sentence="对那些长期欠缴税款的企业，要依照《征管法》的规定，|同时要采取税收保全措施，" position="18...42--53...64" ConnectiveType="隐式关系" Connective="" Major_relationType="因果性" RelationType="因果性+;目的性-;条件性+;虚拟性+;反转性-;顺序性+;解说性-;例证性-;评价性-;并列性-;递进性-;选择性-" ConnectivePosition="" ConnectiveAttribute="不可添加" RoleLocation="normal" LanguageSense="true"/>
    <relative ID="4" Relation_Pair="4--5" Center="1" times="35" Sentence="同时要采取税收保全措施，|即通知企业开户银行或其他金融机构暂停支付其相当于欠税额的存款；" position="53...64--65...95" ConnectiveType="显式关系" Connective="即" Major_relationType="解说性" RelationType="因果性-;目的性-;条件性-;虚拟性-;反转性-;顺序性-;解说性+;例证性-;评价性-;并列性-;递进性-;选择性-" ConnectivePosition="69…70" ConnectiveAttribute="不可删除" RoleLocation="normal" LanguageSense="true"/>
    <relative ID="5" Relation_Pair="6--7" Center="1" times="382" Sentence="对那些没有正当理由，长期欠缴国家税款的纳税人，则要对其采取暂时扣押、查封其商品和财产的措施，|在限期期满后仍没有缴纳税款的，要依法拍卖。" position="96...141--142...162" ConnectiveType="隐式关系" Connective="" Major_relationType="因果性" RelationType="因果性+;目的性-;条件性-;虚拟性-;反转性-;顺序性-;解说性-;例证性-;评价性-;并列性-;递进性-;选择性-" ConnectivePosition="" ConnectiveAttribute="不可添加" RoleLocation="normal" LanguageSense="true"/>
    <relative ID="6" Relation_Pair="1--6" Center="1" times="10" Sentence="卢仁法特别强调，为保证税法的严肃性，|对那些没有正当理由，长期欠缴国家税款的纳税人，则要对其采取暂时扣押、查封其商品和财产的措施，" position="0...17--96...141" ConnectiveType="隐式关系" Connective="" Major_relationType="解说性" RelationType="因果性-;目的性-;条件性-;虚拟性-;反转性-;顺序性-;解说性+;例证性-;评价性-;并列性-;递进性-;选择性-" ConnectivePosition="" ConnectiveAttribute="不可添加" RoleLocation="normal" LanguageSense="true"/>
  </pragraph>
</doc>
