<?xml version="1.0" encoding="UTF-8"?>

<doc>
  <pragraph ID="2" content="1、据国家科委最近公布的全国科技进步统计监测综合评价结果表明，广东的科技综合实力排在上海、北京之后居全国第三位，2、科技产出指标居全国第一位，3、今年广东省专利申请量继续居全国各省市之首。">
    <relative ID="1" Relation_Pair="1--2" Center="3" times="14" Sentence="据国家科委最近公布的全国科技进步统计监测综合评价结果表明，广东的科技综合实力排在上海、北京之后居全国第三位，|科技产出指标居全国第一位，" position="0...53--54...66" ConnectiveType="隐式关系" Connective="" Major_relationType="并列性" RelationType="因果性-;目的性-;条件性-;虚拟性-;反转性-;顺序性-;解说性-;例证性-;评价性-;并列性+;递进性-;选择性-" ConnectivePosition="" ConnectiveAttribute="不可添加" RoleLocation="normal" LanguageSense="true"/>
    <relative ID="2" Relation_Pair="2--3" Center="3" times="6" Sentence="科技产出指标居全国第一位，|今年广东省专利申请量继续居全国各省市之首。" position="54...66--67...87" ConnectiveType="隐式关系" Connective="" Major_relationType="并列性" RelationType="因果性-;目的性-;条件性-;虚拟性-;反转性-;顺序性-;解说性-;例证性-;评价性-;并列性+;递进性-;选择性-" ConnectivePosition="" ConnectiveAttribute="不可添加" RoleLocation="normal" LanguageSense="true"/>
  </pragraph>
  <pragraph ID="3" content="1、从九十年代初，广东就把依靠科技进步作为推动全省经济发展的重要措施，2、并为此先后制定和颁发了四十多个保障科技发展的地方性科技政策法规和规章等，3、使全省在科技计划和项目管理、科技条件和经费管理、科技成果和奖励管理、科技机构和科技人员管理、技术市场和专利管理等方面，都有了一套比较完整的管理办法。">
    <relative ID="1" Relation_Pair="1--3" Center="2" times="31" Sentence="从九十年代初，广东就把依靠科技进步作为推动全省经济发展的重要措施，|使全省在科技计划和项目管理、科技条件和经费管理、科技成果和奖励管理、科技机构和科技人员管理、技术市场和专利管理等方面，都有了一套比较完整的管理办法。" position="0...32--69...142" ConnectiveType="隐式关系" Connective="" Major_relationType="因果性" RelationType="因果性+;目的性-;条件性-;虚拟性-;反转性-;顺序性+;解说性-;例证性-;评价性-;并列性-;递进性-;选择性-" ConnectivePosition="" ConnectiveAttribute="不可添加" RoleLocation="normal" LanguageSense="true"/>
    <relative ID="2" Relation_Pair="2--3" Center="2" times="8" Sentence="并为此先后制定和颁发了四十多个保障科技发展的地方性科技政策法规和规章等，|使全省在科技计划和项目管理、科技条件和经费管理、科技成果和奖励管理、科技机构和科技人员管理、技术市场和专利管理等方面，都有了一套比较完整的管理办法。" position="33...68--69...142" ConnectiveType="隐式关系" Connective="" Major_relationType="因果性" RelationType="因果性+;目的性-;条件性-;虚拟性-;反转性-;顺序性+;解说性-;例证性-;评价性-;并列性-;递进性-;选择性-" ConnectivePosition="" ConnectiveAttribute="不可添加" RoleLocation="normal" LanguageSense="true"/>
  </pragraph>
  <pragraph ID="4" content="1、广东省各级政府近几年不断加强对科技的投入，2、初步建立起多层次、多渠道的科技投入新体系。3、广东省建立了自然科学基金，4、每年投入在一亿元以上；5、省级用于新产品开发等科技三项经费每年以百分之十的速度增长，6、高于全省财政收入的增长速度。7、近年来，该省又建立了成果转化科技风险资金、科技创业投资资金和高新技术产业发展资金，8、一些市、县还设立科技发展基金等。9、这些基金和资金的投入，有力地支持了省重点实验室和各工程技术研究开发中心的建设，10、促进了科技成果的产业化。">
    <relative ID="1" Relation_Pair="3--4" Center="1" times="17" Sentence="广东省建立了自然科学基金，|每年投入在一亿元以上；" position="42...54--55...65" ConnectiveType="隐式关系" Connective="" Major_relationType="解说性" RelationType="因果性-;目的性-;条件性-;虚拟性-;反转性-;顺序性-;解说性+;例证性-;评价性-;并列性-;递进性-;选择性-" ConnectivePosition="" ConnectiveAttribute="不可添加" RoleLocation="normal" LanguageSense="true"/>
    <relative ID="2" Relation_Pair="5--6" Center="1" times="12" Sentence="省级用于新产品开发等科技三项经费每年以百分之十的速度增长，|高于全省财政收入的增长速度。" position="66...94--95...108" ConnectiveType="隐式关系" Connective="" Major_relationType="评价性" RelationType="因果性-;目的性-;条件性-;虚拟性-;反转性-;顺序性-;解说性-;例证性-;评价性+;并列性-;递进性-;选择性-" ConnectivePosition="" ConnectiveAttribute="不可添加" RoleLocation="normal" LanguageSense="true"/>
    <relative ID="3" Relation_Pair="3--5" Center="3" times="7" Sentence="广东省建立了自然科学基金，|省级用于新产品开发等科技三项经费每年以百分之十的速度增长，" position="42...54--66...94" ConnectiveType="隐式关系" Connective="" Major_relationType="并列性" RelationType="因果性-;目的性-;条件性-;虚拟性-;反转性-;顺序性-;解说性-;例证性-;评价性-;并列性+;递进性-;选择性-" ConnectivePosition="" ConnectiveAttribute="不可添加" RoleLocation="normal" LanguageSense="true"/>
    <relative ID="4" Relation_Pair="7--8" Center="3" times="34" Sentence="近年来，该省又建立了成果转化科技风险资金、科技创业投资资金和高新技术产业发展资金，|一些市、县还设立科技发展基金等。" position="109...149--150...165" ConnectiveType="隐式关系" Connective="" Major_relationType="并列性" RelationType="因果性-;目的性-;条件性-;虚拟性-;反转性-;顺序性-;解说性-;例证性-;评价性-;并列性+;递进性-;选择性-" ConnectivePosition="" ConnectiveAttribute="不可添加" RoleLocation="normal" LanguageSense="true"/>
    <relative ID="5" Relation_Pair="8--9" Center="1" times="15" Sentence="一些市、县还设立科技发展基金等。|这些基金和资金的投入，有力地支持了省重点实验室和各工程技术研究开发中心的建设，" position="150...165--166...204" ConnectiveType="隐式关系" Connective="" Major_relationType="因果性" RelationType="因果性+;目的性-;条件性-;虚拟性-;反转性-;顺序性+;解说性-;例证性-;评价性-;并列性-;递进性-;选择性-" ConnectivePosition="" ConnectiveAttribute="不可添加" RoleLocation="normal" LanguageSense="true"/>
    <relative ID="6" Relation_Pair="8--10" Center="1" times="10" Sentence="一些市、县还设立科技发展基金等。|促进了科技成果的产业化。" position="150...165--205...216" ConnectiveType="隐式关系" Connective="" Major_relationType="因果性" RelationType="因果性+;目的性-;条件性-;虚拟性-;反转性-;顺序性+;解说性-;例证性-;评价性-;并列性-;递进性-;选择性-" ConnectivePosition="" ConnectiveAttribute="不可添加" RoleLocation="normal" LanguageSense="true"/>
    <relative ID="7" Relation_Pair="1--2" Center="1" times="8" Sentence="广东省各级政府近几年不断加强对科技的投入，|初步建立起多层次、多渠道的科技投入新体系。" position="0...20--21...41" ConnectiveType="隐式关系" Connective="" Major_relationType="因果性" RelationType="因果性+;目的性-;条件性-;虚拟性-;反转性-;顺序性+;解说性-;例证性-;评价性-;并列性-;递进性-;选择性-" ConnectivePosition="" ConnectiveAttribute="不可添加" RoleLocation="normal" LanguageSense="true"/>
    <relative ID="8" Relation_Pair="1--3" Center="1" times="18" Sentence="广东省各级政府近几年不断加强对科技的投入，|广东省建立了自然科学基金，" position="0...20--42...54" ConnectiveType="隐式关系" Connective="" Major_relationType="解说性" RelationType="因果性-;目的性-;条件性-;虚拟性-;反转性-;顺序性-;解说性+;例证性-;评价性-;并列性-;递进性-;选择性-" ConnectivePosition="" ConnectiveAttribute="不可添加" RoleLocation="normal" LanguageSense="true"/>
    <relative ID="9" Relation_Pair="1--8" Center="1" times="8" Sentence="广东省各级政府近几年不断加强对科技的投入，|一些市、县还设立科技发展基金等。" position="0...20--150...165" ConnectiveType="隐式关系" Connective="" Major_relationType="解说性" RelationType="因果性-;目的性-;条件性-;虚拟性-;反转性-;顺序性-;解说性+;例证性-;评价性-;并列性-;递进性-;选择性-" ConnectivePosition="" ConnectiveAttribute="不可添加" RoleLocation="normal" LanguageSense="true"/>
  </pragraph>
  <pragraph ID="5" content="1、近年来，广东省以珠江三角洲为龙头，2、以电子信息、生物技术、新材料、机电一体化等七大高新技术领域为重点，3、大力推进高新技术产业的发展。4、这几年，全省共实施火炬计划项目七百八十四项，5、经省认定的高新技术企业达五百六十九家，6、在国家科委公布的第一、二批国家重点高新技术企业中，广东占了百分之二十。7、目前，广东已建立广州、中山、深圳等六个国家级的高新技术产业开发区和三个省级高新区，8、入区企业达二千五百八十家，9、其中高新技术企业三百一十五家。10、据统计，今年全省高新区的技工贸总收入、完成的工业总产值均比去年有较大幅度增长。">
    <relative ID="1" Relation_Pair="1--3" Center="2" times="15" Sentence="近年来，广东省以珠江三角洲为龙头，|大力推进高新技术产业的发展。" position="0...16--50...63" ConnectiveType="隐式关系" Connective="" Major_relationType="目的性" RelationType="因果性-;目的性+;条件性-;虚拟性-;反转性-;顺序性-;解说性-;例证性-;评价性-;并列性-;递进性-;选择性-" ConnectivePosition="" ConnectiveAttribute="不可添加" RoleLocation="normal" LanguageSense="true"/>
    <relative ID="2" Relation_Pair="2--3" Center="2" times="8" Sentence="以电子信息、生物技术、新材料、机电一体化等七大高新技术领域为重点，|大力推进高新技术产业的发展。" position="17...49--50...63" ConnectiveType="隐式关系" Connective="" Major_relationType="目的性" RelationType="因果性-;目的性+;条件性-;虚拟性-;反转性-;顺序性-;解说性-;例证性-;评价性-;并列性-;递进性-;选择性-" ConnectivePosition="" ConnectiveAttribute="不可添加" RoleLocation="normal" LanguageSense="true"/>
    <relative ID="3" Relation_Pair="4--5" Center="1" times="21" Sentence="这几年，全省共实施火炬计划项目七百八十四项，|经省认定的高新技术企业达五百六十九家，" position="64...85--86...104" ConnectiveType="隐式关系" Connective="" Major_relationType="解说性" RelationType="因果性-;目的性-;条件性-;虚拟性-;反转性-;顺序性-;解说性+;例证性-;评价性-;并列性-;递进性-;选择性-" ConnectivePosition="" ConnectiveAttribute="不可添加" RoleLocation="normal" LanguageSense="true"/>
    <relative ID="4" Relation_Pair="4--6" Center="1" times="7" Sentence="这几年，全省共实施火炬计划项目七百八十四项，|在国家科委公布的第一、二批国家重点高新技术企业中，广东占了百分之二十。" position="64...85--105...139" ConnectiveType="隐式关系" Connective="" Major_relationType="解说性" RelationType="因果性-;目的性-;条件性-;虚拟性-;反转性-;顺序性-;解说性+;例证性-;评价性-;并列性-;递进性-;选择性-" ConnectivePosition="" ConnectiveAttribute="不可添加" RoleLocation="normal" LanguageSense="true"/>
    <relative ID="5" Relation_Pair="7--8" Center="1" times="19" Sentence="目前，广东已建立广州、中山、深圳等六个国家级的高新技术产业开发区和三个省级高新区，|入区企业达二千五百八十家，" position="140...180--181...193" ConnectiveType="隐式关系" Connective="" Major_relationType="解说性" RelationType="因果性-;目的性-;条件性-;虚拟性-;反转性-;顺序性-;解说性+;例证性-;评价性-;并列性-;递进性-;选择性-" ConnectivePosition="" ConnectiveAttribute="不可添加" RoleLocation="normal" LanguageSense="true"/>
    <relative ID="6" Relation_Pair="8--9" Center="1" times="34" Sentence="入区企业达二千五百八十家，|其中高新技术企业三百一十五家。" position="181...193--194...208" ConnectiveType="显式关系" Connective="其中" Major_relationType="解说性" RelationType="因果性-;目的性-;条件性-;虚拟性-;反转性-;顺序性-;解说性+;例证性-;评价性-;并列性-;递进性-;选择性-" ConnectivePosition="202…204" ConnectiveAttribute="不可删除" RoleLocation="normal" LanguageSense="true"/>
    <relative ID="7" Relation_Pair="3--10" Center="1" times="9" Sentence="大力推进高新技术产业的发展。|据统计，今年全省高新区的技工贸总收入、完成的工业总产值均比去年有较大幅度增长。" position="50...63--209...247" ConnectiveType="隐式关系" Connective="" Major_relationType="因果性" RelationType="因果性+;目的性-;条件性-;虚拟性-;反转性-;顺序性-;解说性-;例证性-;评价性-;并列性-;递进性-;选择性-" ConnectivePosition="" ConnectiveAttribute="不可添加" RoleLocation="normal" LanguageSense="true"/>
    <relative ID="8" Relation_Pair="3--4" Center="1" times="10" Sentence="大力推进高新技术产业的发展。|这几年，全省共实施火炬计划项目七百八十四项，" position="50...63--64...85" ConnectiveType="隐式关系" Connective="" Major_relationType="解说性" RelationType="因果性-;目的性-;条件性-;虚拟性-;反转性-;顺序性-;解说性+;例证性-;评价性-;并列性-;递进性-;选择性-" ConnectivePosition="" ConnectiveAttribute="不可添加" RoleLocation="normal" LanguageSense="true"/>
    <relative ID="9" Relation_Pair="3--7" Center="1" times="7" Sentence="大力推进高新技术产业的发展。|目前，广东已建立广州、中山、深圳等六个国家级的高新技术产业开发区和三个省级高新区，" position="50...63--140...180" ConnectiveType="隐式关系" Connective="" Major_relationType="解说性" RelationType="因果性-;目的性-;条件性-;虚拟性-;反转性-;顺序性-;解说性+;例证性-;评价性-;并列性-;递进性-;选择性-" ConnectivePosition="" ConnectiveAttribute="不可添加" RoleLocation="normal" LanguageSense="true"/>
  </pragraph>
</doc>
