<?xml version="1.0" encoding="UTF-8"?>

<doc>
  <pragraph ID="2" content="1、记者从天津海关了解到，近日通用半导体（中国）有限公司等二十家外商投资企业通过天津海关的考核，2、成为享受海关优惠政策的保税工厂。3、至此，天津经济技术开发区已有九十九家外商投资企业成为保税工厂。">
    <relative ID="1" Relation_Pair="1--2" Center="2" times="14" Sentence="记者从天津海关了解到，近日通用半导体（中国）有限公司等二十家外商投资企业通过天津海关的考核，|成为享受海关优惠政策的保税工厂。" position="0...45--46...61" ConnectiveType="隐式关系" Connective="" Major_relationType="因果性" RelationType="因果性+;目的性-;条件性-;虚拟性-;反转性-;顺序性+;解说性-;例证性-;评价性-;并列性-;递进性-;选择性-" ConnectivePosition="" ConnectiveAttribute="不可添加" RoleLocation="normal" LanguageSense="true"/>
    <relative ID="2" Relation_Pair="2--3" Center="2" times="19" Sentence="成为享受海关优惠政策的保税工厂。|至此，天津经济技术开发区已有九十九家外商投资企业成为保税工厂。" position="46...61--62...92" ConnectiveType="隐式关系" Connective="" Major_relationType="解说性" RelationType="因果性-;目的性-;条件性-;虚拟性-;反转性-;顺序性-;解说性+;例证性-;评价性-;并列性-;递进性-;选择性-" ConnectivePosition="" ConnectiveAttribute="不可添加" RoleLocation="normal" LanguageSense="true"/>
  </pragraph>
  <pragraph ID="3" content="1、据介绍，近年来天津海关积极与国际惯例接轨，2、从加强对企业宏观管理，优化通关环境，促进企业提高贸易效率出发，3、大力推广保税工程制度。4、经济技术开发区做为当地新的经济增长点，5、加工贸易发展迅速，6、目前已有二百二十家从事加工贸易的外资企业，7、保税工厂已占到企业总数的百分之四十一，8、逐步形成了涉及电子、化工、纺织、通讯以及汽车等行业的保税工厂体系，9、摩托罗拉、三星电子、雅马哈等都是其中的一员。">
    <relative ID="1" Relation_Pair="1--3" Center="2" times="35" Sentence="据介绍，近年来天津海关积极与国际惯例接轨，|大力推广保税工程制度。" position="0...20--52...62" ConnectiveType="隐式关系" Connective="" Major_relationType="目的性" RelationType="因果性+;目的性+;条件性-;虚拟性-;反转性-;顺序性-;解说性-;例证性-;评价性-;并列性-;递进性-;选择性-" ConnectivePosition="" ConnectiveAttribute="不可添加" RoleLocation="normal" LanguageSense="true"/>
    <relative ID="2" Relation_Pair="2--3" Center="2" times="20" Sentence="从加强对企业宏观管理，优化通关环境，促进企业提高贸易效率出发，|大力推广保税工程制度。" position="21...51--52...62" ConnectiveType="隐式关系" Connective="" Major_relationType="目的性" RelationType="因果性-;目的性+;条件性-;虚拟性-;反转性-;顺序性+;解说性-;例证性-;评价性-;并列性-;递进性-;选择性-" ConnectivePosition="" ConnectiveAttribute="不可添加" RoleLocation="normal" LanguageSense="true"/>
    <relative ID="3" Relation_Pair="4--5" Center="2" times="54" Sentence="经济技术开发区做为当地新的经济增长点，|加工贸易发展迅速，" position="63...81--82...90" ConnectiveType="隐式关系" Connective="" Major_relationType="因果性" RelationType="因果性+;目的性-;条件性-;虚拟性-;反转性-;顺序性-;解说性-;例证性-;评价性-;并列性-;递进性-;选择性-" ConnectivePosition="" ConnectiveAttribute="不可添加" RoleLocation="normal" LanguageSense="true"/>
    <relative ID="4" Relation_Pair="5--6" Center="2" times="69" Sentence="加工贸易发展迅速，|目前已有二百二十家从事加工贸易的外资企业，" position="82...90--91...111" ConnectiveType="隐式关系" Connective="" Major_relationType="解说性" RelationType="因果性-;目的性-;条件性-;虚拟性-;反转性-;顺序性-;解说性+;例证性-;评价性-;并列性-;递进性-;选择性-" ConnectivePosition="" ConnectiveAttribute="不可添加" RoleLocation="normal" LanguageSense="true"/>
    <relative ID="5" Relation_Pair="7--8" Center="2" times="98" Sentence="保税工厂已占到企业总数的百分之四十一，|逐步形成了涉及电子、化工、纺织、通讯以及汽车等行业的保税工厂体系，" position="112...130--131...163" ConnectiveType="隐式关系" Connective="" Major_relationType="因果性" RelationType="因果性+;目的性-;条件性-;虚拟性-;反转性-;顺序性-;解说性+;例证性-;评价性-;并列性-;递进性-;选择性-" ConnectivePosition="" ConnectiveAttribute="不可添加" RoleLocation="normal" LanguageSense="true"/>
    <relative ID="6" Relation_Pair="6--7" Center="2" times="12" Sentence="目前已有二百二十家从事加工贸易的外资企业，|保税工厂已占到企业总数的百分之四十一，" position="91...111--112...130" ConnectiveType="隐式关系" Connective="" Major_relationType="解说性" RelationType="因果性-;目的性-;条件性-;虚拟性-;反转性-;顺序性-;解说性+;例证性-;评价性-;并列性-;递进性-;选择性-" ConnectivePosition="" ConnectiveAttribute="不可添加" RoleLocation="normal" LanguageSense="true"/>
    <relative ID="7" Relation_Pair="8--9" Center="1" times="13" Sentence="逐步形成了涉及电子、化工、纺织、通讯以及汽车等行业的保税工厂体系，|摩托罗拉、三星电子、雅马哈等都是其中的一员。" position="131...163--164...185" ConnectiveType="隐式关系" Connective="" Major_relationType="解说性" RelationType="因果性-;目的性-;条件性-;虚拟性-;反转性-;顺序性-;解说性+;例证性-;评价性-;并列性-;递进性-;选择性-" ConnectivePosition="" ConnectiveAttribute="不可添加" RoleLocation="normal" LanguageSense="true"/>
    <relative ID="8" Relation_Pair="3--8" Center="2" times="21" Sentence="大力推广保税工程制度。|逐步形成了涉及电子、化工、纺织、通讯以及汽车等行业的保税工厂体系，" position="52...62--131...163" ConnectiveType="隐式关系" Connective="" Major_relationType="因果性" RelationType="因果性+;目的性-;条件性-;虚拟性-;反转性-;顺序性+;解说性-;例证性-;评价性-;并列性-;递进性-;选择性-" ConnectivePosition="" ConnectiveAttribute="不可添加" RoleLocation="normal" LanguageSense="true"/>
  </pragraph>
  <pragraph ID="4" content="1、据天津开发区海关官员介绍，保税工厂降低了贸易成本，2、提高了贸易效益。3、通用半导体（中国）有限公司成为保税工厂后，4、每天减少流动资金占用五十万美元。5、该公司介绍，在未来的五年内他们将追加投资九千万美元，6、届时，预计年产值可达三亿美元。">
    <relative ID="1" Relation_Pair="1--2" Center="3" times="14" Sentence="据天津开发区海关官员介绍，保税工厂降低了贸易成本，|提高了贸易效益。" position="0...24--25...32" ConnectiveType="隐式关系" Connective="" Major_relationType="并列性" RelationType="因果性-;目的性-;条件性-;虚拟性-;反转性-;顺序性-;解说性-;例证性-;评价性-;并列性+;递进性-;选择性-" ConnectivePosition="" ConnectiveAttribute="不可添加" RoleLocation="normal" LanguageSense="true"/>
    <relative ID="2" Relation_Pair="3--4" Center="2" times="34" Sentence="通用半导体（中国）有限公司成为保税工厂后，|每天减少流动资金占用五十万美元。" position="33...53--54...69" ConnectiveType="隐式关系" Connective="" Major_relationType="因果性" RelationType="因果性+;目的性-;条件性-;虚拟性-;反转性-;顺序性-;解说性-;例证性-;评价性-;并列性-;递进性-;选择性-" ConnectivePosition="" ConnectiveAttribute="不可添加" RoleLocation="normal" LanguageSense="true"/>
    <relative ID="3" Relation_Pair="5--6" Center="1" times="153" Sentence="该公司介绍，在未来的五年内他们将追加投资九千万美元，|届时，预计年产值可达三亿美元。" position="70...95--96...110" ConnectiveType="隐式关系" Connective="" Major_relationType="因果性" RelationType="因果性+;目的性-;条件性-;虚拟性+;反转性-;顺序性-;解说性-;例证性-;评价性-;并列性-;递进性-;选择性-" ConnectivePosition="" ConnectiveAttribute="不可添加" RoleLocation="normal" LanguageSense="true"/>
    <relative ID="4" Relation_Pair="1--3" Center="1" times="143" Sentence="据天津开发区海关官员介绍，保税工厂降低了贸易成本，|通用半导体（中国）有限公司成为保税工厂后，" position="0...24--33...53" ConnectiveType="隐式关系" Connective="" Major_relationType="例证性" RelationType="因果性-;目的性-;条件性-;虚拟性-;反转性-;顺序性-;解说性-;例证性+;评价性-;并列性-;递进性-;选择性-" ConnectivePosition="" ConnectiveAttribute="不可添加" RoleLocation="normal" LanguageSense="true"/>
    <relative ID="5" Relation_Pair="3--5" Center="1" times="167" Sentence="通用半导体（中国）有限公司成为保税工厂后，|该公司介绍，在未来的五年内他们将追加投资九千万美元，" position="33...53--70...95" ConnectiveType="隐式关系" Connective="" Major_relationType="因果性" RelationType="因果性+;目的性-;条件性-;虚拟性+;反转性-;顺序性+;解说性-;例证性-;评价性-;并列性-;递进性-;选择性-" ConnectivePosition="" ConnectiveAttribute="不可添加" RoleLocation="normal" LanguageSense="true"/>
  </pragraph>
</doc>
