<?xml version="1.0" encoding="UTF-8"?>

<doc>
  <pragraph ID="2" content="1、中国企业状告美国第一国民银行赔偿一案，2、经上海市“段和段律师事务所”一年多的艰难诉讼，最近在美国新墨西哥州联邦地方法院达成调解协议，3、美国第一国民银行共赔偿三家中国企业一百八十五万五千美元。">
    <relative ID="1" Relation_Pair="1--2" Center="2" times="38" Sentence="中国企业状告美国第一国民银行赔偿一案，|经上海市“段和段律师事务所”一年多的艰难诉讼，最近在美国新墨西哥州联邦地方法院达成调解协议，" position="0...18--19...64" ConnectiveType="隐式关系" Connective="" Major_relationType="因果性" RelationType="因果性+;目的性-;条件性-;虚拟性-;反转性-;顺序性+;解说性-;例证性-;评价性-;并列性-;递进性-;选择性-" ConnectivePosition="" ConnectiveAttribute="不可添加" RoleLocation="normal" LanguageSense="true"/>
    <relative ID="2" Relation_Pair="2--3" Center="2" times="11" Sentence="经上海市“段和段律师事务所”一年多的艰难诉讼，最近在美国新墨西哥州联邦地方法院达成调解协议，|美国第一国民银行共赔偿三家中国企业一百八十五万五千美元。" position="19...64--65...92" ConnectiveType="隐式关系" Connective="" Major_relationType="因果性" RelationType="因果性+;目的性-;条件性-;虚拟性-;反转性-;顺序性+;解说性-;例证性-;评价性-;并列性-;递进性-;选择性-" ConnectivePosition="" ConnectiveAttribute="不可添加" RoleLocation="normal" LanguageSense="true"/>
  </pragraph>
  <pragraph ID="4" content="1、上海家用纺织品进出口公司一九九三年起与美国新墨西哥州商业资源公司建立贸易关系，2、双方同意采用银行托收的方式付款承兑商业票据，3、但美国第一国民银行私下一直将中国寄来的快件（其中包括提单等商业票据）无偿地递送给ＣＲ公司，4、ＣＲ公司在凭提单拿到货物后，拖延付货款或不付款，5、拖欠货款最高达一百八十五万美元。6、去年四月，ＣＲ公司开始了其破产程序，7、其所有资产的偿债率仅为百分之五。">
    <relative ID="1" Relation_Pair="1--2" Center="2" times="79" Sentence="上海家用纺织品进出口公司一九九三年起与美国新墨西哥州商业资源公司建立贸易关系，|双方同意采用银行托收的方式付款承兑商业票据，" position="0...38--39...60" ConnectiveType="隐式关系" Connective="" Major_relationType="因果性" RelationType="因果性+;目的性-;条件性-;虚拟性-;反转性-;顺序性+;解说性-;例证性-;评价性-;并列性-;递进性-;选择性-" ConnectivePosition="" ConnectiveAttribute="不可添加" RoleLocation="normal" LanguageSense="true"/>
    <relative ID="2" Relation_Pair="2--3" Center="2" times="49" Sentence="双方同意采用银行托收的方式付款承兑商业票据，|但美国第一国民银行私下一直将中国寄来的快件（其中包括提单等商业票据）无偿地递送给ＣＲ公司，" position="39...60--61...105" ConnectiveType="显式关系" Connective="/但" Major_relationType="反转性" RelationType="因果性-;目的性-;条件性-;虚拟性-;反转性+;顺序性-;解说性-;例证性-;评价性-;并列性-;递进性-;选择性-" ConnectivePosition="62…64" ConnectiveAttribute="不可删除" RoleLocation="normal" LanguageSense="true"/>
    <relative ID="3" Relation_Pair="3--4" Center="2" times="55" Sentence="但美国第一国民银行私下一直将中国寄来的快件（其中包括提单等商业票据）无偿地递送给ＣＲ公司，|ＣＲ公司在凭提单拿到货物后，拖延付货款或不付款，" position="61...105--106...129" ConnectiveType="隐式关系" Connective="" Major_relationType="反转性" RelationType="因果性+;目的性-;条件性-;虚拟性-;反转性+;顺序性-;解说性-;例证性-;评价性-;并列性-;递进性-;选择性-" ConnectivePosition="" ConnectiveAttribute="不可添加" RoleLocation="normal" LanguageSense="true"/>
    <relative ID="4" Relation_Pair="4--5" Center="1" times="23" Sentence="ＣＲ公司在凭提单拿到货物后，拖延付货款或不付款，|拖欠货款最高达一百八十五万美元。" position="106...129--130...145" ConnectiveType="隐式关系" Connective="" Major_relationType="解说性" RelationType="因果性-;目的性-;条件性-;虚拟性-;反转性-;顺序性-;解说性+;例证性-;评价性-;并列性-;递进性-;选择性-" ConnectivePosition="" ConnectiveAttribute="不可添加" RoleLocation="normal" LanguageSense="true"/>
    <relative ID="5" Relation_Pair="6--7" Center="2" times="32" Sentence="去年四月，ＣＲ公司开始了其破产程序，|其所有资产的偿债率仅为百分之五。" position="146...163--164...179" ConnectiveType="隐式关系" Connective="" Major_relationType="解说性" RelationType="因果性-;目的性-;条件性-;虚拟性-;反转性-;顺序性-;解说性+;例证性-;评价性-;并列性-;递进性-;选择性-" ConnectivePosition="" ConnectiveAttribute="不可添加" RoleLocation="normal" LanguageSense="true"/>
    <relative ID="6" Relation_Pair="4--7" Center="3" times="49" Sentence="ＣＲ公司在凭提单拿到货物后，拖延付货款或不付款，|其所有资产的偿债率仅为百分之五。" position="106...129--164...179" ConnectiveType="隐式关系" Connective="" Major_relationType="并列性" RelationType="因果性-;目的性-;条件性-;虚拟性-;反转性-;顺序性-;解说性-;例证性-;评价性-;并列性+;递进性-;选择性-" ConnectivePosition="" ConnectiveAttribute="不可添加" RoleLocation="normal" LanguageSense="true"/>
  </pragraph>
  <pragraph ID="5" content="1、上海荣恒国际贸易进出口公司、浙江省嘉兴天发丝绸进出口公司与上述情况相似。2、因此，这三家企业聘请上海“段和段律师事务所”全权代理在美国的起诉、索赔等法律事务。3、经过一段时间的准备，留美硕士段祺华律师与新墨西哥州当地的律师正式向美国新墨西哥州联邦地方法院递交了状告美国第一国民银行的诉状。">
    <relative ID="1" Relation_Pair="1--2" Center="2" times="16" Sentence="上海荣恒国际贸易进出口公司、浙江省嘉兴天发丝绸进出口公司与上述情况相似。|因此，这三家企业聘请上海“段和段律师事务所”全权代理在美国的起诉、索赔等法律事务。" position="0...35--36...76" ConnectiveType="隐式关系" Connective="" Major_relationType="因果性" RelationType="因果性+;目的性-;条件性-;虚拟性-;反转性-;顺序性+;解说性-;例证性-;评价性-;并列性-;递进性-;选择性-" ConnectivePosition="" ConnectiveAttribute="不可添加" RoleLocation="normal" LanguageSense="true"/>
    <relative ID="2" Relation_Pair="2--3" Center="2" times="16" Sentence="因此，这三家企业聘请上海“段和段律师事务所”全权代理在美国的起诉、索赔等法律事务。|经过一段时间的准备，留美硕士段祺华律师与新墨西哥州当地的律师正式向美国新墨西哥州联邦地方法院递交了状告美国第一国民银行的诉状。" position="36...76--77...139" ConnectiveType="隐式关系" Connective="" Major_relationType="因果性" RelationType="因果性+;目的性-;条件性-;虚拟性-;反转性-;顺序性+;解说性-;例证性-;评价性-;并列性-;递进性-;选择性-" ConnectivePosition="" ConnectiveAttribute="不可添加" RoleLocation="normal" LanguageSense="true"/>
  </pragraph>
  <pragraph ID="6" content="1、在庭审中，对方律师竟对中方托收银行寄送托受文件的事实全盘否认。2、段祺华律师和他的同事们为此又进行了艰苦的调查取证，3、终于取得了文件送递的快件号码和第一国民银行签收的证据。">
    <relative ID="1" Relation_Pair="2--3" Center="2" times="35" Sentence="段祺华律师和他的同事们为此又进行了艰苦的调查取证，|终于取得了文件送递的快件号码和第一国民银行签收的证据。" position="31...55--56...82" ConnectiveType="隐式关系" Connective="" Major_relationType="因果性" RelationType="因果性+;目的性-;条件性-;虚拟性-;反转性-;顺序性+;解说性-;例证性-;评价性-;并列性-;递进性-;选择性-" ConnectivePosition="" ConnectiveAttribute="不可添加" RoleLocation="normal" LanguageSense="true"/>
    <relative ID="2" Relation_Pair="1--2" Center="2" times="13" Sentence="在庭审中，对方律师竟对中方托收银行寄送托受文件的事实全盘否认。|段祺华律师和他的同事们为此又进行了艰苦的调查取证，" position="0...30--31...55" ConnectiveType="隐式关系" Connective="" Major_relationType="因果性" RelationType="因果性+;目的性-;条件性-;虚拟性-;反转性-;顺序性-;解说性-;例证性-;评价性-;并列性-;递进性-;选择性-" ConnectivePosition="" ConnectiveAttribute="不可添加" RoleLocation="normal" LanguageSense="true"/>
  </pragraph>
  <pragraph ID="7" content="1、今年九月初，美国新墨西哥州联邦地方法院作出判决：2、原告提出的诉讼请求，事实清楚，证据充分；3、被告第一国民银行明显违反了美国商法典第四章和国际商会的第三二二条款，4、并确定该银行对上海家用纺织品进出口公司共三十一笔托收单据的款项承担全部责任，5、索赔一百八十五万美元。6、最终双方以一百七十万美元达成协议。">
    <relative ID="1" Relation_Pair="1--2" Center="2" times="65" Sentence="今年九月初，美国新墨西哥州联邦地方法院作出判决：|原告提出的诉讼请求，事实清楚，证据充分；" position="0...23--24...43" ConnectiveType="隐式关系" Connective="" Major_relationType="解说性" RelationType="因果性-;目的性-;条件性-;虚拟性-;反转性-;顺序性-;解说性+;例证性-;评价性-;并列性-;递进性-;选择性-" ConnectivePosition="" ConnectiveAttribute="不可添加" RoleLocation="normal" LanguageSense="true"/>
    <relative ID="2" Relation_Pair="1--3" Center="2" times="9" Sentence="今年九月初，美国新墨西哥州联邦地方法院作出判决：|被告第一国民银行明显违反了美国商法典第四章和国际商会的第三二二条款，" position="0...23--44...77" ConnectiveType="隐式关系" Connective="" Major_relationType="解说性" RelationType="因果性-;目的性-;条件性-;虚拟性-;反转性-;顺序性-;解说性+;例证性-;评价性-;并列性-;递进性-;选择性-" ConnectivePosition="" ConnectiveAttribute="不可添加" RoleLocation="normal" LanguageSense="true"/>
    <relative ID="3" Relation_Pair="3--4" Center="3" times="14" Sentence="被告第一国民银行明显违反了美国商法典第四章和国际商会的第三二二条款，|并确定该银行对上海家用纺织品进出口公司共三十一笔托收单据的款项承担全部责任，" position="44...77--78...115" ConnectiveType="显式关系" Connective="并" Major_relationType="并列性" RelationType="因果性-;目的性-;条件性-;虚拟性-;反转性-;顺序性-;解说性-;例证性-;评价性-;并列性+;递进性-;选择性-" ConnectivePosition="81…82" ConnectiveAttribute="不可删除" RoleLocation="normal" LanguageSense="true"/>
    <relative ID="4" Relation_Pair="5--6" Center="2" times="28" Sentence="索赔一百八十五万美元。|最终双方以一百七十万美元达成协议。" position="116...126--127...143" ConnectiveType="隐式关系" Connective="" Major_relationType="因果性" RelationType="因果性+;目的性-;条件性-;虚拟性-;反转性-;顺序性+;解说性-;例证性-;评价性-;并列性-;递进性-;选择性-" ConnectivePosition="" ConnectiveAttribute="不可添加" RoleLocation="normal" LanguageSense="true"/>
    <relative ID="5" Relation_Pair="4--5" Center="2" times="8" Sentence="并确定该银行对上海家用纺织品进出口公司共三十一笔托收单据的款项承担全部责任，|索赔一百八十五万美元。" position="78...115--116...126" ConnectiveType="隐式关系" Connective="" Major_relationType="因果性" RelationType="因果性+;目的性-;条件性-;虚拟性-;反转性-;顺序性-;解说性-;例证性-;评价性+;并列性-;递进性-;选择性-" ConnectivePosition="" ConnectiveAttribute="不可添加" RoleLocation="normal" LanguageSense="true"/>
  </pragraph>
  <pragraph ID="8" content="1、同时，被告还以十五万五千美元的赔偿总额与上海荣恒国际贸易进出口公司以及浙江省嘉兴天发丝绸进出口公司达成调解协议。2、最近，“段和段律师事务所”已将总共一百八十五万五千美元的赔款，汇给这三家企业。">
    <relative ID="1" Relation_Pair="1--2" Center="2" times="14" Sentence="同时，被告还以十五万五千美元的赔偿总额与上海荣恒国际贸易进出口公司以及浙江省嘉兴天发丝绸进出口公司达成调解协议。|最近，“段和段律师事务所”已将总共一百八十五万五千美元的赔款，汇给这三家企业。" position="0...55--56...94" ConnectiveType="隐式关系" Connective="" Major_relationType="因果性" RelationType="因果性+;目的性-;条件性-;虚拟性-;反转性-;顺序性+;解说性-;例证性-;评价性-;并列性-;递进性-;选择性-" ConnectivePosition="" ConnectiveAttribute="不可添加" RoleLocation="normal" LanguageSense="true"/>
  </pragraph>
  <pragraph ID="9" content="1、据了解，上海市“段和段律师事务所”是由留美硕士段祺华律师在一九九三年回国创办的。2、近年来，这个律师事务所已在国际上打嬴了十余起涉外经济案件，3、为国内企业和公民追回赔款近千万美元。">
    <relative ID="1" Relation_Pair="1--2" Center="2" times="23" Sentence="据了解，上海市“段和段律师事务所”是由留美硕士段祺华律师在一九九三年回国创办的。|近年来，这个律师事务所已在国际上打嬴了十余起涉外经济案件，" position="0...39--40...68" ConnectiveType="隐式关系" Connective="" Major_relationType="解说性" RelationType="因果性-;目的性-;条件性-;虚拟性-;反转性-;顺序性-;解说性+;例证性-;评价性-;并列性-;递进性-;选择性-" ConnectivePosition="" ConnectiveAttribute="不可添加" RoleLocation="normal" LanguageSense="true"/>
    <relative ID="2" Relation_Pair="2--3" Center="2" times="38" Sentence="近年来，这个律师事务所已在国际上打嬴了十余起涉外经济案件，|为国内企业和公民追回赔款近千万美元。" position="40...68--69...86" ConnectiveType="隐式关系" Connective="" Major_relationType="因果性" RelationType="因果性+;目的性-;条件性-;虚拟性-;反转性-;顺序性-;解说性-;例证性-;评价性-;并列性-;递进性-;选择性-" ConnectivePosition="" ConnectiveAttribute="不可添加" RoleLocation="normal" LanguageSense="true"/>
  </pragraph>
</doc>
