<?xml version="1.0" encoding="UTF-8"?>

<doc>
  <pragraph ID="2" content="1、今年以来，中国经济强省江苏省进一步扩大开放，2、大力改善投资环境，3、使开放型经济实现了全面、快速发展，对外贸易、利用外资和对外经济技术合作，4、都获得了大幅度增长。">
    <relative ID="1" Relation_Pair="1--3" Center="2" times="32" Sentence="今年以来，中国经济强省江苏省进一步扩大开放，|使开放型经济实现了全面、快速发展，对外贸易、利用外资和对外经济技术合作，" position="0...21--31...66" ConnectiveType="隐式关系" Connective="" Major_relationType="因果性" RelationType="因果性+;目的性-;条件性-;虚拟性-;反转性-;顺序性+;解说性-;例证性-;评价性-;并列性-;递进性-;选择性-" ConnectivePosition="" ConnectiveAttribute="不可添加" RoleLocation="normal" LanguageSense="true"/>
    <relative ID="2" Relation_Pair="2--3" Center="2" times="9" Sentence="大力改善投资环境，|使开放型经济实现了全面、快速发展，对外贸易、利用外资和对外经济技术合作，" position="22...30--31...66" ConnectiveType="隐式关系" Connective="" Major_relationType="因果性" RelationType="因果性+;目的性-;条件性-;虚拟性-;反转性-;顺序性+;解说性-;例证性-;评价性-;并列性-;递进性-;选择性-" ConnectivePosition="" ConnectiveAttribute="不可添加" RoleLocation="normal" LanguageSense="true"/>
    <relative ID="3" Relation_Pair="3--4" Center="2" times="57" Sentence="使开放型经济实现了全面、快速发展，对外贸易、利用外资和对外经济技术合作，|都获得了大幅度增长。" position="31...66--67...76" ConnectiveType="隐式关系" Connective="" Major_relationType="评价性" RelationType="因果性-;目的性-;条件性-;虚拟性-;反转性-;顺序性-;解说性-;例证性-;评价性+;并列性-;递进性-;选择性-" ConnectivePosition="" ConnectiveAttribute="不可添加" RoleLocation="normal" LanguageSense="true"/>
  </pragraph>
  <pragraph ID="3" content="1、江苏是中国第三大外贸口岸，2、对外贸易已连续多年以两位数快速增长。3、今年到十一月底，全省实现进出口额首次突破二百亿美元，4、达二百零二点一二亿美元，5、其中出口一百三十九点六亿美元，6、比去年同期分别增长百分之二十一点九三和百分之十七点九五。">
    <relative ID="1" Relation_Pair="1--2" Center="2" times="133" Sentence="江苏是中国第三大外贸口岸，|对外贸易已连续多年以两位数快速增长。" position="0...12--13...30" ConnectiveType="隐式关系" Connective="" Major_relationType="条件性" RelationType="因果性-;目的性-;条件性+;虚拟性-;反转性-;顺序性-;解说性-;例证性-;评价性-;并列性-;递进性-;选择性-" ConnectivePosition="" ConnectiveAttribute="不可添加" RoleLocation="normal" LanguageSense="true"/>
    <relative ID="2" Relation_Pair="4--5" Center="1" times="21" Sentence="达二百零二点一二亿美元，|其中出口一百三十九点六亿美元，" position="57...68--69...83" ConnectiveType="显式关系" Connective="其中" Major_relationType="解说性" RelationType="因果性-;目的性-;条件性-;虚拟性-;反转性-;顺序性-;解说性+;例证性-;评价性-;并列性-;递进性-;选择性-" ConnectivePosition="73…75" ConnectiveAttribute="不可删除" RoleLocation="normal" LanguageSense="true"/>
    <relative ID="3" Relation_Pair="4--6" Center="1" times="20" Sentence="达二百零二点一二亿美元，|比去年同期分别增长百分之二十一点九三和百分之十七点九五。" position="57...68--84...111" ConnectiveType="隐式关系" Connective="" Major_relationType="评价性" RelationType="因果性-;目的性-;条件性-;虚拟性-;反转性-;顺序性-;解说性-;例证性-;评价性+;并列性+;递进性-;选择性-" ConnectivePosition="" ConnectiveAttribute="不可添加" RoleLocation="normal" LanguageSense="true"/>
    <relative ID="4" Relation_Pair="5--6" Center="1" times="12" Sentence="其中出口一百三十九点六亿美元，|比去年同期分别增长百分之二十一点九三和百分之十七点九五。" position="69...83--84...111" ConnectiveType="隐式关系" Connective="" Major_relationType="评价性" RelationType="因果性-;目的性-;条件性-;虚拟性-;反转性-;顺序性-;解说性-;例证性-;评价性+;并列性+;递进性-;选择性-" ConnectivePosition="" ConnectiveAttribute="不可添加" RoleLocation="normal" LanguageSense="true"/>
    <relative ID="5" Relation_Pair="2--3" Center="1" times="15" Sentence="对外贸易已连续多年以两位数快速增长。|今年到十一月底，全省实现进出口额首次突破二百亿美元，" position="13...30--31...56" ConnectiveType="隐式关系" Connective="" Major_relationType="解说性" RelationType="因果性-;目的性-;条件性-;虚拟性-;反转性-;顺序性-;解说性+;例证性-;评价性-;并列性-;递进性-;选择性-" ConnectivePosition="" ConnectiveAttribute="不可添加" RoleLocation="normal" LanguageSense="true"/>
    <relative ID="6" Relation_Pair="3--4" Center="1" times="9" Sentence="今年到十一月底，全省实现进出口额首次突破二百亿美元，|达二百零二点一二亿美元，" position="31...56--57...68" ConnectiveType="隐式关系" Connective="" Major_relationType="解说性" RelationType="因果性-;目的性-;条件性-;虚拟性-;反转性-;顺序性-;解说性+;例证性-;评价性-;并列性-;递进性-;选择性-" ConnectivePosition="" ConnectiveAttribute="不可添加" RoleLocation="normal" LanguageSense="true"/>
  </pragraph>
  <pragraph ID="4" content="1、近年来，江苏省在对外开放中下大力气进一步改善投资环境，2、获得重大进展，3、增强了对外商投资的吸引力。4、据统计，近五年，江苏省通过政府投资、吸引外资和民间集资等多种渠道筹措资金，5、向能源、交通、通讯等基础设施领域投资八百多亿元人民币，6、建成一大批能源和交通通讯设施。7、随着南京禄口国际机场、徐州观音机场、南通兴东机场和沪宁高速公路以及宁通、宁连、宁徐、宁盐等一级公路的建成开通，全省形成了以南京为中心的海、陆、空现代化交通网络。">
    <relative ID="1" Relation_Pair="4--5" Center="2" times="45" Sentence="据统计，近五年，江苏省通过政府投资、吸引外资和民间集资等多种渠道筹措资金，|向能源、交通、通讯等基础设施领域投资八百多亿元人民币，" position="47...83--84...110" ConnectiveType="隐式关系" Connective="" Major_relationType="解说性" RelationType="因果性-;目的性-;条件性-;虚拟性-;反转性-;顺序性-;解说性+;例证性-;评价性-;并列性-;递进性-;选择性-" ConnectivePosition="" ConnectiveAttribute="不可添加" RoleLocation="normal" LanguageSense="true"/>
    <relative ID="2" Relation_Pair="5--6" Center="1" times="19" Sentence="向能源、交通、通讯等基础设施领域投资八百多亿元人民币，|建成一大批能源和交通通讯设施。" position="84...110--111...125" ConnectiveType="隐式关系" Connective="" Major_relationType="因果性" RelationType="因果性+;目的性-;条件性-;虚拟性-;反转性-;顺序性+;解说性-;例证性-;评价性-;并列性-;递进性-;选择性-" ConnectivePosition="" ConnectiveAttribute="不可添加" RoleLocation="normal" LanguageSense="true"/>
    <relative ID="3" Relation_Pair="1--5" Center="1" times="100" Sentence="近年来，江苏省在对外开放中下大力气进一步改善投资环境，|向能源、交通、通讯等基础设施领域投资八百多亿元人民币，" position="0...26--84...110" ConnectiveType="隐式关系" Connective="" Major_relationType="解说性" RelationType="因果性-;目的性-;条件性-;虚拟性-;反转性-;顺序性-;解说性+;例证性-;评价性-;并列性-;递进性-;选择性-" ConnectivePosition="" ConnectiveAttribute="不可添加" RoleLocation="normal" LanguageSense="true"/>
    <relative ID="4" Relation_Pair="1--7" Center="1" times="10" Sentence="近年来，江苏省在对外开放中下大力气进一步改善投资环境，|随着南京禄口国际机场、徐州观音机场、南通兴东机场和沪宁高速公路以及宁通、宁连、宁徐、宁盐等一级公路的建成开通，全省形成了以南京为中心的海、陆、空现代化交通网络。" position="0...26--126...205" ConnectiveType="隐式关系" Connective="" Major_relationType="解说性" RelationType="因果性-;目的性-;条件性-;虚拟性-;反转性-;顺序性-;解说性+;例证性-;评价性-;并列性-;递进性-;选择性-" ConnectivePosition="" ConnectiveAttribute="不可添加" RoleLocation="normal" LanguageSense="true"/>
    <relative ID="5" Relation_Pair="1--2" Center="1" times="9" Sentence="近年来，江苏省在对外开放中下大力气进一步改善投资环境，|获得重大进展，" position="0...26--27...33" ConnectiveType="隐式关系" Connective="" Major_relationType="因果性" RelationType="因果性+;目的性-;条件性-;虚拟性-;反转性-;顺序性+;解说性-;例证性-;评价性-;并列性-;递进性-;选择性-" ConnectivePosition="" ConnectiveAttribute="不可添加" RoleLocation="normal" LanguageSense="true"/>
    <relative ID="6" Relation_Pair="2--3" Center="1" times="7" Sentence="获得重大进展，|增强了对外商投资的吸引力。" position="27...33--34...46" ConnectiveType="隐式关系" Connective="" Major_relationType="因果性" RelationType="因果性+;目的性-;条件性-;虚拟性-;反转性-;顺序性+;解说性-;例证性-;评价性-;并列性-;递进性-;选择性-" ConnectivePosition="" ConnectiveAttribute="不可添加" RoleLocation="normal" LanguageSense="true"/>
  </pragraph>
  <pragraph ID="5" content="1、投资环境的进一步改善，2、使外商对江苏的投资信心不断增强，3、投资规模不断扩大。4、一到十一月份，全省新批外商直接投资项目一千八百一十九个，5、协议外资七十六点九四亿美元，6、规模居全国第一位。7、今年以来，国际跨国公司继续踊跃投资。8、其中，一千万美元以上的大项目二百一十三个，9、协议外资五十九点三四亿美元，10、分别占总量的百分之十二点六和百分之八十二点四。11、特别是已办成的项目，12、外商纷纷追加投资。13、仅据二百三十四个项目统计，合同外资增资额即达十二点三四亿美元，14、分别比去年同期增加百分之二十六和百分之一百一十九，15、是近几年情况最好的。16、特别是中新合作开发的苏州工业园区、昆山经济技术开发区、张家港保税区等十一个国家级开发区，17、一直是外商投资的热点，18、今年吸引的外资占全省一半。">
    <relative ID="1" Relation_Pair="1--2" Center="2" times="24" Sentence="投资环境的进一步改善，|使外商对江苏的投资信心不断增强，" position="0...10--11...26" ConnectiveType="隐式关系" Connective="" Major_relationType="因果性" RelationType="因果性+;目的性-;条件性-;虚拟性-;反转性-;顺序性-;解说性-;例证性-;评价性-;并列性-;递进性-;选择性-" ConnectivePosition="" ConnectiveAttribute="不可添加" RoleLocation="normal" LanguageSense="true"/>
    <relative ID="2" Relation_Pair="2--3" Center="2" times="12" Sentence="使外商对江苏的投资信心不断增强，|投资规模不断扩大。" position="11...26--27...35" ConnectiveType="隐式关系" Connective="" Major_relationType="因果性" RelationType="因果性+;目的性-;条件性-;虚拟性-;反转性-;顺序性+;解说性-;例证性-;评价性-;并列性-;递进性-;选择性-" ConnectivePosition="" ConnectiveAttribute="不可添加" RoleLocation="normal" LanguageSense="true"/>
    <relative ID="3" Relation_Pair="4--5" Center="2" times="140" Sentence="一到十一月份，全省新批外商直接投资项目一千八百一十九个，|协议外资七十六点九四亿美元，" position="36...63--64...77" ConnectiveType="隐式关系" Connective="" Major_relationType="因果性" RelationType="因果性+;目的性-;条件性-;虚拟性-;反转性-;顺序性-;解说性-;例证性-;评价性-;并列性+;递进性-;选择性-" ConnectivePosition="" ConnectiveAttribute="不可添加" RoleLocation="normal" LanguageSense="true"/>
    <relative ID="4" Relation_Pair="5--6" Center="1" times="24" Sentence="协议外资七十六点九四亿美元，|规模居全国第一位。" position="64...77--78...86" ConnectiveType="隐式关系" Connective="" Major_relationType="评价性" RelationType="因果性-;目的性-;条件性-;虚拟性-;反转性-;顺序性-;解说性-;例证性-;评价性+;并列性-;递进性-;选择性-" ConnectivePosition="" ConnectiveAttribute="不可添加" RoleLocation="normal" LanguageSense="true"/>
    <relative ID="5" Relation_Pair="7--8" Center="1" times="16" Sentence="今年以来，国际跨国公司继续踊跃投资。|其中，一千万美元以上的大项目二百一十三个，" position="87...104--105...125" ConnectiveType="显式关系" Connective="其中" Major_relationType="解说性" RelationType="因果性-;目的性-;条件性-;虚拟性-;反转性-;顺序性-;解说性+;例证性-;评价性-;并列性-;递进性-;选择性-" ConnectivePosition="112…114" ConnectiveAttribute="不可删除" RoleLocation="normal" LanguageSense="true"/>
    <relative ID="6" Relation_Pair="8--10" Center="1" times="29" Sentence="其中，一千万美元以上的大项目二百一十三个，|分别占总量的百分之十二点六和百分之八十二点四。" position="105...125--140...162" ConnectiveType="隐式关系" Connective="" Major_relationType="评价性" RelationType="因果性-;目的性-;条件性-;虚拟性-;反转性-;顺序性-;解说性-;例证性-;评价性+;并列性+;递进性-;选择性-" ConnectivePosition="" ConnectiveAttribute="不可添加" RoleLocation="normal" LanguageSense="true"/>
    <relative ID="7" Relation_Pair="9--10" Center="1" times="11" Sentence="协议外资五十九点三四亿美元，|分别占总量的百分之十二点六和百分之八十二点四。" position="126...139--140...162" ConnectiveType="隐式关系" Connective="" Major_relationType="评价性" RelationType="因果性-;目的性-;条件性-;虚拟性-;反转性-;顺序性-;解说性-;例证性-;评价性+;并列性+;递进性-;选择性-" ConnectivePosition="" ConnectiveAttribute="不可添加" RoleLocation="normal" LanguageSense="true"/>
    <relative ID="8" Relation_Pair="11--12" Center="2" times="18" Sentence="特别是已办成的项目，|外商纷纷追加投资。" position="163...172--173...181" ConnectiveType="隐式关系" Connective="" Major_relationType="因果性" RelationType="因果性+;目的性-;条件性-;虚拟性-;反转性-;顺序性-;解说性-;例证性-;评价性-;并列性-;递进性-;选择性-" ConnectivePosition="" ConnectiveAttribute="不可添加" RoleLocation="normal" LanguageSense="true"/>
    <relative ID="9" Relation_Pair="13--14" Center="1" times="47" Sentence="仅据二百三十四个项目统计，合同外资增资额即达十二点三四亿美元，|分别比去年同期增加百分之二十六和百分之一百一十九，" position="182...212--213...237" ConnectiveType="隐式关系" Connective="" Major_relationType="评价性" RelationType="因果性-;目的性-;条件性-;虚拟性-;反转性-;顺序性-;解说性-;例证性-;评价性+;并列性+;递进性-;选择性-" ConnectivePosition="" ConnectiveAttribute="不可添加" RoleLocation="normal" LanguageSense="true"/>
    <relative ID="10" Relation_Pair="14--15" Center="1" times="12" Sentence="分别比去年同期增加百分之二十六和百分之一百一十九，|是近几年情况最好的。" position="213...237--238...247" ConnectiveType="隐式关系" Connective="" Major_relationType="评价性" RelationType="因果性-;目的性-;条件性-;虚拟性-;反转性-;顺序性-;解说性-;例证性-;评价性+;并列性-;递进性-;选择性-" ConnectivePosition="" ConnectiveAttribute="不可添加" RoleLocation="normal" LanguageSense="true"/>
    <relative ID="11" Relation_Pair="16--17" Center="1" times="60" Sentence="特别是中新合作开发的苏州工业园区、昆山经济技术开发区、张家港保税区等十一个国家级开发区，|一直是外商投资的热点，" position="248...291--292...302" ConnectiveType="隐式关系" Connective="" Major_relationType="因果性" RelationType="因果性+;目的性-;条件性-;虚拟性-;反转性-;顺序性-;解说性+;例证性-;评价性-;并列性-;递进性-;选择性-" ConnectivePosition="" ConnectiveAttribute="不可添加" RoleLocation="normal" LanguageSense="true"/>
    <relative ID="12" Relation_Pair="17--18" Center="1" times="46" Sentence="一直是外商投资的热点，|今年吸引的外资占全省一半。" position="292...302--303...315" ConnectiveType="隐式关系" Connective="" Major_relationType="因果性" RelationType="因果性+;目的性-;条件性-;虚拟性-;反转性-;顺序性-;解说性-;例证性-;评价性-;并列性-;递进性-;选择性-" ConnectivePosition="" ConnectiveAttribute="不可添加" RoleLocation="normal" LanguageSense="true"/>
    <relative ID="13" Relation_Pair="3--5" Center="1" times="36" Sentence="投资规模不断扩大。|协议外资七十六点九四亿美元，" position="27...35--64...77" ConnectiveType="隐式关系" Connective="" Major_relationType="解说性" RelationType="因果性-;目的性-;条件性-;虚拟性-;反转性-;顺序性-;解说性+;例证性-;评价性-;并列性-;递进性-;选择性-" ConnectivePosition="" ConnectiveAttribute="不可添加" RoleLocation="normal" LanguageSense="true"/>
    <relative ID="14" Relation_Pair="3--7" Center="1" times="18" Sentence="投资规模不断扩大。|今年以来，国际跨国公司继续踊跃投资。" position="27...35--87...104" ConnectiveType="隐式关系" Connective="" Major_relationType="解说性" RelationType="因果性-;目的性-;条件性-;虚拟性-;反转性-;顺序性-;解说性+;例证性-;评价性-;并列性-;递进性-;选择性-" ConnectivePosition="" ConnectiveAttribute="不可添加" RoleLocation="normal" LanguageSense="true"/>
    <relative ID="15" Relation_Pair="8--11" Center="1" times="21" Sentence="其中，一千万美元以上的大项目二百一十三个，|特别是已办成的项目，" position="105...125--163...172" ConnectiveType="隐式关系" Connective="" Major_relationType="解说性" RelationType="因果性-;目的性-;条件性-;虚拟性-;反转性-;顺序性-;解说性+;例证性-;评价性-;并列性-;递进性-;选择性-" ConnectivePosition="" ConnectiveAttribute="不可添加" RoleLocation="normal" LanguageSense="true"/>
    <relative ID="16" Relation_Pair="3--13" Center="1" times="9" Sentence="投资规模不断扩大。|仅据二百三十四个项目统计，合同外资增资额即达十二点三四亿美元，" position="27...35--182...212" ConnectiveType="隐式关系" Connective="" Major_relationType="解说性" RelationType="因果性-;目的性-;条件性-;虚拟性-;反转性-;顺序性-;解说性+;例证性-;评价性-;并列性-;递进性-;选择性-" ConnectivePosition="" ConnectiveAttribute="不可添加" RoleLocation="normal" LanguageSense="true"/>
    <relative ID="17" Relation_Pair="13--16" Center="1" times="16" Sentence="仅据二百三十四个项目统计，合同外资增资额即达十二点三四亿美元，|特别是中新合作开发的苏州工业园区、昆山经济技术开发区、张家港保税区等十一个国家级开发区，" position="182...212--248...291" ConnectiveType="隐式关系" Connective="" Major_relationType="解说性" RelationType="因果性-;目的性-;条件性-;虚拟性-;反转性-;顺序性-;解说性+;例证性-;评价性-;并列性-;递进性-;选择性-" ConnectivePosition="" ConnectiveAttribute="不可添加" RoleLocation="normal" LanguageSense="true"/>
  </pragraph>
  <pragraph ID="6" content="1、江苏省对外经济技术合作事业今年继续保持旺盛的发展势头。2、一到十一月份，全省新签对外承包工程和劳务合作项目、实际完成的营业额以及在外劳务人数分别比去年同期增长百分之三十以上。">
    <relative ID="1" Relation_Pair="1--2" Center="1" times="7" Sentence="江苏省对外经济技术合作事业今年继续保持旺盛的发展势头。|一到十一月份，全省新签对外承包工程和劳务合作项目、实际完成的营业额以及在外劳务人数分别比去年同期增长百分之三十以上。" position="0...26--27...84" ConnectiveType="隐式关系" Connective="" Major_relationType="解说性" RelationType="因果性-;目的性-;条件性-;虚拟性-;反转性-;顺序性-;解说性+;例证性-;评价性-;并列性-;递进性-;选择性-" ConnectivePosition="" ConnectiveAttribute="不可添加" RoleLocation="normal" LanguageSense="true"/>
  </pragraph>
</doc>
