<?xml version="1.0" encoding="UTF-8"?>

<doc>
  <pragraph ID="2" content="1、广东省汕头市推进高新技术产业化，2、重点培育一批高附加值、高技术含量、有广阔市场前景的重大产业化项目。3、目前，高新技术已经成为汕头经济新的增长点。">
    <relative ID="1" Relation_Pair="1--2" Center="2" times="206" Sentence="广东省汕头市推进高新技术产业化，|重点培育一批高附加值、高技术含量、有广阔市场前景的重大产业化项目。" position="0...15--16...48" ConnectiveType="隐式关系" Connective="" Major_relationType="因果性" RelationType="因果性+;目的性-;条件性-;虚拟性-;反转性-;顺序性-;解说性-;例证性-;评价性-;并列性-;递进性-;选择性-" ConnectivePosition="" ConnectiveAttribute="不可添加" RoleLocation="normal" LanguageSense="true"/>
    <relative ID="2" Relation_Pair="2--3" Center="2" times="37" Sentence="重点培育一批高附加值、高技术含量、有广阔市场前景的重大产业化项目。|目前，高新技术已经成为汕头经济新的增长点。" position="16...48--49...69" ConnectiveType="隐式关系" Connective="" Major_relationType="因果性" RelationType="因果性+;目的性-;条件性-;虚拟性-;反转性-;顺序性+;解说性-;例证性-;评价性-;并列性-;递进性-;选择性-" ConnectivePosition="" ConnectiveAttribute="不可添加" RoleLocation="normal" LanguageSense="true"/>
  </pragraph>
  <pragraph ID="3" content="1、据汕头市科委主任张英强介绍，目前，汕头市已经初步形成了一批高新技术产业和骨干企业，2、其中，已被广东省科委认定的高新技术企业二十家，3、超声、海洋两家集团公司已被国家科委认定为“全国首批国家重点高新技术企业集团”。">
    <relative ID="1" Relation_Pair="1--2" Center="1" times="21" Sentence="据汕头市科委主任张英强介绍，目前，汕头市已经初步形成了一批高新技术产业和骨干企业，|其中，已被广东省科委认定的高新技术企业二十家，" position="0...40--41...63" ConnectiveType="显式关系" Connective="其中" Major_relationType="解说性" RelationType="因果性-;目的性-;条件性-;虚拟性-;反转性-;顺序性-;解说性+;例证性-;评价性-;并列性-;递进性-;选择性-" ConnectivePosition="42…44" ConnectiveAttribute="不可删除" RoleLocation="normal" LanguageSense="true"/>
    <relative ID="2" Relation_Pair="2--3" Center="1" times="26" Sentence="其中，已被广东省科委认定的高新技术企业二十家，|超声、海洋两家集团公司已被国家科委认定为“全国首批国家重点高新技术企业集团”。" position="41...63--64...102" ConnectiveType="隐式关系" Connective="" Major_relationType="解说性" RelationType="因果性-;目的性-;条件性-;虚拟性-;反转性-;顺序性-;解说性+;例证性-;评价性-;并列性-;递进性-;选择性-" ConnectivePosition="" ConnectiveAttribute="不可添加" RoleLocation="normal" LanguageSense="true"/>
  </pragraph>
  <pragraph ID="5" content="1、电动汽车是中国“九五”期间（一九九六至二０００年）的重大科技产业化工程项目。2、国家把电动汽车运行试验示范区定点在汕头市南澳县，3、目前已开始在汕头和南澳县试运行。">
    <relative ID="1" Relation_Pair="1--2" Center="2" times="54" Sentence="电动汽车是中国“九五”期间（一九九六至二０００年）的重大科技产业化工程项目。|国家把电动汽车运行试验示范区定点在汕头市南澳县，" position="0...37--38...61" ConnectiveType="隐式关系" Connective="" Major_relationType="解说性" RelationType="因果性-;目的性-;条件性-;虚拟性-;反转性-;顺序性-;解说性+;例证性-;评价性-;并列性-;递进性-;选择性-" ConnectivePosition="" ConnectiveAttribute="不可添加" RoleLocation="normal" LanguageSense="true"/>
    <relative ID="2" Relation_Pair="2--3" Center="2" times="22" Sentence="国家把电动汽车运行试验示范区定点在汕头市南澳县，|目前已开始在汕头和南澳县试运行。" position="38...61--62...77" ConnectiveType="隐式关系" Connective="" Major_relationType="因果性" RelationType="因果性+;目的性-;条件性-;虚拟性-;反转性-;顺序性+;解说性-;例证性-;评价性-;并列性-;递进性-;选择性-" ConnectivePosition="" ConnectiveAttribute="不可添加" RoleLocation="normal" LanguageSense="true"/>
  </pragraph>
  <pragraph ID="6" content="1、汕头市是中国五大经济特区之一。2、一九九三年以来，汕头市政府先后提出“科教兴市”和“创办科技型经济特区”的战略方针，3、颁布实施“科技攀登计划”，4、采取一系列措施加速科技进步。5、目前，科技进步对该市经济增长的贡献率达百分之四十点六，6、科技工作呈现良好的发展势头。">
    <relative ID="1" Relation_Pair="1--2" Center="2" times="51" Sentence="汕头市是中国五大经济特区之一。|一九九三年以来，汕头市政府先后提出“科教兴市”和“创办科技型经济特区”的战略方针，" position="0...14--15...55" ConnectiveType="隐式关系" Connective="" Major_relationType="解说性" RelationType="因果性-;目的性-;条件性-;虚拟性-;反转性-;顺序性-;解说性+;例证性-;评价性-;并列性-;递进性-;选择性-" ConnectivePosition="" ConnectiveAttribute="不可添加" RoleLocation="normal" LanguageSense="true"/>
    <relative ID="2" Relation_Pair="2--5" Center="2" times="9" Sentence="一九九三年以来，汕头市政府先后提出“科教兴市”和“创办科技型经济特区”的战略方针，|目前，科技进步对该市经济增长的贡献率达百分之四十点六，" position="15...55--83...109" ConnectiveType="隐式关系" Connective="" Major_relationType="因果性" RelationType="因果性+;目的性-;条件性-;虚拟性-;反转性-;顺序性+;解说性-;例证性-;评价性-;并列性-;递进性-;选择性-" ConnectivePosition="" ConnectiveAttribute="不可添加" RoleLocation="normal" LanguageSense="true"/>
    <relative ID="3" Relation_Pair="3--5" Center="2" times="9" Sentence="颁布实施“科技攀登计划”，|目前，科技进步对该市经济增长的贡献率达百分之四十点六，" position="56...68--83...109" ConnectiveType="隐式关系" Connective="" Major_relationType="因果性" RelationType="因果性+;目的性-;条件性-;虚拟性-;反转性-;顺序性+;解说性-;例证性-;评价性-;并列性-;递进性-;选择性-" ConnectivePosition="" ConnectiveAttribute="不可添加" RoleLocation="normal" LanguageSense="true"/>
    <relative ID="4" Relation_Pair="4--5" Center="2" times="10" Sentence="采取一系列措施加速科技进步。|目前，科技进步对该市经济增长的贡献率达百分之四十点六，" position="69...82--83...109" ConnectiveType="隐式关系" Connective="" Major_relationType="因果性" RelationType="因果性+;目的性-;条件性-;虚拟性-;反转性-;顺序性+;解说性-;例证性-;评价性-;并列性-;递进性-;选择性-" ConnectivePosition="" ConnectiveAttribute="不可添加" RoleLocation="normal" LanguageSense="true"/>
    <relative ID="5" Relation_Pair="5--6" Center="1" times="14" Sentence="目前，科技进步对该市经济增长的贡献率达百分之四十点六，|科技工作呈现良好的发展势头。" position="83...109--110...123" ConnectiveType="隐式关系" Connective="" Major_relationType="评价性" RelationType="因果性-;目的性-;条件性-;虚拟性-;反转性-;顺序性-;解说性-;例证性-;评价性+;并列性-;递进性-;选择性-" ConnectivePosition="" ConnectiveAttribute="不可添加" RoleLocation="normal" LanguageSense="true"/>
  </pragraph>
  <pragraph ID="7" content="1、汕头高新技术开发区建设初具规模。2、首期开发的一平方公里的东片区，已建成厂房面积二十五万平方米，3、在建厂房四十幢，4、电力开关站、保税区、科技宾馆等一批配套设施已相继建成。5、目前，进区高科技项目一百六十五项，6、协议总投资额六十二亿元人民币，7、其中外资占一半。8、入区企业一百二十二家，9、已有七十家拥有自己的产品。10、高新区建立三年来，技工贸总收入累计达三十三亿元，11、工业总产值为二十四亿元，12、出口创汇达六千多万美元。">
    <relative ID="1" Relation_Pair="2--3" Center="3" times="23" Sentence="首期开发的一平方公里的东片区，已建成厂房面积二十五万平方米，|在建厂房四十幢，" position="16...45--46...53" ConnectiveType="隐式关系" Connective="" Major_relationType="并列性" RelationType="因果性-;目的性-;条件性-;虚拟性-;反转性-;顺序性-;解说性-;例证性-;评价性-;并列性+;递进性-;选择性-" ConnectivePosition="" ConnectiveAttribute="不可添加" RoleLocation="normal" LanguageSense="true"/>
    <relative ID="2" Relation_Pair="3--4" Center="3" times="7" Sentence="在建厂房四十幢，|电力开关站、保税区、科技宾馆等一批配套设施已相继建成。" position="46...53--54...80" ConnectiveType="隐式关系" Connective="" Major_relationType="并列性" RelationType="因果性-;目的性-;条件性-;虚拟性-;反转性-;顺序性-;解说性-;例证性-;评价性-;并列性+;递进性-;选择性-" ConnectivePosition="" ConnectiveAttribute="不可添加" RoleLocation="normal" LanguageSense="true"/>
    <relative ID="3" Relation_Pair="5--6" Center="3" times="18" Sentence="目前，进区高科技项目一百六十五项，|协议总投资额六十二亿元人民币，" position="81...97--98...112" ConnectiveType="隐式关系" Connective="" Major_relationType="并列性" RelationType="因果性-;目的性-;条件性-;虚拟性-;反转性-;顺序性-;解说性+;例证性-;评价性-;并列性+;递进性-;选择性-" ConnectivePosition="" ConnectiveAttribute="不可添加" RoleLocation="normal" LanguageSense="true"/>
    <relative ID="4" Relation_Pair="6--7" Center="1" times="15" Sentence="协议总投资额六十二亿元人民币，|其中外资占一半。" position="98...112--113...120" ConnectiveType="显式关系" Connective="其中" Major_relationType="解说性" RelationType="因果性-;目的性-;条件性-;虚拟性-;反转性-;顺序性-;解说性+;例证性-;评价性-;并列性-;递进性-;选择性-" ConnectivePosition="119…121" ConnectiveAttribute="不可删除" RoleLocation="normal" LanguageSense="true"/>
    <relative ID="5" Relation_Pair="8--9" Center="1" times="11" Sentence="入区企业一百二十二家，|已有七十家拥有自己的产品。" position="121...131--132...144" ConnectiveType="隐式关系" Connective="" Major_relationType="解说性" RelationType="因果性-;目的性-;条件性-;虚拟性-;反转性-;顺序性-;解说性+;例证性-;评价性-;并列性-;递进性-;选择性-" ConnectivePosition="" ConnectiveAttribute="不可添加" RoleLocation="normal" LanguageSense="true"/>
    <relative ID="6" Relation_Pair="10--11" Center="3" times="12" Sentence="高新区建立三年来，技工贸总收入累计达三十三亿元，|工业总产值为二十四亿元，" position="145...168--169...180" ConnectiveType="隐式关系" Connective="" Major_relationType="并列性" RelationType="因果性-;目的性-;条件性-;虚拟性-;反转性-;顺序性-;解说性-;例证性-;评价性-;并列性+;递进性-;选择性-" ConnectivePosition="" ConnectiveAttribute="不可添加" RoleLocation="normal" LanguageSense="true"/>
    <relative ID="7" Relation_Pair="11--12" Center="3" times="13" Sentence="工业总产值为二十四亿元，|出口创汇达六千多万美元。" position="169...180--181...192" ConnectiveType="隐式关系" Connective="" Major_relationType="并列性" RelationType="因果性-;目的性-;条件性-;虚拟性-;反转性-;顺序性-;解说性-;例证性-;评价性-;并列性+;递进性-;选择性-" ConnectivePosition="" ConnectiveAttribute="不可添加" RoleLocation="normal" LanguageSense="true"/>
    <relative ID="8" Relation_Pair="1--2" Center="1" times="8" Sentence="汕头高新技术开发区建设初具规模。|首期开发的一平方公里的东片区，已建成厂房面积二十五万平方米，" position="0...15--16...45" ConnectiveType="隐式关系" Connective="" Major_relationType="解说性" RelationType="因果性-;目的性-;条件性-;虚拟性-;反转性-;顺序性-;解说性+;例证性-;评价性-;并列性-;递进性-;选择性-" ConnectivePosition="" ConnectiveAttribute="不可添加" RoleLocation="normal" LanguageSense="true"/>
    <relative ID="9" Relation_Pair="1--5" Center="1" times="7" Sentence="汕头高新技术开发区建设初具规模。|目前，进区高科技项目一百六十五项，" position="0...15--81...97" ConnectiveType="隐式关系" Connective="" Major_relationType="解说性" RelationType="因果性-;目的性-;条件性-;虚拟性-;反转性-;顺序性-;解说性+;例证性-;评价性-;并列性-;递进性-;选择性-" ConnectivePosition="" ConnectiveAttribute="不可添加" RoleLocation="normal" LanguageSense="true"/>
    <relative ID="10" Relation_Pair="5--8" Center="1" times="19" Sentence="目前，进区高科技项目一百六十五项，|入区企业一百二十二家，" position="81...97--121...131" ConnectiveType="隐式关系" Connective="" Major_relationType="因果性" RelationType="因果性+;目的性-;条件性-;虚拟性-;反转性-;顺序性-;解说性-;例证性-;评价性-;并列性-;递进性-;选择性-" ConnectivePosition="" ConnectiveAttribute="不可添加" RoleLocation="normal" LanguageSense="true"/>
    <relative ID="11" Relation_Pair="1--10" Center="1" times="10" Sentence="汕头高新技术开发区建设初具规模。|高新区建立三年来，技工贸总收入累计达三十三亿元，" position="0...15--145...168" ConnectiveType="隐式关系" Connective="" Major_relationType="解说性" RelationType="因果性-;目的性-;条件性-;虚拟性-;反转性-;顺序性-;解说性+;例证性-;评价性-;并列性-;递进性-;选择性-" ConnectivePosition="" ConnectiveAttribute="不可添加" RoleLocation="normal" LanguageSense="true"/>
  </pragraph>
  <pragraph ID="8" content="1、科技成果推广转化取得明显的成效。2、三年来，汕头市通过引进国内外科技成果进行开发应用，3、直接形成新产品、新材料、新工艺的项目近六百项，4、其中有直接经济效益的四百多项，5、创产值一百多亿元，6、创汇五亿多美元。">
    <relative ID="1" Relation_Pair="1--2" Center="1" times="10" Sentence="科技成果推广转化取得明显的成效。|三年来，汕头市通过引进国内外科技成果进行开发应用，" position="0...15--16...40" ConnectiveType="隐式关系" Connective="" Major_relationType="解说性" RelationType="因果性-;目的性-;条件性-;虚拟性-;反转性-;顺序性-;解说性+;例证性-;评价性-;并列性-;递进性-;选择性-" ConnectivePosition="" ConnectiveAttribute="不可添加" RoleLocation="normal" LanguageSense="true"/>
    <relative ID="2" Relation_Pair="2--3" Center="1" times="38" Sentence="三年来，汕头市通过引进国内外科技成果进行开发应用，|直接形成新产品、新材料、新工艺的项目近六百项，" position="16...40--41...63" ConnectiveType="隐式关系" Connective="" Major_relationType="因果性" RelationType="因果性+;目的性-;条件性-;虚拟性-;反转性-;顺序性+;解说性-;例证性-;评价性-;并列性-;递进性-;选择性-" ConnectivePosition="" ConnectiveAttribute="不可添加" RoleLocation="normal" LanguageSense="true"/>
    <relative ID="3" Relation_Pair="3--4" Center="1" times="21" Sentence="直接形成新产品、新材料、新工艺的项目近六百项，|其中有直接经济效益的四百多项，" position="41...63--64...78" ConnectiveType="显式关系" Connective="其中" Major_relationType="解说性" RelationType="因果性-;目的性-;条件性-;虚拟性-;反转性-;顺序性-;解说性+;例证性-;评价性-;并列性-;递进性-;选择性-" ConnectivePosition="67…69" ConnectiveAttribute="不可删除" RoleLocation="normal" LanguageSense="true"/>
    <relative ID="4" Relation_Pair="4--5" Center="1" times="37" Sentence="其中有直接经济效益的四百多项，|创产值一百多亿元，" position="64...78--79...87" ConnectiveType="隐式关系" Connective="" Major_relationType="因果性" RelationType="因果性+;目的性-;条件性-;虚拟性-;反转性-;顺序性-;解说性-;例证性-;评价性-;并列性-;递进性-;选择性-" ConnectivePosition="" ConnectiveAttribute="不可添加" RoleLocation="normal" LanguageSense="true"/>
    <relative ID="5" Relation_Pair="4--6" Center="1" times="9" Sentence="其中有直接经济效益的四百多项，|创汇五亿多美元。" position="64...78--88...95" ConnectiveType="隐式关系" Connective="" Major_relationType="因果性" RelationType="因果性+;目的性-;条件性-;虚拟性-;反转性-;顺序性-;解说性-;例证性-;评价性-;并列性-;递进性-;选择性-" ConnectivePosition="" ConnectiveAttribute="不可添加" RoleLocation="normal" LanguageSense="true"/>
  </pragraph>
  <pragraph ID="9" content="1、培育高新技术企业技术创新机制，2、使企业成为技术开发和技术应用的主体。3、汕头超声仪器研究所，坚持走引进和自主研究开发相结合的路子，4、先后研究开发四十多项高新技术产品，5、年产值逾一亿元，6、被誉为“中华Ｂ超”的超声显像诊断仪远销欧美国家和其他地区。">
    <relative ID="1" Relation_Pair="1--2" Center="2" times="15" Sentence="培育高新技术企业技术创新机制，|使企业成为技术开发和技术应用的主体。" position="0...14--15...32" ConnectiveType="隐式关系" Connective="" Major_relationType="因果性" RelationType="因果性+;目的性-;条件性-;虚拟性-;反转性-;顺序性-;解说性-;例证性-;评价性-;并列性-;递进性-;选择性-" ConnectivePosition="" ConnectiveAttribute="不可添加" RoleLocation="normal" LanguageSense="true"/>
    <relative ID="2" Relation_Pair="2--3" Center="1" times="12" Sentence="使企业成为技术开发和技术应用的主体。|汕头超声仪器研究所，坚持走引进和自主研究开发相结合的路子，" position="15...32--33...61" ConnectiveType="隐式关系" Connective="" Major_relationType="例证性" RelationType="因果性-;目的性-;条件性-;虚拟性-;反转性-;顺序性-;解说性-;例证性+;评价性-;并列性-;递进性-;选择性-" ConnectivePosition="" ConnectiveAttribute="不可添加" RoleLocation="normal" LanguageSense="true"/>
    <relative ID="3" Relation_Pair="3--4" Center="1" times="20" Sentence="汕头超声仪器研究所，坚持走引进和自主研究开发相结合的路子，|先后研究开发四十多项高新技术产品，" position="33...61--62...78" ConnectiveType="隐式关系" Connective="" Major_relationType="因果性" RelationType="因果性+;目的性-;条件性-;虚拟性-;反转性-;顺序性+;解说性-;例证性-;评价性-;并列性-;递进性-;选择性-" ConnectivePosition="" ConnectiveAttribute="不可添加" RoleLocation="normal" LanguageSense="true"/>
    <relative ID="4" Relation_Pair="4--5" Center="1" times="19" Sentence="先后研究开发四十多项高新技术产品，|年产值逾一亿元，" position="62...78--79...86" ConnectiveType="隐式关系" Connective="" Major_relationType="因果性" RelationType="因果性+;目的性-;条件性-;虚拟性-;反转性-;顺序性-;解说性-;例证性-;评价性-;并列性-;递进性-;选择性-" ConnectivePosition="" ConnectiveAttribute="不可添加" RoleLocation="normal" LanguageSense="true"/>
    <relative ID="5" Relation_Pair="5--6" Center="1" times="6" Sentence="年产值逾一亿元，|被誉为“中华Ｂ超”的超声显像诊断仪远销欧美国家和其他地区。" position="79...86--87...115" ConnectiveType="隐式关系" Connective="" Major_relationType="评价性" RelationType="因果性-;目的性-;条件性-;虚拟性-;反转性-;顺序性-;解说性-;例证性-;评价性+;并列性-;递进性-;选择性-" ConnectivePosition="" ConnectiveAttribute="不可添加" RoleLocation="normal" LanguageSense="true"/>
  </pragraph>
  <pragraph ID="11" content="1、此外，具有现代化设施的汕头科技馆已于今年十一月竣工投入使用。2、它作为汕头市开展国内外科技交流、科技服务和科技开发等科技活动的重要基地，3、对促进高新技术与经济紧密结合将发挥重要的作用。">
    <relative ID="1" Relation_Pair="2--3" Center="2" times="40" Sentence="它作为汕头市开展国内外科技交流、科技服务和科技开发等科技活动的重要基地，|对促进高新技术与经济紧密结合将发挥重要的作用。" position="30...65--66...88" ConnectiveType="隐式关系" Connective="" Major_relationType="因果性" RelationType="因果性+;目的性-;条件性-;虚拟性-;反转性-;顺序性-;解说性-;例证性-;评价性-;并列性-;递进性-;选择性-" ConnectivePosition="" ConnectiveAttribute="不可添加" RoleLocation="normal" LanguageSense="true"/>
    <relative ID="2" Relation_Pair="1--3" Center="2" times="33" Sentence="此外，具有现代化设施的汕头科技馆已于今年十一月竣工投入使用。|对促进高新技术与经济紧密结合将发挥重要的作用。" position="0...29--66...88" ConnectiveType="隐式关系" Connective="" Major_relationType="因果性" RelationType="因果性+;目的性-;条件性-;虚拟性-;反转性-;顺序性-;解说性-;例证性-;评价性-;并列性-;递进性-;选择性-" ConnectivePosition="" ConnectiveAttribute="不可添加" RoleLocation="normal" LanguageSense="true"/>
  </pragraph>
</doc>
