<?xml version="1.0" encoding="UTF-8"?>

<doc>
  <pragraph ID="2" content="1、陕西省将在明年春季“九八中国东西部合作与投资贸易洽谈会”上，推出一批国有小企业，2、面向国内外客商公开拍卖。">
    <relative ID="1" Relation_Pair="1--2" Center="2" times="9" Sentence="陕西省将在明年春季“九八中国东西部合作与投资贸易洽谈会”上，推出一批国有小企业，|面向国内外客商公开拍卖。" position="0...39--40...51" ConnectiveType="隐式关系" Connective="" Major_relationType="目的性" RelationType="因果性-;目的性+;条件性-;虚拟性+;反转性-;顺序性-;解说性-;例证性-;评价性-;并列性-;递进性-;选择性-" ConnectivePosition="" ConnectiveAttribute="不可添加" RoleLocation="normal" LanguageSense="true"/>
  </pragraph>
  <pragraph ID="3" content="1、这个省目前已制定优惠政策，2、鼓励省内外国有企业、集体企业、私营企业、民营科技企业、外资企业和社会自然人，以各种方式参与陕西国有小企业改革。3、鼓励国有小企业跨行业、跨地区、跨所有制寻找合作对象，4、主动与优势企业“联姻结亲”和互相兼并。">
    <relative ID="1" Relation_Pair="1--2" Center="2" times="21" Sentence="这个省目前已制定优惠政策，|鼓励省内外国有企业、集体企业、私营企业、民营科技企业、外资企业和社会自然人，以各种方式参与陕西国有小企业改革。" position="0...12--13...67" ConnectiveType="隐式关系" Connective="" Major_relationType="目的性" RelationType="因果性-;目的性+;条件性-;虚拟性-;反转性-;顺序性-;解说性-;例证性-;评价性-;并列性-;递进性-;选择性-" ConnectivePosition="" ConnectiveAttribute="不可添加" RoleLocation="normal" LanguageSense="true"/>
    <relative ID="2" Relation_Pair="1--3" Center="2" times="8" Sentence="这个省目前已制定优惠政策，|鼓励国有小企业跨行业、跨地区、跨所有制寻找合作对象，" position="0...12--68...93" ConnectiveType="隐式关系" Connective="" Major_relationType="目的性" RelationType="因果性-;目的性+;条件性-;虚拟性-;反转性-;顺序性-;解说性-;例证性-;评价性-;并列性-;递进性-;选择性-" ConnectivePosition="" ConnectiveAttribute="不可添加" RoleLocation="normal" LanguageSense="true"/>
    <relative ID="3" Relation_Pair="3--4" Center="1" times="24" Sentence="鼓励国有小企业跨行业、跨地区、跨所有制寻找合作对象，|主动与优势企业“联姻结亲”和互相兼并。" position="68...93--94...112" ConnectiveType="隐式关系" Connective="" Major_relationType="因果性" RelationType="因果性+;目的性-;条件性-;虚拟性-;反转性-;顺序性+;解说性-;例证性-;评价性-;并列性-;递进性-;选择性-" ConnectivePosition="" ConnectiveAttribute="不可添加" RoleLocation="normal" LanguageSense="true"/>
  </pragraph>
  <pragraph ID="4" content="1、陕西国有小企业占国有企业总数的九成以上，2、固定资产占国有企业的三成上，3、职工人数占总数的五成以上。4、陕西省提出，明年将全省国有小企业基本上放开搞活。">
    <relative ID="1" Relation_Pair="1--2" Center="3" times="28" Sentence="陕西国有小企业占国有企业总数的九成以上，|固定资产占国有企业的三成上，" position="0...19--20...33" ConnectiveType="隐式关系" Connective="" Major_relationType="并列性" RelationType="因果性-;目的性-;条件性-;虚拟性-;反转性-;顺序性-;解说性-;例证性-;评价性-;并列性+;递进性-;选择性-" ConnectivePosition="" ConnectiveAttribute="不可添加" RoleLocation="normal" LanguageSense="true"/>
    <relative ID="2" Relation_Pair="2--3" Center="3" times="9" Sentence="固定资产占国有企业的三成上，|职工人数占总数的五成以上。" position="20...33--34...46" ConnectiveType="隐式关系" Connective="" Major_relationType="并列性" RelationType="因果性-;目的性-;条件性-;虚拟性-;反转性-;顺序性-;解说性-;例证性-;评价性-;并列性+;递进性-;选择性-" ConnectivePosition="" ConnectiveAttribute="不可添加" RoleLocation="normal" LanguageSense="true"/>
    <relative ID="3" Relation_Pair="3--4" Center="2" times="12" Sentence="职工人数占总数的五成以上。|陕西省提出，明年将全省国有小企业基本上放开搞活。" position="34...46--47...70" ConnectiveType="隐式关系" Connective="" Major_relationType="因果性" RelationType="因果性+;目的性-;条件性-;虚拟性+;反转性-;顺序性-;解说性-;例证性-;评价性-;并列性-;递进性-;选择性-" ConnectivePosition="" ConnectiveAttribute="不可添加" RoleLocation="normal" LanguageSense="true"/>
  </pragraph>
  <pragraph ID="5" content="1、日前出台的优惠政策包括，对有净资产、经营比较好的企业，企业资产出售给法人和社会自然人的，给予适当优惠；2、实行拍卖的，可减免有关税收；3、实行股份合作制改制的，国有净资产优先出售给本企业职工。4、企业产权转让的收入，除用于安置职工外，要集中起来再投资。">
    <relative ID="1" Relation_Pair="1--2" Center="3" times="7" Sentence="日前出台的优惠政策包括，对有净资产、经营比较好的企业，企业资产出售给法人和社会自然人的，给予适当优惠；|实行拍卖的，可减免有关税收；" position="0...50--51...64" ConnectiveType="隐式关系" Connective="" Major_relationType="并列性" RelationType="因果性-;目的性-;条件性-;虚拟性-;反转性-;顺序性-;解说性-;例证性-;评价性-;并列性+;递进性-;选择性-" ConnectivePosition="" ConnectiveAttribute="不可添加" RoleLocation="normal" LanguageSense="true"/>
    <relative ID="2" Relation_Pair="2--3" Center="3" times="9" Sentence="实行拍卖的，可减免有关税收；|实行股份合作制改制的，国有净资产优先出售给本企业职工。" position="51...64--65...91" ConnectiveType="隐式关系" Connective="" Major_relationType="并列性" RelationType="因果性-;目的性-;条件性-;虚拟性-;反转性-;顺序性-;解说性-;例证性-;评价性-;并列性+;递进性-;选择性-" ConnectivePosition="" ConnectiveAttribute="不可添加" RoleLocation="normal" LanguageSense="true"/>
    <relative ID="3" Relation_Pair="3--4" Center="3" times="28" Sentence="实行股份合作制改制的，国有净资产优先出售给本企业职工。|企业产权转让的收入，除用于安置职工外，要集中起来再投资。" position="65...91--92...119" ConnectiveType="隐式关系" Connective="" Major_relationType="并列性" RelationType="因果性-;目的性-;条件性-;虚拟性-;反转性-;顺序性-;解说性-;例证性-;评价性-;并列性+;递进性-;选择性-" ConnectivePosition="" ConnectiveAttribute="不可添加" RoleLocation="normal" LanguageSense="true"/>
  </pragraph>
  <pragraph ID="6" content="1、经评估资债相当的企业，实行“零资产”出售，2、债随资走。3、出售给本企业全体职工的，企业所有制形式和职工身份同时改变。4、出售给法人和社会自然人接受职工安置的，买断国有职工工龄的费用，5、可采用减免地方税收的办法解决；6、不安置职工的，买断国有职工工龄的费用，7、按财务隶属关系，在国有净资产出售收入中支付。">
    <relative ID="1" Relation_Pair="1--2" Center="1" times="49" Sentence="经评估资债相当的企业，实行“零资产”出售，|债随资走。" position="0...20--21...25" ConnectiveType="隐式关系" Connective="" Major_relationType="解说性" RelationType="因果性-;目的性-;条件性-;虚拟性-;反转性-;顺序性-;解说性+;例证性-;评价性-;并列性-;递进性-;选择性-" ConnectivePosition="" ConnectiveAttribute="不可添加" RoleLocation="normal" LanguageSense="true"/>
    <relative ID="2" Relation_Pair="1--3" Center="3" times="8" Sentence="经评估资债相当的企业，实行“零资产”出售，|出售给本企业全体职工的，企业所有制形式和职工身份同时改变。" position="0...20--26...54" ConnectiveType="隐式关系" Connective="" Major_relationType="并列性" RelationType="因果性-;目的性-;条件性-;虚拟性-;反转性-;顺序性-;解说性-;例证性-;评价性-;并列性+;递进性-;选择性-" ConnectivePosition="" ConnectiveAttribute="不可添加" RoleLocation="normal" LanguageSense="true"/>
    <relative ID="3" Relation_Pair="3--4" Center="3" times="7" Sentence="出售给本企业全体职工的，企业所有制形式和职工身份同时改变。|出售给法人和社会自然人接受职工安置的，买断国有职工工龄的费用，" position="26...54--55...85" ConnectiveType="隐式关系" Connective="" Major_relationType="并列性" RelationType="因果性-;目的性-;条件性-;虚拟性-;反转性-;顺序性-;解说性-;例证性-;评价性-;并列性+;递进性-;选择性-" ConnectivePosition="" ConnectiveAttribute="不可添加" RoleLocation="normal" LanguageSense="true"/>
    <relative ID="4" Relation_Pair="4--6" Center="3" times="7" Sentence="出售给法人和社会自然人接受职工安置的，买断国有职工工龄的费用，|不安置职工的，买断国有职工工龄的费用，" position="55...85--101...119" ConnectiveType="隐式关系" Connective="" Major_relationType="并列性" RelationType="因果性-;目的性-;条件性-;虚拟性-;反转性-;顺序性-;解说性-;例证性-;评价性-;并列性+;递进性-;选择性-" ConnectivePosition="" ConnectiveAttribute="不可添加" RoleLocation="normal" LanguageSense="true"/>
    <relative ID="5" Relation_Pair="4--5" Center="1" times="43" Sentence="出售给法人和社会自然人接受职工安置的，买断国有职工工龄的费用，|可采用减免地方税收的办法解决；" position="55...85--86...100" ConnectiveType="隐式关系" Connective="" Major_relationType="条件性" RelationType="因果性-;目的性-;条件性+;虚拟性-;反转性-;顺序性-;解说性-;例证性-;评价性-;并列性-;递进性-;选择性-" ConnectivePosition="" ConnectiveAttribute="不可添加" RoleLocation="normal" LanguageSense="true"/>
    <relative ID="6" Relation_Pair="6--7" Center="1" times="12" Sentence="不安置职工的，买断国有职工工龄的费用，|按财务隶属关系，在国有净资产出售收入中支付。" position="101...119--120...141" ConnectiveType="隐式关系" Connective="" Major_relationType="条件性" RelationType="因果性-;目的性-;条件性+;虚拟性-;反转性-;顺序性-;解说性-;例证性-;评价性-;并列性-;递进性-;选择性-" ConnectivePosition="" ConnectiveAttribute="不可添加" RoleLocation="normal" LanguageSense="true"/>
  </pragraph>
  <pragraph ID="7" content="1、对资不抵债、濒临破产的企业，可以采取改组企业管理层、改变企业资产经营形式、引导企业组织结构调整等措施，2、予以重组。3、对救活无望的企业，坚决实行依法破产。4、破产时，资产变现的收入首先用于安置职工，5、不足部分用土地出让金弥补。">
    <relative ID="1" Relation_Pair="1--2" Center="2" times="39" Sentence="对资不抵债、濒临破产的企业，可以采取改组企业管理层、改变企业资产经营形式、引导企业组织结构调整等措施，|予以重组。" position="0...50--51...55" ConnectiveType="隐式关系" Connective="" Major_relationType="因果性" RelationType="因果性+;目的性-;条件性-;虚拟性-;反转性-;顺序性-;解说性-;例证性-;评价性-;并列性-;递进性-;选择性-" ConnectivePosition="" ConnectiveAttribute="不可添加" RoleLocation="normal" LanguageSense="true"/>
    <relative ID="2" Relation_Pair="2--3" Center="3" times="6" Sentence="予以重组。|对救活无望的企业，坚决实行依法破产。" position="51...55--56...73" ConnectiveType="隐式关系" Connective="" Major_relationType="并列性" RelationType="因果性-;目的性-;条件性-;虚拟性-;反转性-;顺序性-;解说性-;例证性-;评价性-;并列性+;递进性-;选择性-" ConnectivePosition="" ConnectiveAttribute="不可添加" RoleLocation="normal" LanguageSense="true"/>
    <relative ID="3" Relation_Pair="3--4" Center="1" times="9" Sentence="对救活无望的企业，坚决实行依法破产。|破产时，资产变现的收入首先用于安置职工，" position="56...73--74...93" ConnectiveType="隐式关系" Connective="" Major_relationType="解说性" RelationType="因果性-;目的性-;条件性-;虚拟性-;反转性-;顺序性-;解说性+;例证性-;评价性-;并列性-;递进性-;选择性-" ConnectivePosition="" ConnectiveAttribute="不可添加" RoleLocation="normal" LanguageSense="true"/>
    <relative ID="4" Relation_Pair="3--5" Center="1" times="13" Sentence="对救活无望的企业，坚决实行依法破产。|不足部分用土地出让金弥补。" position="56...73--94...106" ConnectiveType="隐式关系" Connective="" Major_relationType="解说性" RelationType="因果性-;目的性-;条件性-;虚拟性-;反转性-;顺序性-;解说性+;例证性-;评价性-;并列性-;递进性-;选择性-" ConnectivePosition="" ConnectiveAttribute="不可添加" RoleLocation="normal" LanguageSense="true"/>
  </pragraph>
  <pragraph ID="8" content="1、股份合作制是放开国有小企业的重要形式，2、按此形式改制的企业可享受所得税超基数返还、不动产暂免征收营业税等优惠政策。3、实行兼并的，兼并方享受被并企业原有的政策性亏损补贴，4、也可用企业公积金补亏，5、不足部分可税前列支。6、改制企业的非银行债务，可将债权转为股权；7、缴纳税款有困难的，可实行“陈欠暂缓、新税不欠、挂税免罚、逐年缴清”。">
    <relative ID="1" Relation_Pair="1--2" Center="2" times="141" Sentence="股份合作制是放开国有小企业的重要形式，|按此形式改制的企业可享受所得税超基数返还、不动产暂免征收营业税等优惠政策。" position="0...18--19...55" ConnectiveType="隐式关系" Connective="" Major_relationType="解说性" RelationType="因果性-;目的性-;条件性-;虚拟性-;反转性-;顺序性-;解说性+;例证性-;评价性-;并列性-;递进性-;选择性-" ConnectivePosition="" ConnectiveAttribute="不可添加" RoleLocation="normal" LanguageSense="true"/>
    <relative ID="2" Relation_Pair="2--3" Center="1" times="79" Sentence="按此形式改制的企业可享受所得税超基数返还、不动产暂免征收营业税等优惠政策。|实行兼并的，兼并方享受被并企业原有的政策性亏损补贴，" position="19...55--56...81" ConnectiveType="隐式关系" Connective="" Major_relationType="解说性" RelationType="因果性-;目的性-;条件性-;虚拟性-;反转性-;顺序性-;解说性+;例证性-;评价性-;并列性-;递进性-;选择性-" ConnectivePosition="" ConnectiveAttribute="不可添加" RoleLocation="normal" LanguageSense="true"/>
    <relative ID="3" Relation_Pair="2--4" Center="1" times="18" Sentence="按此形式改制的企业可享受所得税超基数返还、不动产暂免征收营业税等优惠政策。|也可用企业公积金补亏，" position="19...55--82...92" ConnectiveType="隐式关系" Connective="" Major_relationType="解说性" RelationType="因果性-;目的性-;条件性-;虚拟性-;反转性-;顺序性-;解说性+;例证性-;评价性-;并列性-;递进性-;选择性-" ConnectivePosition="" ConnectiveAttribute="不可添加" RoleLocation="normal" LanguageSense="true"/>
    <relative ID="4" Relation_Pair="4--5" Center="3" times="13" Sentence="也可用企业公积金补亏，|不足部分可税前列支。" position="82...92--93...102" ConnectiveType="隐式关系" Connective="" Major_relationType="并列性" RelationType="因果性-;目的性-;条件性-;虚拟性-;反转性-;顺序性-;解说性-;例证性-;评价性-;并列性+;递进性-;选择性-" ConnectivePosition="" ConnectiveAttribute="不可添加" RoleLocation="normal" LanguageSense="true"/>
    <relative ID="5" Relation_Pair="2--6" Center="1" times="26" Sentence="按此形式改制的企业可享受所得税超基数返还、不动产暂免征收营业税等优惠政策。|改制企业的非银行债务，可将债权转为股权；" position="19...55--103...122" ConnectiveType="隐式关系" Connective="" Major_relationType="解说性" RelationType="因果性-;目的性-;条件性-;虚拟性-;反转性-;顺序性-;解说性+;例证性-;评价性-;并列性-;递进性-;选择性-" ConnectivePosition="" ConnectiveAttribute="不可添加" RoleLocation="normal" LanguageSense="true"/>
    <relative ID="6" Relation_Pair="2--7" Center="1" times="9" Sentence="按此形式改制的企业可享受所得税超基数返还、不动产暂免征收营业税等优惠政策。|缴纳税款有困难的，可实行“陈欠暂缓、新税不欠、挂税免罚、逐年缴清”。" position="19...55--123...156" ConnectiveType="隐式关系" Connective="" Major_relationType="解说性" RelationType="因果性-;目的性-;条件性-;虚拟性-;反转性-;顺序性-;解说性+;例证性-;评价性-;并列性-;递进性-;选择性-" ConnectivePosition="" ConnectiveAttribute="不可添加" RoleLocation="normal" LanguageSense="true"/>
  </pragraph>
</doc>
