<?xml version="1.0" encoding="UTF-8"?>

<doc>
  <pragraph ID="2" content="1、台湾经济学家侯家驹周一在台湾《经济日报》上发表了题为《三谈戒急用忍》的文章，2、指出台湾当局对台商投资祖国大陆采取“戒急用忍”的限制政策将产生诸多弊端。">
    <relative ID="1" Relation_Pair="1--2" Center="2" times="55" Sentence="台湾经济学家侯家驹周一在台湾《经济日报》上发表了题为《三谈戒急用忍》的文章，|指出台湾当局对台商投资祖国大陆采取“戒急用忍”的限制政策将产生诸多弊端。" position="0...37--38...73" ConnectiveType="隐式关系" Connective="" Major_relationType="解说性" RelationType="因果性-;目的性-;条件性-;虚拟性-;反转性-;顺序性-;解说性+;例证性-;评价性-;并列性-;递进性-;选择性-" ConnectivePosition="" ConnectiveAttribute="不可添加" RoleLocation="normal" LanguageSense="true"/>
  </pragraph>
  <pragraph ID="3" content="1、侯家驹指出，台湾当局说“戒急用忍”是限制大型企业赴祖国大陆投资，2、对中小企业并无影响，3、实则非然。4、目前，台湾当局把资本额在六千万元台币以下作为中小企业，5、而事实上台湾目前的中小企业大都具有相当的规模，6、仅以去年排名前十位的中小企业为例，7、其营业净收入最少的为三十三点六五亿元台币，8、最高者达一百亿元台币。9、显然，实行“戒急用忍”的政策，10、结果是平白地损失在祖国大陆的很多商机。">
    <relative ID="1" Relation_Pair="1--2" Center="2" times="34" Sentence="侯家驹指出，台湾当局说“戒急用忍”是限制大型企业赴祖国大陆投资，|对中小企业并无影响，" position="0...31--32...41" ConnectiveType="隐式关系" Connective="" Major_relationType="因果性" RelationType="因果性+;目的性-;条件性-;虚拟性-;反转性-;顺序性-;解说性-;例证性-;评价性-;并列性-;递进性-;选择性-" ConnectivePosition="" ConnectiveAttribute="不可添加" RoleLocation="normal" LanguageSense="true"/>
    <relative ID="2" Relation_Pair="2--3" Center="2" times="17" Sentence="对中小企业并无影响，|实则非然。" position="32...41--42...46" ConnectiveType="隐式关系" Connective="" Major_relationType="因果性" RelationType="因果性+;目的性-;条件性-;虚拟性-;反转性-;顺序性-;解说性-;例证性-;评价性-;并列性-;递进性-;选择性-" ConnectivePosition="" ConnectiveAttribute="不可添加" RoleLocation="normal" LanguageSense="true"/>
    <relative ID="3" Relation_Pair="4--5" Center="2" times="25" Sentence="目前，台湾当局把资本额在六千万元台币以下作为中小企业，|而事实上台湾目前的中小企业大都具有相当的规模，" position="47...73--74...96" ConnectiveType="显式关系" Connective="而" Major_relationType="反转性" RelationType="因果性-;目的性-;条件性-;虚拟性-;反转性+;顺序性-;解说性-;例证性-;评价性-;并列性-;递进性-;选择性-" ConnectivePosition="78…79" ConnectiveAttribute="不可删除" RoleLocation="normal" LanguageSense="true"/>
    <relative ID="4" Relation_Pair="5--6" Center="1" times="9" Sentence="而事实上台湾目前的中小企业大都具有相当的规模，|仅以去年排名前十位的中小企业为例，" position="74...96--97...113" ConnectiveType="隐式关系" Connective="" Major_relationType="例证性" RelationType="因果性-;目的性-;条件性-;虚拟性-;反转性-;顺序性-;解说性-;例证性+;评价性-;并列性-;递进性-;选择性-" ConnectivePosition="" ConnectiveAttribute="不可添加" RoleLocation="normal" LanguageSense="true"/>
    <relative ID="5" Relation_Pair="6--7" Center="1" times="10" Sentence="仅以去年排名前十位的中小企业为例，|其营业净收入最少的为三十三点六五亿元台币，" position="97...113--114...134" ConnectiveType="隐式关系" Connective="" Major_relationType="解说性" RelationType="因果性-;目的性-;条件性-;虚拟性-;反转性-;顺序性-;解说性+;例证性-;评价性-;并列性-;递进性-;选择性-" ConnectivePosition="" ConnectiveAttribute="不可添加" RoleLocation="normal" LanguageSense="true"/>
    <relative ID="6" Relation_Pair="6--8" Center="1" times="10" Sentence="仅以去年排名前十位的中小企业为例，|最高者达一百亿元台币。" position="97...113--135...145" ConnectiveType="隐式关系" Connective="" Major_relationType="解说性" RelationType="因果性-;目的性-;条件性-;虚拟性-;反转性-;顺序性-;解说性+;例证性-;评价性-;并列性-;递进性-;选择性-" ConnectivePosition="" ConnectiveAttribute="不可添加" RoleLocation="normal" LanguageSense="true"/>
    <relative ID="7" Relation_Pair="3--5" Center="1" times="15" Sentence="实则非然。|而事实上台湾目前的中小企业大都具有相当的规模，" position="42...46--74...96" ConnectiveType="隐式关系" Connective="" Major_relationType="解说性" RelationType="因果性-;目的性-;条件性-;虚拟性-;反转性-;顺序性-;解说性+;例证性-;评价性-;并列性-;递进性-;选择性-" ConnectivePosition="" ConnectiveAttribute="不可添加" RoleLocation="normal" LanguageSense="true"/>
    <relative ID="8" Relation_Pair="9--10" Center="2" times="26" Sentence="显然，实行“戒急用忍”的政策，|结果是平白地损失在祖国大陆的很多商机。" position="146...160--161...179" ConnectiveType="隐式关系" Connective="" Major_relationType="因果性" RelationType="因果性+;目的性-;条件性-;虚拟性-;反转性-;顺序性+;解说性-;例证性-;评价性-;并列性-;递进性-;选择性-" ConnectivePosition="" ConnectiveAttribute="不可添加" RoleLocation="normal" LanguageSense="true"/>
    <relative ID="9" Relation_Pair="3--10" Center="1" times="24" Sentence="实则非然。|结果是平白地损失在祖国大陆的很多商机。" position="42...46--161...179" ConnectiveType="隐式关系" Connective="" Major_relationType="解说性" RelationType="因果性-;目的性-;条件性-;虚拟性-;反转性-;顺序性-;解说性+;例证性-;评价性-;并列性-;递进性-;选择性-" ConnectivePosition="" ConnectiveAttribute="不可添加" RoleLocation="normal" LanguageSense="true"/>
  </pragraph>
  <pragraph ID="4" content="1、侯家驹认为，“戒急用忍”的政策对于对祖国大陆的出口贸易也有影响。2、因为台湾对祖国大陆的出口中，有很大部分是由于台商在祖国大陆投资设厂而必须运去机器设备零组件及中间原材料的缘故。3、近年来，台湾从祖国大陆获得的贸易顺差累计已达八百亿美元，4、与台湾的外汇储备相差无几。5、在金融风暴未见缓和的今天，愈来愈凸显这一顺差的重要性。6、台湾岂能为了“戒急用忍”而降低对祖国大陆的出口？7、因为这将减少来自祖国大陆的贸易顺差。">
    <relative ID="1" Relation_Pair="1--2" Center="1" times="37" Sentence="侯家驹认为，“戒急用忍”的政策对于对祖国大陆的出口贸易也有影响。|因为台湾对祖国大陆的出口中，有很大部分是由于台商在祖国大陆投资设厂而必须运去机器设备零组件及中间原材料的缘故。" position="0...31--32...86" ConnectiveType="隐式关系" Connective="" Major_relationType="解说性" RelationType="因果性-;目的性-;条件性-;虚拟性-;反转性-;顺序性-;解说性+;例证性-;评价性-;并列性-;递进性-;选择性-" ConnectivePosition="" ConnectiveAttribute="不可添加" RoleLocation="normal" LanguageSense="true"/>
    <relative ID="2" Relation_Pair="3--4" Center="1" times="39" Sentence="近年来，台湾从祖国大陆获得的贸易顺差累计已达八百亿美元，|与台湾的外汇储备相差无几。" position="87...114--115...127" ConnectiveType="隐式关系" Connective="" Major_relationType="评价性" RelationType="因果性-;目的性-;条件性-;虚拟性-;反转性-;顺序性-;解说性-;例证性-;评价性+;并列性-;递进性-;选择性-" ConnectivePosition="" ConnectiveAttribute="不可添加" RoleLocation="normal" LanguageSense="true"/>
    <relative ID="3" Relation_Pair="3--5" Center="1" times="80" Sentence="近年来，台湾从祖国大陆获得的贸易顺差累计已达八百亿美元，|在金融风暴未见缓和的今天，愈来愈凸显这一顺差的重要性。" position="87...114--128...154" ConnectiveType="隐式关系" Connective="" Major_relationType="因果性" RelationType="因果性+;目的性-;条件性-;虚拟性-;反转性-;顺序性-;解说性+;例证性-;评价性-;并列性-;递进性-;选择性-" ConnectivePosition="" ConnectiveAttribute="不可添加" RoleLocation="normal" LanguageSense="true"/>
    <relative ID="4" Relation_Pair="6--7" Center="1" times="35" Sentence="台湾岂能为了“戒急用忍”而降低对祖国大陆的出口？|因为这将减少来自祖国大陆的贸易顺差。" position="155...178--179...196" ConnectiveType="显式关系" Connective="因为" Major_relationType="因果性" RelationType="因果性+;目的性-;条件性-;虚拟性-;反转性-;顺序性-;解说性-;例证性-;评价性-;并列性-;递进性-;选择性-" ConnectivePosition="185…187" ConnectiveAttribute="不可删除" RoleLocation="abnormal" LanguageSense="true"/>
    <relative ID="5" Relation_Pair="1--3" Center="1" times="31" Sentence="侯家驹认为，“戒急用忍”的政策对于对祖国大陆的出口贸易也有影响。|近年来，台湾从祖国大陆获得的贸易顺差累计已达八百亿美元，" position="0...31--87...114" ConnectiveType="隐式关系" Connective="" Major_relationType="解说性" RelationType="因果性-;目的性-;条件性-;虚拟性-;反转性-;顺序性-;解说性+;例证性-;评价性-;并列性-;递进性-;选择性-" ConnectivePosition="" ConnectiveAttribute="不可添加" RoleLocation="abnormal" LanguageSense="true"/>
    <relative ID="6" Relation_Pair="1--6" Center="1" times="17" Sentence="侯家驹认为，“戒急用忍”的政策对于对祖国大陆的出口贸易也有影响。|台湾岂能为了“戒急用忍”而降低对祖国大陆的出口？" position="0...31--155...178" ConnectiveType="隐式关系" Connective="" Major_relationType="因果性" RelationType="因果性+;目的性-;条件性-;虚拟性-;反转性-;顺序性-;解说性-;例证性-;评价性-;并列性-;递进性-;选择性-" ConnectivePosition="" ConnectiveAttribute="不可添加" RoleLocation="abnormal" LanguageSense="true"/>
  </pragraph>
  <pragraph ID="5" content="1、侯家驹指出，“戒急用忍”政策也阻碍了外商投资台湾。2、因为投资台湾的多数外商想借此方便与台资共同投资祖国大陆。3、因此，这一政策在阻碍本地企业发展的同时，4、也限制了外商投资台湾的意愿。">
    <relative ID="1" Relation_Pair="1--2" Center="1" times="17" Sentence="侯家驹指出，“戒急用忍”政策也阻碍了外商投资台湾。|因为投资台湾的多数外商想借此方便与台资共同投资祖国大陆。" position="0...24--25...52" ConnectiveType="显式关系" Connective="因为" Major_relationType="因果性" RelationType="因果性+;目的性-;条件性-;虚拟性-;反转性-;顺序性-;解说性-;例证性-;评价性-;并列性-;递进性-;选择性-" ConnectivePosition="26…28" ConnectiveAttribute="不可删除" RoleLocation="abnormal" LanguageSense="true"/>
    <relative ID="2" Relation_Pair="3--4" Center="3" times="15" Sentence="因此，这一政策在阻碍本地企业发展的同时，|也限制了外商投资台湾的意愿。" position="53...72--73...86" ConnectiveType="显式关系" Connective="也" Major_relationType="并列性" RelationType="因果性-;目的性-;条件性-;虚拟性-;反转性-;顺序性-;解说性-;例证性-;评价性-;并列性+;递进性-;选择性-" ConnectivePosition="76…77" ConnectiveAttribute="不可删除" RoleLocation="abnormal" LanguageSense="true"/>
    <relative ID="3" Relation_Pair="2--3" Center="1" times="17" Sentence="因为投资台湾的多数外商想借此方便与台资共同投资祖国大陆。|因此，这一政策在阻碍本地企业发展的同时，" position="25...52--53...72" ConnectiveType="隐式关系" Connective="" Major_relationType="因果性" RelationType="因果性+;目的性-;条件性-;虚拟性-;反转性-;顺序性-;解说性-;例证性-;评价性-;并列性-;递进性-;选择性-" ConnectivePosition="" ConnectiveAttribute="不可添加" RoleLocation="normal" LanguageSense="true"/>
  </pragraph>
  <pragraph ID="6" content="1、据悉，侯家驹针对“戒急用忍”政策已先后在台湾报纸上发表了三篇文章，2、指出台湾当局这一错误的大陆经贸政策是违反“自由经济基本哲学”，3、希望能对台湾当局“晓以利害”。">
    <relative ID="1" Relation_Pair="1--2" Center="2" times="22" Sentence="据悉，侯家驹针对“戒急用忍”政策已先后在台湾报纸上发表了三篇文章，|指出台湾当局这一错误的大陆经贸政策是违反“自由经济基本哲学”，" position="0...32--33...63" ConnectiveType="隐式关系" Connective="" Major_relationType="解说性" RelationType="因果性-;目的性-;条件性-;虚拟性-;反转性-;顺序性-;解说性+;例证性-;评价性-;并列性-;递进性-;选择性-" ConnectivePosition="" ConnectiveAttribute="不可添加" RoleLocation="normal" LanguageSense="true"/>
    <relative ID="2" Relation_Pair="2--3" Center="2" times="27" Sentence="指出台湾当局这一错误的大陆经贸政策是违反“自由经济基本哲学”，|希望能对台湾当局“晓以利害”。" position="33...63--64...78" ConnectiveType="隐式关系" Connective="" Major_relationType="因果性" RelationType="因果性+;目的性-;条件性-;虚拟性+;反转性-;顺序性+;解说性-;例证性-;评价性-;并列性-;递进性-;选择性-" ConnectivePosition="" ConnectiveAttribute="不可添加" RoleLocation="normal" LanguageSense="true"/>
  </pragraph>
</doc>
