<?xml version="1.0" encoding="UTF-8"?>

<doc>
  <pragraph ID="2" content="1、陕西省目前批准的外资项目已达二千四百多个，2、协议利用外资额四十多亿美元，3、实际引进外资超过十六亿美元。4、引进外资规模居中国西北五省区之首。">
    <relative ID="1" Relation_Pair="1--2" Center="2" times="24" Sentence="陕西省目前批准的外资项目已达二千四百多个，|协议利用外资额四十多亿美元，" position="0...20--21...34" ConnectiveType="隐式关系" Connective="" Major_relationType="因果性" RelationType="因果性+;目的性-;条件性-;虚拟性-;反转性-;顺序性-;解说性-;例证性-;评价性-;并列性+;递进性-;选择性-" ConnectivePosition="" ConnectiveAttribute="不可添加" RoleLocation="normal" LanguageSense="true"/>
    <relative ID="2" Relation_Pair="2--3" Center="3" times="26" Sentence="协议利用外资额四十多亿美元，|实际引进外资超过十六亿美元。" position="21...34--35...48" ConnectiveType="隐式关系" Connective="" Major_relationType="并列性" RelationType="因果性-;目的性-;条件性-;虚拟性-;反转性-;顺序性-;解说性-;例证性-;评价性-;并列性+;递进性-;选择性-" ConnectivePosition="" ConnectiveAttribute="不可添加" RoleLocation="normal" LanguageSense="true"/>
    <relative ID="3" Relation_Pair="3--4" Center="2" times="11" Sentence="实际引进外资超过十六亿美元。|引进外资规模居中国西北五省区之首。" position="35...48--49...65" ConnectiveType="隐式关系" Connective="" Major_relationType="评价性" RelationType="因果性-;目的性-;条件性-;虚拟性-;反转性-;顺序性-;解说性-;例证性-;评价性+;并列性-;递进性-;选择性-" ConnectivePosition="" ConnectiveAttribute="不可添加" RoleLocation="normal" LanguageSense="true"/>
  </pragraph>
  <pragraph ID="3" content="1、从一九九三年起，陕西省对招商引资工作进行了政策调整，2、吸收外商投资由优惠政策导向向市场导向转变，3、确立了“以资源换技术，以产权换资金，以市场换项目，以存量换增量”的利用外资新思路，4、并制定了《陕西省利用外资实施办法》、《陕西省外商投资企业管理办法》、《保护外商投资企业合法权益六项规定》等文件，5、为引进外资工作在更高层次展开，提供了可靠的政策保证。6、同时，建立起了有外贸、工商、税务等有关部门参与的高效优质综合服务体系、投资者人身资产和收益安全保障体系、符合国际惯例的涉外法规体系和灵敏快捷的信息体系，7、大大提高了办事效率和工作质量，8、全省利用外资规模迅速扩大。">
    <relative ID="1" Relation_Pair="1--2" Center="2" times="18" Sentence="从一九九三年起，陕西省对招商引资工作进行了政策调整，|吸收外商投资由优惠政策导向向市场导向转变，" position="0...25--26...46" ConnectiveType="隐式关系" Connective="" Major_relationType="解说性" RelationType="因果性-;目的性-;条件性-;虚拟性-;反转性-;顺序性-;解说性+;例证性-;评价性-;并列性-;递进性-;选择性-" ConnectivePosition="" ConnectiveAttribute="不可添加" RoleLocation="normal" LanguageSense="true"/>
    <relative ID="2" Relation_Pair="2--3" Center="2" times="12" Sentence="吸收外商投资由优惠政策导向向市场导向转变，|确立了“以资源换技术，以产权换资金，以市场换项目，以存量换增量”的利用外资新思路，" position="26...46--47...87" ConnectiveType="隐式关系" Connective="" Major_relationType="因果性" RelationType="因果性+;目的性-;条件性-;虚拟性-;反转性-;顺序性+;解说性-;例证性-;评价性-;并列性-;递进性-;选择性-" ConnectivePosition="" ConnectiveAttribute="不可添加" RoleLocation="normal" LanguageSense="true"/>
    <relative ID="3" Relation_Pair="3--4" Center="3" times="11" Sentence="确立了“以资源换技术，以产权换资金，以市场换项目，以存量换增量”的利用外资新思路，|并制定了《陕西省利用外资实施办法》、《陕西省外商投资企业管理办法》、《保护外商投资企业合法权益六项规定》等文件，" position="47...87--88...143" ConnectiveType="显式关系" Connective="并" Major_relationType="并列性" RelationType="因果性-;目的性-;条件性-;虚拟性-;反转性-;顺序性-;解说性-;例证性-;评价性-;并列性+;递进性-;选择性-" ConnectivePosition="91…92" ConnectiveAttribute="不可删除" RoleLocation="normal" LanguageSense="true"/>
    <relative ID="4" Relation_Pair="4--5" Center="1" times="74" Sentence="并制定了《陕西省利用外资实施办法》、《陕西省外商投资企业管理办法》、《保护外商投资企业合法权益六项规定》等文件，|为引进外资工作在更高层次展开，提供了可靠的政策保证。" position="88...143--144...169" ConnectiveType="隐式关系" Connective="" Major_relationType="因果性" RelationType="因果性+;目的性-;条件性-;虚拟性-;反转性-;顺序性-;解说性-;例证性-;评价性-;并列性-;递进性-;选择性-" ConnectivePosition="" ConnectiveAttribute="不可添加" RoleLocation="normal" LanguageSense="true"/>
    <relative ID="5" Relation_Pair="4--6" Center="3" times="23" Sentence="并制定了《陕西省利用外资实施办法》、《陕西省外商投资企业管理办法》、《保护外商投资企业合法权益六项规定》等文件，|同时，建立起了有外贸、工商、税务等有关部门参与的高效优质综合服务体系、投资者人身资产和收益安全保障体系、符合国际惯例的涉外法规体系和灵敏快捷的信息体系，" position="88...143--170...245" ConnectiveType="显式关系" Connective="同时" Major_relationType="并列性" RelationType="因果性-;目的性-;条件性-;虚拟性-;反转性-;顺序性-;解说性-;例证性-;评价性-;并列性+;递进性-;选择性-" ConnectivePosition="175…177" ConnectiveAttribute="不可删除" RoleLocation="normal" LanguageSense="true"/>
    <relative ID="6" Relation_Pair="6--7" Center="1" times="40" Sentence="同时，建立起了有外贸、工商、税务等有关部门参与的高效优质综合服务体系、投资者人身资产和收益安全保障体系、符合国际惯例的涉外法规体系和灵敏快捷的信息体系，|大大提高了办事效率和工作质量，" position="170...245--246...260" ConnectiveType="隐式关系" Connective="" Major_relationType="因果性" RelationType="因果性+;目的性-;条件性-;虚拟性-;反转性-;顺序性-;解说性-;例证性-;评价性-;并列性-;递进性-;选择性-" ConnectivePosition="" ConnectiveAttribute="不可添加" RoleLocation="normal" LanguageSense="true"/>
    <relative ID="7" Relation_Pair="6--8" Center="1" times="37" Sentence="同时，建立起了有外贸、工商、税务等有关部门参与的高效优质综合服务体系、投资者人身资产和收益安全保障体系、符合国际惯例的涉外法规体系和灵敏快捷的信息体系，|全省利用外资规模迅速扩大。" position="170...245--261...273" ConnectiveType="隐式关系" Connective="" Major_relationType="因果性" RelationType="因果性+;目的性-;条件性-;虚拟性-;反转性-;顺序性-;解说性-;例证性-;评价性-;并列性-;递进性-;选择性-" ConnectivePosition="" ConnectiveAttribute="不可添加" RoleLocation="normal" LanguageSense="true"/>
  </pragraph>
  <pragraph ID="4" content="1、陕西省日益改善的投资环境，吸引了大批外商前来投资办厂和洽谈生意。2、迄今为止，已有五十多个国家和地区的投资商在陕西开办了企业。3、美国英特尔公司、英国罗罗公司、韩国大宇公司、德国西门子公司、荷兰ＭＥＰ公司等一批跨国公司，均相继在陕西建立了合资或独资公司。">
    <relative ID="1" Relation_Pair="1--2" Center="2" times="73" Sentence="陕西省日益改善的投资环境，吸引了大批外商前来投资办厂和洽谈生意。|迄今为止，已有五十多个国家和地区的投资商在陕西开办了企业。" position="0...31--32...60" ConnectiveType="隐式关系" Connective="" Major_relationType="解说性" RelationType="因果性-;目的性-;条件性-;虚拟性-;反转性-;顺序性+;解说性+;例证性-;评价性-;并列性-;递进性-;选择性-" ConnectivePosition="" ConnectiveAttribute="不可添加" RoleLocation="normal" LanguageSense="true"/>
    <relative ID="2" Relation_Pair="2--3" Center="1" times="17" Sentence="迄今为止，已有五十多个国家和地区的投资商在陕西开办了企业。|美国英特尔公司、英国罗罗公司、韩国大宇公司、德国西门子公司、荷兰ＭＥＰ公司等一批跨国公司，均相继在陕西建立了合资或独资公司。" position="32...60--61...122" ConnectiveType="隐式关系" Connective="" Major_relationType="例证性" RelationType="因果性-;目的性-;条件性-;虚拟性-;反转性-;顺序性-;解说性-;例证性+;评价性-;并列性-;递进性-;选择性-" ConnectivePosition="" ConnectiveAttribute="不可添加" RoleLocation="normal" LanguageSense="true"/>
  </pragraph>
  <pragraph ID="5" content="1、目前，外商在陕西的投资区域已由关中平原辐射到陕南山区和陕北黄土高原，2、“三资”企业遍布全省十个地市，3、生产经营涉及电子、医药、食品、房地产和汽车制造等十多个行业，4、其中工业企业占三分之二。">
    <relative ID="1" Relation_Pair="1--2" Center="2" times="25" Sentence="目前，外商在陕西的投资区域已由关中平原辐射到陕南山区和陕北黄土高原，|“三资”企业遍布全省十个地市，" position="0...33--34...48" ConnectiveType="隐式关系" Connective="" Major_relationType="因果性" RelationType="因果性+;目的性-;条件性-;虚拟性-;反转性-;顺序性-;解说性-;例证性-;评价性-;并列性-;递进性-;选择性-" ConnectivePosition="" ConnectiveAttribute="不可添加" RoleLocation="normal" LanguageSense="true"/>
    <relative ID="2" Relation_Pair="2--3" Center="1" times="22" Sentence="“三资”企业遍布全省十个地市，|生产经营涉及电子、医药、食品、房地产和汽车制造等十多个行业，" position="34...48--49...78" ConnectiveType="隐式关系" Connective="" Major_relationType="解说性" RelationType="因果性-;目的性-;条件性-;虚拟性-;反转性-;顺序性-;解说性+;例证性-;评价性-;并列性-;递进性-;选择性-" ConnectivePosition="" ConnectiveAttribute="不可添加" RoleLocation="normal" LanguageSense="true"/>
    <relative ID="3" Relation_Pair="3--4" Center="1" times="12" Sentence="生产经营涉及电子、医药、食品、房地产和汽车制造等十多个行业，|其中工业企业占三分之二。" position="49...78--79...90" ConnectiveType="显式关系" Connective="其中" Major_relationType="解说性" RelationType="因果性-;目的性-;条件性-;虚拟性-;反转性-;顺序性-;解说性+;例证性-;评价性-;并列性-;递进性-;选择性-" ConnectivePosition="82…84" ConnectiveAttribute="不可删除" RoleLocation="normal" LanguageSense="true"/>
  </pragraph>
</doc>
