<?xml version="1.0" encoding="UTF-8"?>

<doc>
  <pragraph ID="2" content="1、地处中国西北部的甘肃省去年经济发展势头看好，2、逐渐形成“高增长、低通胀”的发展格局。">
    <relative ID="1" Relation_Pair="1--2" Center="2" times="28" Sentence="地处中国西北部的甘肃省去年经济发展势头看好，|逐渐形成“高增长、低通胀”的发展格局。" position="0...21--22...40" ConnectiveType="隐式关系" Connective="" Major_relationType="因果性" RelationType="因果性+;目的性-;条件性-;虚拟性-;反转性-;顺序性-;解说性-;例证性-;评价性-;并列性-;递进性-;选择性-" ConnectivePosition="" ConnectiveAttribute="不可添加" RoleLocation="normal" LanguageSense="true"/>
  </pragraph>
  <pragraph ID="3" content="1、甘肃一九九七年全省国内生产总值达七百八十一点三亿元，2、同比增长百分之八点三；3、零售物价涨幅则从上年的百分之六点六下降到百分之一点八，4、居民消费价格涨幅由百分之十九点八下降到百分之三。">
    <relative ID="1" Relation_Pair="1--2" Center="1" times="23" Sentence="甘肃一九九七年全省国内生产总值达七百八十一点三亿元，|同比增长百分之八点三；" position="0...25--26...36" ConnectiveType="隐式关系" Connective="" Major_relationType="评价性" RelationType="因果性-;目的性-;条件性-;虚拟性-;反转性-;顺序性-;解说性-;例证性-;评价性+;并列性+;递进性-;选择性-" ConnectivePosition="" ConnectiveAttribute="不可添加" RoleLocation="normal" LanguageSense="true"/>
    <relative ID="2" Relation_Pair="3--4" Center="3" times="29" Sentence="零售物价涨幅则从上年的百分之六点六下降到百分之一点八，|居民消费价格涨幅由百分之十九点八下降到百分之三。" position="37...63--64...87" ConnectiveType="隐式关系" Connective="" Major_relationType="并列性" RelationType="因果性-;目的性-;条件性-;虚拟性-;反转性-;顺序性-;解说性-;例证性-;评价性-;并列性+;递进性-;选择性-" ConnectivePosition="" ConnectiveAttribute="不可添加" RoleLocation="normal" LanguageSense="true"/>
    <relative ID="3" Relation_Pair="1--3" Center="3" times="7" Sentence="甘肃一九九七年全省国内生产总值达七百八十一点三亿元，|零售物价涨幅则从上年的百分之六点六下降到百分之一点八，" position="0...25--37...63" ConnectiveType="隐式关系" Connective="" Major_relationType="并列性" RelationType="因果性-;目的性-;条件性-;虚拟性-;反转性-;顺序性-;解说性-;例证性-;评价性-;并列性+;递进性-;选择性-" ConnectivePosition="" ConnectiveAttribute="不可添加" RoleLocation="normal" LanguageSense="true"/>
  </pragraph>
  <pragraph ID="4" content="1、甘肃省积极实施科技兴农战略，2、推广地膜覆盖、节水灌溉、集雨节灌等农业适用技术和增产措施，3、农业获得较好收成，4、全年粮食总产量达七十六点六亿公斤。5、全省全年有九十一点六万人解决了温饱问题。">
    <relative ID="1" Relation_Pair="1--3" Center="2" times="20" Sentence="甘肃省积极实施科技兴农战略，|农业获得较好收成，" position="0...13--43...51" ConnectiveType="隐式关系" Connective="" Major_relationType="因果性" RelationType="因果性+;目的性-;条件性-;虚拟性-;反转性-;顺序性+;解说性-;例证性-;评价性-;并列性-;递进性-;选择性-" ConnectivePosition="" ConnectiveAttribute="不可添加" RoleLocation="normal" LanguageSense="true"/>
    <relative ID="2" Relation_Pair="2--3" Center="2" times="8" Sentence="推广地膜覆盖、节水灌溉、集雨节灌等农业适用技术和增产措施，|农业获得较好收成，" position="14...42--43...51" ConnectiveType="隐式关系" Connective="" Major_relationType="因果性" RelationType="因果性+;目的性-;条件性-;虚拟性-;反转性-;顺序性+;解说性-;例证性-;评价性-;并列性-;递进性-;选择性-" ConnectivePosition="" ConnectiveAttribute="不可添加" RoleLocation="normal" LanguageSense="true"/>
    <relative ID="3" Relation_Pair="3--4" Center="2" times="9" Sentence="农业获得较好收成，|全年粮食总产量达七十六点六亿公斤。" position="43...51--52...68" ConnectiveType="隐式关系" Connective="" Major_relationType="解说性" RelationType="因果性-;目的性-;条件性-;虚拟性-;反转性-;顺序性-;解说性+;例证性-;评价性-;并列性-;递进性-;选择性-" ConnectivePosition="" ConnectiveAttribute="不可添加" RoleLocation="normal" LanguageSense="true"/>
    <relative ID="4" Relation_Pair="4--5" Center="1" times="42" Sentence="全年粮食总产量达七十六点六亿公斤。|全省全年有九十一点六万人解决了温饱问题。" position="52...68--69...88" ConnectiveType="隐式关系" Connective="" Major_relationType="因果性" RelationType="因果性+;目的性-;条件性-;虚拟性-;反转性-;顺序性-;解说性-;例证性-;评价性+;并列性-;递进性-;选择性-" ConnectivePosition="" ConnectiveAttribute="不可添加" RoleLocation="normal" LanguageSense="true"/>
  </pragraph>
  <pragraph ID="5" content="1、去年，甘肃省国有大中型企业效益开始回升，2、一至十月，净亏损比上年同期减少五千多万元。3、全年全省完成工业增加值二百八十七点一亿元，4、比上年增长百分之十点三。5、与此同时，固定资产投资力度加大，6、投资总额达二百六十亿元，7、同比增长百分之二十一。">
    <relative ID="1" Relation_Pair="1--2" Center="1" times="17" Sentence="去年，甘肃省国有大中型企业效益开始回升，|一至十月，净亏损比上年同期减少五千多万元。" position="0...19--20...40" ConnectiveType="隐式关系" Connective="" Major_relationType="解说性" RelationType="因果性-;目的性-;条件性-;虚拟性-;反转性-;顺序性-;解说性+;例证性-;评价性-;并列性-;递进性-;选择性-" ConnectivePosition="" ConnectiveAttribute="不可添加" RoleLocation="normal" LanguageSense="true"/>
    <relative ID="2" Relation_Pair="3--4" Center="1" times="8" Sentence="全年全省完成工业增加值二百八十七点一亿元，|比上年增长百分之十点三。" position="41...61--62...73" ConnectiveType="隐式关系" Connective="" Major_relationType="评价性" RelationType="因果性-;目的性-;条件性-;虚拟性-;反转性-;顺序性-;解说性-;例证性-;评价性+;并列性+;递进性-;选择性-" ConnectivePosition="" ConnectiveAttribute="不可添加" RoleLocation="normal" LanguageSense="true"/>
    <relative ID="3" Relation_Pair="6--7" Center="1" times="16" Sentence="投资总额达二百六十亿元，|同比增长百分之二十一。" position="90...101--102...112" ConnectiveType="隐式关系" Connective="" Major_relationType="评价性" RelationType="因果性-;目的性-;条件性-;虚拟性-;反转性-;顺序性-;解说性-;例证性-;评价性+;并列性+;递进性-;选择性-" ConnectivePosition="" ConnectiveAttribute="不可添加" RoleLocation="normal" LanguageSense="true"/>
    <relative ID="4" Relation_Pair="5--6" Center="2" times="12" Sentence="与此同时，固定资产投资力度加大，|投资总额达二百六十亿元，" position="74...89--90...101" ConnectiveType="隐式关系" Connective="" Major_relationType="因果性" RelationType="因果性+;目的性-;条件性-;虚拟性-;反转性-;顺序性-;解说性-;例证性-;评价性-;并列性-;递进性-;选择性-" ConnectivePosition="" ConnectiveAttribute="不可添加" RoleLocation="normal" LanguageSense="true"/>
    <relative ID="5" Relation_Pair="1--3" Center="1" times="48" Sentence="去年，甘肃省国有大中型企业效益开始回升，|全年全省完成工业增加值二百八十七点一亿元，" position="0...19--41...61" ConnectiveType="隐式关系" Connective="" Major_relationType="因果性" RelationType="因果性+;目的性-;条件性-;虚拟性-;反转性-;顺序性-;解说性-;例证性-;评价性-;并列性-;递进性-;选择性-" ConnectivePosition="" ConnectiveAttribute="不可添加" RoleLocation="normal" LanguageSense="true"/>
    <relative ID="6" Relation_Pair="1--6" Center="1" times="8" Sentence="去年，甘肃省国有大中型企业效益开始回升，|投资总额达二百六十亿元，" position="0...19--90...101" ConnectiveType="隐式关系" Connective="" Major_relationType="因果性" RelationType="因果性+;目的性-;条件性-;虚拟性-;反转性-;顺序性-;解说性-;例证性-;评价性-;并列性-;递进性-;选择性-" ConnectivePosition="" ConnectiveAttribute="不可添加" RoleLocation="normal" LanguageSense="true"/>
  </pragraph>
  <pragraph ID="6" content="1、此外，甘肃对外开放发展态势良好。2、全年出口创汇完成四亿美元，3、进口二点五亿美元。4、全年实际利用外资达二点六亿美元。">
    <relative ID="1" Relation_Pair="1--2" Center="1" times="348" Sentence="此外，甘肃对外开放发展态势良好。|全年出口创汇完成四亿美元，" position="0...15--16...28" ConnectiveType="隐式关系" Connective="" Major_relationType="解说性" RelationType="因果性-;目的性-;条件性-;虚拟性-;反转性-;顺序性-;解说性+;例证性-;评价性-;并列性-;递进性-;选择性-" ConnectivePosition="" ConnectiveAttribute="不可添加" RoleLocation="normal" LanguageSense="true"/>
    <relative ID="2" Relation_Pair="1--3" Center="1" times="7" Sentence="此外，甘肃对外开放发展态势良好。|进口二点五亿美元。" position="0...15--29...37" ConnectiveType="隐式关系" Connective="" Major_relationType="解说性" RelationType="因果性-;目的性-;条件性-;虚拟性-;反转性-;顺序性-;解说性+;例证性-;评价性-;并列性-;递进性-;选择性-" ConnectivePosition="" ConnectiveAttribute="不可添加" RoleLocation="normal" LanguageSense="true"/>
    <relative ID="3" Relation_Pair="1--4" Center="1" times="9" Sentence="此外，甘肃对外开放发展态势良好。|全年实际利用外资达二点六亿美元。" position="0...15--38...53" ConnectiveType="隐式关系" Connective="" Major_relationType="解说性" RelationType="因果性-;目的性-;条件性-;虚拟性-;反转性-;顺序性-;解说性+;例证性-;评价性-;并列性-;递进性-;选择性-" ConnectivePosition="" ConnectiveAttribute="不可添加" RoleLocation="normal" LanguageSense="true"/>
  </pragraph>
</doc>
