<?xml version="1.0" encoding="UTF-8"?>

<doc>
  <pragraph ID="2" content="1、——有利香港经济长期繁荣稳定。2、内地经济长期稳定地增长，3、香港经济将从充满活力的内地经济中获益。">
    <relative ID="1" Relation_Pair="2--3" Center="1" times="90" Sentence="内地经济长期稳定地增长，|香港经济将从充满活力的内地经济中获益。" position="15...26--27...45" ConnectiveType="隐式关系" Connective="" Major_relationType="因果性" RelationType="因果性+;目的性-;条件性-;虚拟性+;反转性-;顺序性-;解说性-;例证性-;评价性-;并列性-;递进性-;选择性-" ConnectivePosition="" ConnectiveAttribute="不可添加" RoleLocation="normal" LanguageSense="true"/>
    <relative ID="2" Relation_Pair="1--2" Center="1" times="18" Sentence="——有利香港经济长期繁荣稳定。|内地经济长期稳定地增长，" position="0...14--15...26" ConnectiveType="隐式关系" Connective="" Major_relationType="因果性" RelationType="因果性+;目的性-;条件性-;虚拟性-;反转性-;顺序性-;解说性-;例证性-;评价性-;并列性-;递进性-;选择性-" ConnectivePosition="" ConnectiveAttribute="不可添加" RoleLocation="normal" LanguageSense="true"/>
  </pragraph>
  <pragraph ID="3" content="1、——可以为香港提供更多的商业机会。2、随着内地贸易、金融、零售等服务业有步骤地对外开放，香港服务业将获得更广泛的发展空间。">
    <relative ID="1" Relation_Pair="1--2" Center="1" times="59" Sentence="——可以为香港提供更多的商业机会。|随着内地贸易、金融、零售等服务业有步骤地对外开放，香港服务业将获得更广泛的发展空间。" position="0...16--17...58" ConnectiveType="隐式关系" Connective="" Major_relationType="因果性" RelationType="因果性+;目的性-;条件性-;虚拟性-;反转性-;顺序性-;解说性+;例证性-;评价性-;并列性-;递进性-;选择性-" ConnectivePosition="" ConnectiveAttribute="不可添加" RoleLocation="normal" LanguageSense="true"/>
  </pragraph>
  <pragraph ID="4" content="1、——有利巩固香港的贸易和航运中心。2、到二０一０年，内地的对外贸易总额可望达到八千亿美元，3、无疑会增加对香港转口和转运的需求，4、有利巩固香港的贸易和航运中心地位。">
    <relative ID="1" Relation_Pair="3--4" Center="2" times="607" Sentence="无疑会增加对香港转口和转运的需求，|有利巩固香港的贸易和航运中心地位。" position="43...59--60...76" ConnectiveType="隐式关系" Connective="" Major_relationType="因果性" RelationType="因果性+;目的性-;条件性-;虚拟性-;反转性-;顺序性-;解说性-;例证性-;评价性-;并列性-;递进性-;选择性-" ConnectivePosition="" ConnectiveAttribute="不可添加" RoleLocation="normal" LanguageSense="true"/>
    <relative ID="2" Relation_Pair="1--2" Center="1" times="17" Sentence="——有利巩固香港的贸易和航运中心。|到二０一０年，内地的对外贸易总额可望达到八千亿美元，" position="0...16--17...42" ConnectiveType="隐式关系" Connective="" Major_relationType="解说性" RelationType="因果性-;目的性-;条件性-;虚拟性-;反转性-;顺序性-;解说性+;例证性-;评价性-;并列性-;递进性-;选择性-" ConnectivePosition="" ConnectiveAttribute="不可添加" RoleLocation="normal" LanguageSense="true"/>
    <relative ID="3" Relation_Pair="1--4" Center="3" times="8" Sentence="——有利巩固香港的贸易和航运中心。|有利巩固香港的贸易和航运中心地位。" position="0...16--60...76" ConnectiveType="隐式关系" Connective="" Major_relationType="并列性" RelationType="因果性-;目的性-;条件性-;虚拟性-;反转性-;顺序性-;解说性-;例证性-;评价性-;并列性+;递进性-;选择性-" ConnectivePosition="" ConnectiveAttribute="不可添加" RoleLocation="normal" LanguageSense="true"/>
    <relative ID="4" Relation_Pair="2--3" Center="1" times="47" Sentence="到二０一０年，内地的对外贸易总额可望达到八千亿美元，|无疑会增加对香港转口和转运的需求，" position="17...42--43...59" ConnectiveType="隐式关系" Connective="" Major_relationType="评价性" RelationType="因果性+;目的性-;条件性-;虚拟性+;反转性-;顺序性-;解说性-;例证性-;评价性+;并列性-;递进性-;选择性-" ConnectivePosition="" ConnectiveAttribute="不可添加" RoleLocation="normal" LanguageSense="true"/>
  </pragraph>
  <pragraph ID="5" content="1、——进一步推动香港金融市场的发展。2、随着国企改革的深入，将有更多的股份制企业到境外上市，3、香港将是国企境外上市的首选地点。4、这将扩大港股的规模、改善股市结构，5、推动香港债券市场的发展，6、香港也会出现更多的中国基金，7、这一切都将巩固和增强香港的国际金融中心地位。">
    <relative ID="1" Relation_Pair="1--2" Center="1" times="10" Sentence="——进一步推动香港金融市场的发展。|随着国企改革的深入，将有更多的股份制企业到境外上市，" position="0...16--17...42" ConnectiveType="隐式关系" Connective="" Major_relationType="解说性" RelationType="因果性-;目的性-;条件性-;虚拟性-;反转性-;顺序性-;解说性+;例证性-;评价性-;并列性-;递进性-;选择性-" ConnectivePosition="" ConnectiveAttribute="不可添加" RoleLocation="normal" LanguageSense="true"/>
    <relative ID="2" Relation_Pair="1--3" Center="1" times="8" Sentence="——进一步推动香港金融市场的发展。|香港将是国企境外上市的首选地点。" position="0...16--43...58" ConnectiveType="隐式关系" Connective="" Major_relationType="解说性" RelationType="因果性-;目的性-;条件性-;虚拟性-;反转性-;顺序性-;解说性+;例证性-;评价性-;并列性-;递进性-;选择性-" ConnectivePosition="" ConnectiveAttribute="不可添加" RoleLocation="normal" LanguageSense="true"/>
    <relative ID="3" Relation_Pair="1--4" Center="1" times="8" Sentence="——进一步推动香港金融市场的发展。|这将扩大港股的规模、改善股市结构，" position="0...16--59...75" ConnectiveType="隐式关系" Connective="" Major_relationType="解说性" RelationType="因果性-;目的性-;条件性-;虚拟性-;反转性-;顺序性-;解说性+;例证性-;评价性-;并列性-;递进性-;选择性-" ConnectivePosition="" ConnectiveAttribute="不可添加" RoleLocation="normal" LanguageSense="true"/>
    <relative ID="4" Relation_Pair="1--5" Center="1" times="9" Sentence="——进一步推动香港金融市场的发展。|推动香港债券市场的发展，" position="0...16--76...87" ConnectiveType="隐式关系" Connective="" Major_relationType="解说性" RelationType="因果性-;目的性-;条件性-;虚拟性-;反转性-;顺序性-;解说性+;例证性-;评价性-;并列性-;递进性-;选择性-" ConnectivePosition="" ConnectiveAttribute="不可添加" RoleLocation="normal" LanguageSense="true"/>
    <relative ID="5" Relation_Pair="1--6" Center="1" times="7" Sentence="——进一步推动香港金融市场的发展。|香港也会出现更多的中国基金，" position="0...16--88...101" ConnectiveType="隐式关系" Connective="" Major_relationType="解说性" RelationType="因果性-;目的性-;条件性-;虚拟性-;反转性-;顺序性-;解说性+;例证性-;评价性-;并列性-;递进性-;选择性-" ConnectivePosition="" ConnectiveAttribute="不可添加" RoleLocation="normal" LanguageSense="true"/>
    <relative ID="6" Relation_Pair="1--7" Center="1" times="11" Sentence="——进一步推动香港金融市场的发展。|这一切都将巩固和增强香港的国际金融中心地位。" position="0...16--102...123" ConnectiveType="隐式关系" Connective="" Major_relationType="解说性" RelationType="因果性-;目的性-;条件性-;虚拟性-;反转性-;顺序性-;解说性+;例证性-;评价性-;并列性-;递进性-;选择性-" ConnectivePosition="" ConnectiveAttribute="不可添加" RoleLocation="normal" LanguageSense="true"/>
  </pragraph>
  <pragraph ID="6" content="1、——有利增强香港产品的国际竞争力。2、通过内地和香港的经济互补关系，将两地优势结合起来，3、可增强港产品的国际竞争力。">
    <relative ID="1" Relation_Pair="2--3" Center="2" times="21" Sentence="通过内地和香港的经济互补关系，将两地优势结合起来，|可增强港产品的国际竞争力。" position="17...41--42...54" ConnectiveType="隐式关系" Connective="" Major_relationType="因果性" RelationType="因果性+;目的性-;条件性-;虚拟性-;反转性-;顺序性-;解说性-;例证性-;评价性-;并列性-;递进性-;选择性-" ConnectivePosition="" ConnectiveAttribute="不可添加" RoleLocation="normal" LanguageSense="true"/>
    <relative ID="2" Relation_Pair="1--2" Center="1" times="9" Sentence="——有利增强香港产品的国际竞争力。|通过内地和香港的经济互补关系，将两地优势结合起来，" position="0...16--17...41" ConnectiveType="隐式关系" Connective="" Major_relationType="解说性" RelationType="因果性-;目的性-;条件性-;虚拟性-;反转性-;顺序性-;解说性+;例证性-;评价性-;并列性-;递进性-;选择性-" ConnectivePosition="" ConnectiveAttribute="不可添加" RoleLocation="normal" LanguageSense="true"/>
    <relative ID="3" Relation_Pair="1--3" Center="3" times="8" Sentence="——有利增强香港产品的国际竞争力。|可增强港产品的国际竞争力。" position="0...16--42...54" ConnectiveType="隐式关系" Connective="" Major_relationType="并列性" RelationType="因果性-;目的性-;条件性-;虚拟性-;反转性-;顺序性-;解说性-;例证性-;评价性-;并列性+;递进性-;选择性-" ConnectivePosition="" ConnectiveAttribute="不可添加" RoleLocation="normal" LanguageSense="true"/>
  </pragraph>
</doc>
