<?xml version="1.0" encoding="UTF-8"?>

<doc>
  <pragraph ID="2" content="1、经过五年多的开发建设，海南洋浦经济开发区迎来工业建设高潮，2、五个工业启动项目有的竣工投产，3、有的即将动工兴建。">
    <relative ID="1" Relation_Pair="1--2" Center="1" times="77" Sentence="经过五年多的开发建设，海南洋浦经济开发区迎来工业建设高潮，|五个工业启动项目有的竣工投产，" position="0...28--29...43" ConnectiveType="隐式关系" Connective="" Major_relationType="因果性" RelationType="因果性+;目的性-;条件性-;虚拟性-;反转性-;顺序性-;解说性+;例证性-;评价性-;并列性-;递进性-;选择性-" ConnectivePosition="" ConnectiveAttribute="不可添加" RoleLocation="normal" LanguageSense="true"/>
    <relative ID="2" Relation_Pair="1--3" Center="1" times="6" Sentence="经过五年多的开发建设，海南洋浦经济开发区迎来工业建设高潮，|有的即将动工兴建。" position="0...28--44...52" ConnectiveType="隐式关系" Connective="" Major_relationType="因果性" RelationType="因果性+;目的性-;条件性-;虚拟性-;反转性-;顺序性-;解说性+;例证性-;评价性-;并列性-;递进性-;选择性-" ConnectivePosition="" ConnectiveAttribute="不可添加" RoleLocation="normal" LanguageSense="true"/>
  </pragraph>
  <pragraph ID="3" content="1、洋浦经济开发区管理局局长王永春说，开发区招商工作取得突破性进展，2、开发区建设已由土地开发迈向工业项目建设的新阶段。">
    <relative ID="1" Relation_Pair="1--2" Center="3" times="8" Sentence="洋浦经济开发区管理局局长王永春说，开发区招商工作取得突破性进展，|开发区建设已由土地开发迈向工业项目建设的新阶段。" position="0...31--32...55" ConnectiveType="隐式关系" Connective="" Major_relationType="并列性" RelationType="因果性-;目的性-;条件性-;虚拟性-;反转性-;顺序性-;解说性-;例证性-;评价性-;并列性+;递进性-;选择性-" ConnectivePosition="" ConnectiveAttribute="不可添加" RoleLocation="normal" LanguageSense="true"/>
  </pragraph>
  <pragraph ID="4" content="1、日前，洋浦开发区工业启动项目之一的六十万吨木浆厂已获国务院批准兴建。2、这个全国最大规模的木浆厂将由新加坡亚洲浆纸业股份有限公司投资十二点八三亿美元兴建，3、年产漂白商品木浆六十万吨。">
    <relative ID="1" Relation_Pair="2--3" Center="2" times="43" Sentence="这个全国最大规模的木浆厂将由新加坡亚洲浆纸业股份有限公司投资十二点八三亿美元兴建，|年产漂白商品木浆六十万吨。" position="34...74--75...87" ConnectiveType="隐式关系" Connective="" Major_relationType="因果性" RelationType="因果性+;目的性-;条件性-;虚拟性+;反转性-;顺序性-;解说性-;例证性-;评价性-;并列性-;递进性-;选择性-" ConnectivePosition="" ConnectiveAttribute="不可添加" RoleLocation="normal" LanguageSense="true"/>
    <relative ID="2" Relation_Pair="1--2" Center="2" times="21" Sentence="日前，洋浦开发区工业启动项目之一的六十万吨木浆厂已获国务院批准兴建。|这个全国最大规模的木浆厂将由新加坡亚洲浆纸业股份有限公司投资十二点八三亿美元兴建，" position="0...33--34...74" ConnectiveType="隐式关系" Connective="" Major_relationType="解说性" RelationType="因果性-;目的性-;条件性-;虚拟性-;反转性-;顺序性-;解说性+;例证性-;评价性-;并列性-;递进性-;选择性-" ConnectivePosition="" ConnectiveAttribute="不可添加" RoleLocation="normal" LanguageSense="true"/>
  </pragraph>
  <pragraph ID="5" content="1、首个工业启动项目－－金岛精米加工厂已于去年底竣工投产。2、这个由澳门远东（泰国）集团公司与海南省粮油集团公司等联合投资三千万美元兴建的精米加工厂，3、采用国外九十年代最先进的生产设备和工艺流程，4、年加工三十万吨糙米，5、加工后的精米百分之七十出口。">
    <relative ID="1" Relation_Pair="1--2" Center="1" times="34" Sentence="首个工业启动项目－－金岛精米加工厂已于去年底竣工投产。|这个由澳门远东（泰国）集团公司与海南省粮油集团公司等联合投资三千万美元兴建的精米加工厂，" position="0...26--27...70" ConnectiveType="隐式关系" Connective="" Major_relationType="解说性" RelationType="因果性-;目的性-;条件性-;虚拟性-;反转性-;顺序性-;解说性+;例证性-;评价性-;并列性-;递进性-;选择性-" ConnectivePosition="" ConnectiveAttribute="不可添加" RoleLocation="normal" LanguageSense="true"/>
    <relative ID="2" Relation_Pair="1--3" Center="1" times="8" Sentence="首个工业启动项目－－金岛精米加工厂已于去年底竣工投产。|采用国外九十年代最先进的生产设备和工艺流程，" position="0...26--71...92" ConnectiveType="隐式关系" Connective="" Major_relationType="解说性" RelationType="因果性-;目的性-;条件性-;虚拟性-;反转性-;顺序性-;解说性+;例证性-;评价性-;并列性-;递进性-;选择性-" ConnectivePosition="" ConnectiveAttribute="不可添加" RoleLocation="normal" LanguageSense="true"/>
    <relative ID="3" Relation_Pair="1--4" Center="1" times="7" Sentence="首个工业启动项目－－金岛精米加工厂已于去年底竣工投产。|年加工三十万吨糙米，" position="0...26--93...102" ConnectiveType="隐式关系" Connective="" Major_relationType="解说性" RelationType="因果性-;目的性-;条件性-;虚拟性-;反转性-;顺序性-;解说性+;例证性-;评价性-;并列性-;递进性-;选择性-" ConnectivePosition="" ConnectiveAttribute="不可添加" RoleLocation="normal" LanguageSense="true"/>
    <relative ID="4" Relation_Pair="1--5" Center="1" times="8" Sentence="首个工业启动项目－－金岛精米加工厂已于去年底竣工投产。|加工后的精米百分之七十出口。" position="0...26--103...116" ConnectiveType="隐式关系" Connective="" Major_relationType="解说性" RelationType="因果性-;目的性-;条件性-;虚拟性-;反转性-;顺序性-;解说性+;例证性-;评价性-;并列性-;递进性-;选择性-" ConnectivePosition="" ConnectiveAttribute="不可添加" RoleLocation="normal" LanguageSense="true"/>
  </pragraph>
  <pragraph ID="6" content="1、开发区的其他三个启动项目高速线材厂、橡木地板厂、浮法玻璃厂也将动工投产。2、此外，开发区已确定和可能确定的工业项目还有二十多个，3、包括油汽化工、钢铁厂、还原铁等，4、总投资约七十亿美元。">
    <relative ID="1" Relation_Pair="1--2" Center="3" times="64" Sentence="开发区的其他三个启动项目高速线材厂、橡木地板厂、浮法玻璃厂也将动工投产。|此外，开发区已确定和可能确定的工业项目还有二十多个，" position="0...35--36...61" ConnectiveType="显式关系" Connective="此外" Major_relationType="并列性" RelationType="因果性-;目的性-;条件性-;虚拟性-;反转性-;顺序性-;解说性-;例证性-;评价性-;并列性+;递进性-;选择性-" ConnectivePosition="37…39" ConnectiveAttribute="不可删除" RoleLocation="normal" LanguageSense="true"/>
    <relative ID="2" Relation_Pair="2--3" Center="1" times="32" Sentence="此外，开发区已确定和可能确定的工业项目还有二十多个，|包括油汽化工、钢铁厂、还原铁等，" position="36...61--62...77" ConnectiveType="显式关系" Connective="包括" Major_relationType="解说性" RelationType="因果性-;目的性-;条件性-;虚拟性-;反转性-;顺序性-;解说性+;例证性-;评价性-;并列性-;递进性-;选择性-" ConnectivePosition="64…66" ConnectiveAttribute="不可删除" RoleLocation="normal" LanguageSense="true"/>
    <relative ID="3" Relation_Pair="2--4" Center="3" times="18" Sentence="此外，开发区已确定和可能确定的工业项目还有二十多个，|总投资约七十亿美元。" position="36...61--78...87" ConnectiveType="隐式关系" Connective="" Major_relationType="并列性" RelationType="因果性+;目的性-;条件性-;虚拟性-;反转性-;顺序性-;解说性-;例证性-;评价性-;并列性+;递进性-;选择性-" ConnectivePosition="" ConnectiveAttribute="不可添加" RoleLocation="normal" LanguageSense="true"/>
  </pragraph>
  <pragraph ID="7" content="1、洋浦位于海南西部，2、是中国第一例由外商成片承包开发的工业开发区，3、享有目前国内最优惠、最开放的政策。4、过去五年间，土地开发商共投入四十亿港元用于电厂、区内主干道及地下管网、土地平整、邮电通讯等基础设施建设。">
    <relative ID="1" Relation_Pair="1--2" Center="3" times="32" Sentence="洋浦位于海南西部，|是中国第一例由外商成片承包开发的工业开发区，" position="0...8--9...30" ConnectiveType="隐式关系" Connective="" Major_relationType="并列性" RelationType="因果性-;目的性-;条件性-;虚拟性-;反转性-;顺序性-;解说性-;例证性-;评价性-;并列性+;递进性-;选择性-" ConnectivePosition="" ConnectiveAttribute="不可添加" RoleLocation="normal" LanguageSense="true"/>
    <relative ID="2" Relation_Pair="2--3" Center="2" times="179" Sentence="是中国第一例由外商成片承包开发的工业开发区，|享有目前国内最优惠、最开放的政策。" position="9...30--31...47" ConnectiveType="隐式关系" Connective="" Major_relationType="因果性" RelationType="因果性+;目的性-;条件性-;虚拟性-;反转性-;顺序性-;解说性-;例证性-;评价性-;并列性+;递进性-;选择性-" ConnectivePosition="" ConnectiveAttribute="不可添加" RoleLocation="normal" LanguageSense="true"/>
    <relative ID="3" Relation_Pair="3--4" Center="2" times="54" Sentence="享有目前国内最优惠、最开放的政策。|过去五年间，土地开发商共投入四十亿港元用于电厂、区内主干道及地下管网、土地平整、邮电通讯等基础设施建设。" position="31...47--48...99" ConnectiveType="隐式关系" Connective="" Major_relationType="因果性" RelationType="因果性+;目的性-;条件性-;虚拟性-;反转性-;顺序性-;解说性-;例证性-;评价性-;并列性-;递进性-;选择性-" ConnectivePosition="" ConnectiveAttribute="不可添加" RoleLocation="normal" LanguageSense="true"/>
  </pragraph>
</doc>
