<?xml version="1.0" encoding="UTF-8"?>

<doc>
  <pragraph ID="3" content="1、据俄通社━塔斯社报道，切尔诺梅尔金说，与１９９６年相比，俄罗斯去年国内生产总值增长百分之一点二，2、工业生产增长百分之三点二，3、零售商品总额增长百分之三点九，4、年通货膨胀率为百分之十一，5、是１９９６年的一半，6、居民收入增长百分之二点五。">
    <relative ID="1" Relation_Pair="1--2" Center="3" times="8" Sentence="据俄通社━塔斯社报道，切尔诺梅尔金说，与１９９６年相比，俄罗斯去年国内生产总值增长百分之一点二，|工业生产增长百分之三点二，" position="0...47--48...60" ConnectiveType="隐式关系" Connective="" Major_relationType="并列性" RelationType="因果性-;目的性-;条件性-;虚拟性-;反转性-;顺序性-;解说性-;例证性-;评价性-;并列性+;递进性-;选择性-" ConnectivePosition="" ConnectiveAttribute="不可添加" RoleLocation="normal" LanguageSense="true"/>
    <relative ID="2" Relation_Pair="2--3" Center="3" times="6" Sentence="工业生产增长百分之三点二，|零售商品总额增长百分之三点九，" position="48...60--61...75" ConnectiveType="隐式关系" Connective="" Major_relationType="并列性" RelationType="因果性-;目的性-;条件性-;虚拟性-;反转性-;顺序性-;解说性-;例证性-;评价性-;并列性+;递进性-;选择性-" ConnectivePosition="" ConnectiveAttribute="不可添加" RoleLocation="normal" LanguageSense="true"/>
    <relative ID="3" Relation_Pair="3--4" Center="3" times="7" Sentence="零售商品总额增长百分之三点九，|年通货膨胀率为百分之十一，" position="61...75--76...88" ConnectiveType="隐式关系" Connective="" Major_relationType="并列性" RelationType="因果性-;目的性-;条件性-;虚拟性-;反转性-;顺序性-;解说性-;例证性-;评价性-;并列性+;递进性-;选择性-" ConnectivePosition="" ConnectiveAttribute="不可添加" RoleLocation="normal" LanguageSense="true"/>
    <relative ID="4" Relation_Pair="4--5" Center="1" times="17" Sentence="年通货膨胀率为百分之十一，|是１９９６年的一半，" position="76...88--89...98" ConnectiveType="隐式关系" Connective="" Major_relationType="评价性" RelationType="因果性-;目的性-;条件性-;虚拟性-;反转性-;顺序性-;解说性-;例证性-;评价性+;并列性-;递进性-;选择性-" ConnectivePosition="" ConnectiveAttribute="不可添加" RoleLocation="normal" LanguageSense="true"/>
    <relative ID="5" Relation_Pair="4--6" Center="3" times="7" Sentence="年通货膨胀率为百分之十一，|居民收入增长百分之二点五。" position="76...88--99...111" ConnectiveType="隐式关系" Connective="" Major_relationType="并列性" RelationType="因果性-;目的性-;条件性-;虚拟性-;反转性-;顺序性-;解说性-;例证性-;评价性-;并列性+;递进性-;选择性-" ConnectivePosition="" ConnectiveAttribute="不可添加" RoleLocation="normal" LanguageSense="true"/>
  </pragraph>
  <pragraph ID="4" content="1、切尔诺梅尔金同时指出，去年国内也存在不少问题，2、例如，税收情况不佳，3、投资计划没有完成，4、外贸顺差减少，5、政府采取的财政金融措施不得力等等。">
    <relative ID="1" Relation_Pair="1--2" Center="1" times="17" Sentence="切尔诺梅尔金同时指出，去年国内也存在不少问题，|例如，税收情况不佳，" position="0...22--23...32" ConnectiveType="隐式关系" Connective="" Major_relationType="例证性" RelationType="因果性-;目的性-;条件性-;虚拟性-;反转性-;顺序性-;解说性+;例证性+;评价性-;并列性-;递进性-;选择性-" ConnectivePosition="" ConnectiveAttribute="不可添加" RoleLocation="normal" LanguageSense="true"/>
    <relative ID="2" Relation_Pair="1--3" Center="1" times="8" Sentence="切尔诺梅尔金同时指出，去年国内也存在不少问题，|投资计划没有完成，" position="0...22--33...41" ConnectiveType="隐式关系" Connective="" Major_relationType="例证性" RelationType="因果性-;目的性-;条件性-;虚拟性-;反转性-;顺序性-;解说性+;例证性+;评价性-;并列性-;递进性-;选择性-" ConnectivePosition="" ConnectiveAttribute="不可添加" RoleLocation="normal" LanguageSense="true"/>
    <relative ID="3" Relation_Pair="1--4" Center="1" times="9" Sentence="切尔诺梅尔金同时指出，去年国内也存在不少问题，|外贸顺差减少，" position="0...22--42...48" ConnectiveType="隐式关系" Connective="" Major_relationType="例证性" RelationType="因果性-;目的性-;条件性-;虚拟性-;反转性-;顺序性-;解说性+;例证性+;评价性-;并列性-;递进性-;选择性-" ConnectivePosition="" ConnectiveAttribute="不可添加" RoleLocation="normal" LanguageSense="true"/>
    <relative ID="4" Relation_Pair="1--5" Center="1" times="8" Sentence="切尔诺梅尔金同时指出，去年国内也存在不少问题，|政府采取的财政金融措施不得力等等。" position="0...22--49...65" ConnectiveType="隐式关系" Connective="" Major_relationType="例证性" RelationType="因果性-;目的性-;条件性-;虚拟性-;反转性-;顺序性-;解说性+;例证性+;评价性-;并列性-;递进性-;选择性-" ConnectivePosition="" ConnectiveAttribute="不可添加" RoleLocation="normal" LanguageSense="true"/>
  </pragraph>
  <pragraph ID="5" content="1、在谈到今年的工作时，切尔诺梅尔金说，正在起草新的结构改革和经济增长计划，2、准备提交在２月２６日举行的政府扩大会议讨论。3、根据这个计划，明年俄罗斯的国内生产总值应增长百分之二，4、通货膨胀率要降到百分之五至百分之八。">
    <relative ID="1" Relation_Pair="1--2" Center="1" times="29" Sentence="在谈到今年的工作时，切尔诺梅尔金说，正在起草新的结构改革和经济增长计划，|准备提交在２月２６日举行的政府扩大会议讨论。" position="0...35--36...57" ConnectiveType="隐式关系" Connective="" Major_relationType="目的性" RelationType="因果性-;目的性+;条件性-;虚拟性+;反转性-;顺序性-;解说性-;例证性-;评价性-;并列性-;递进性-;选择性-" ConnectivePosition="" ConnectiveAttribute="不可添加" RoleLocation="normal" LanguageSense="true"/>
    <relative ID="2" Relation_Pair="1--3" Center="1" times="13" Sentence="在谈到今年的工作时，切尔诺梅尔金说，正在起草新的结构改革和经济增长计划，|根据这个计划，明年俄罗斯的国内生产总值应增长百分之二，" position="0...35--58...84" ConnectiveType="隐式关系" Connective="" Major_relationType="解说性" RelationType="因果性-;目的性-;条件性-;虚拟性-;反转性-;顺序性-;解说性+;例证性-;评价性-;并列性-;递进性-;选择性-" ConnectivePosition="" ConnectiveAttribute="不可添加" RoleLocation="normal" LanguageSense="true"/>
    <relative ID="3" Relation_Pair="1--4" Center="1" times="7" Sentence="在谈到今年的工作时，切尔诺梅尔金说，正在起草新的结构改革和经济增长计划，|通货膨胀率要降到百分之五至百分之八。" position="0...35--85...102" ConnectiveType="隐式关系" Connective="" Major_relationType="解说性" RelationType="因果性-;目的性-;条件性-;虚拟性-;反转性-;顺序性-;解说性+;例证性-;评价性-;并列性-;递进性-;选择性-" ConnectivePosition="" ConnectiveAttribute="不可添加" RoleLocation="normal" LanguageSense="true"/>
  </pragraph>
</doc>
