<?xml version="1.0" encoding="UTF-8"?>

<doc>
  <pragraph ID="2" content="1、记者近日驱车到广西防城港、钦州、北海、湛江等市采访，2、看到随着南昆铁路的开通运营，北部湾畔这四座港口城市，3、码头上货物装卸紧张繁忙，4、海岸边一批新码头加紧兴建，5、到处千帆竞发，6、一片生机。">
    <relative ID="1" Relation_Pair="1--2" Center="2" times="10" Sentence="记者近日驱车到广西防城港、钦州、北海、湛江等市采访，|看到随着南昆铁路的开通运营，北部湾畔这四座港口城市，" position="0...25--26...51" ConnectiveType="隐式关系" Connective="" Major_relationType="因果性" RelationType="因果性+;目的性-;条件性-;虚拟性-;反转性-;顺序性+;解说性-;例证性-;评价性-;并列性+;递进性-;选择性-" ConnectivePosition="" ConnectiveAttribute="不可添加" RoleLocation="normal" LanguageSense="true"/>
    <relative ID="2" Relation_Pair="1--3" Center="2" times="9" Sentence="记者近日驱车到广西防城港、钦州、北海、湛江等市采访，|码头上货物装卸紧张繁忙，" position="0...25--52...63" ConnectiveType="隐式关系" Connective="" Major_relationType="因果性" RelationType="因果性+;目的性-;条件性-;虚拟性-;反转性-;顺序性+;解说性-;例证性-;评价性-;并列性+;递进性-;选择性-" ConnectivePosition="" ConnectiveAttribute="不可添加" RoleLocation="normal" LanguageSense="true"/>
    <relative ID="3" Relation_Pair="1--4" Center="2" times="9" Sentence="记者近日驱车到广西防城港、钦州、北海、湛江等市采访，|海岸边一批新码头加紧兴建，" position="0...25--64...76" ConnectiveType="隐式关系" Connective="" Major_relationType="因果性" RelationType="因果性+;目的性-;条件性-;虚拟性-;反转性-;顺序性+;解说性-;例证性-;评价性-;并列性+;递进性-;选择性-" ConnectivePosition="" ConnectiveAttribute="不可添加" RoleLocation="normal" LanguageSense="true"/>
    <relative ID="4" Relation_Pair="1--5" Center="2" times="11" Sentence="记者近日驱车到广西防城港、钦州、北海、湛江等市采访，|到处千帆竞发，" position="0...25--77...83" ConnectiveType="隐式关系" Connective="" Major_relationType="因果性" RelationType="因果性+;目的性-;条件性-;虚拟性-;反转性-;顺序性+;解说性-;例证性-;评价性-;并列性+;递进性-;选择性-" ConnectivePosition="" ConnectiveAttribute="不可添加" RoleLocation="normal" LanguageSense="true"/>
    <relative ID="5" Relation_Pair="5--6" Center="1" times="37" Sentence="到处千帆竞发，|一片生机。" position="77...83--84...88" ConnectiveType="隐式关系" Connective="" Major_relationType="评价性" RelationType="因果性-;目的性-;条件性-;虚拟性-;反转性-;顺序性-;解说性-;例证性-;评价性+;并列性-;递进性-;选择性-" ConnectivePosition="" ConnectiveAttribute="不可添加" RoleLocation="normal" LanguageSense="true"/>
  </pragraph>
  <pragraph ID="3" content="1、防城港、钦州、北海和湛江，被人们称为西南出海大通道的“龙头”，2、南昆铁路建设给沿海四市带来了前所未有的发展机遇。3、防城港市现已发展成为全国重要枢纽港之一，4、拥有生产性码头二十个，5、其中万吨级以上泊位十个，6、铁路和高速公路直达港口。7、一九九七年港口完成货物吞吐量六百五十万吨，8、比上年增加百分之二十八，9、其中西南各省市的进出口物资增长近一倍。10、湛江、钦州、北海等港，来自大西南的进出口物资也比上年增加五成以上。11、大通道建设搞活了大西南的物流、人流、信息流，12、促进了沿海港口城市经济的发展。">
    <relative ID="1" Relation_Pair="1--2" Center="3" times="70" Sentence="防城港、钦州、北海和湛江，被人们称为西南出海大通道的“龙头”，|南昆铁路建设给沿海四市带来了前所未有的发展机遇。" position="0...30--31...54" ConnectiveType="隐式关系" Connective="" Major_relationType="并列性" RelationType="因果性-;目的性-;条件性-;虚拟性-;反转性-;顺序性-;解说性-;例证性-;评价性-;并列性+;递进性-;选择性-" ConnectivePosition="" ConnectiveAttribute="不可添加" RoleLocation="normal" LanguageSense="true"/>
    <relative ID="2" Relation_Pair="3--4" Center="1" times="19" Sentence="防城港市现已发展成为全国重要枢纽港之一，|拥有生产性码头二十个，" position="55...74--75...85" ConnectiveType="隐式关系" Connective="" Major_relationType="解说性" RelationType="因果性-;目的性-;条件性-;虚拟性-;反转性-;顺序性-;解说性+;例证性-;评价性-;并列性-;递进性-;选择性-" ConnectivePosition="" ConnectiveAttribute="不可添加" RoleLocation="normal" LanguageSense="true"/>
    <relative ID="3" Relation_Pair="4--5" Center="1" times="37" Sentence="拥有生产性码头二十个，|其中万吨级以上泊位十个，" position="75...85--86...97" ConnectiveType="显式关系" Connective="其中" Major_relationType="解说性" RelationType="因果性-;目的性-;条件性-;虚拟性-;反转性-;顺序性-;解说性+;例证性-;评价性-;并列性-;递进性-;选择性-" ConnectivePosition="90…92" ConnectiveAttribute="不可删除" RoleLocation="normal" LanguageSense="true"/>
    <relative ID="4" Relation_Pair="3--6" Center="1" times="18" Sentence="防城港市现已发展成为全国重要枢纽港之一，|铁路和高速公路直达港口。" position="55...74--98...109" ConnectiveType="隐式关系" Connective="" Major_relationType="解说性" RelationType="因果性-;目的性-;条件性-;虚拟性-;反转性-;顺序性-;解说性+;例证性-;评价性-;并列性-;递进性-;选择性-" ConnectivePosition="" ConnectiveAttribute="不可添加" RoleLocation="normal" LanguageSense="true"/>
    <relative ID="5" Relation_Pair="7--8" Center="1" times="16" Sentence="一九九七年港口完成货物吞吐量六百五十万吨，|比上年增加百分之二十八，" position="110...130--131...142" ConnectiveType="隐式关系" Connective="" Major_relationType="评价性" RelationType="因果性-;目的性-;条件性-;虚拟性-;反转性-;顺序性-;解说性-;例证性-;评价性+;并列性+;递进性-;选择性-" ConnectivePosition="" ConnectiveAttribute="不可添加" RoleLocation="normal" LanguageSense="true"/>
    <relative ID="6" Relation_Pair="7--9" Center="1" times="30" Sentence="一九九七年港口完成货物吞吐量六百五十万吨，|其中西南各省市的进出口物资增长近一倍。" position="110...130--143...161" ConnectiveType="显式关系" Connective="其中" Major_relationType="解说性" RelationType="因果性-;目的性-;条件性-;虚拟性-;反转性-;顺序性-;解说性+;例证性-;评价性-;并列性-;递进性-;选择性-" ConnectivePosition="151…153" ConnectiveAttribute="不可删除" RoleLocation="normal" LanguageSense="true"/>
    <relative ID="7" Relation_Pair="2--3" Center="1" times="50" Sentence="南昆铁路建设给沿海四市带来了前所未有的发展机遇。|防城港市现已发展成为全国重要枢纽港之一，" position="31...54--55...74" ConnectiveType="隐式关系" Connective="" Major_relationType="解说性" RelationType="因果性-;目的性-;条件性-;虚拟性-;反转性-;顺序性-;解说性+;例证性-;评价性-;并列性-;递进性-;选择性-" ConnectivePosition="" ConnectiveAttribute="不可添加" RoleLocation="normal" LanguageSense="true"/>
    <relative ID="8" Relation_Pair="3--7" Center="1" times="8" Sentence="防城港市现已发展成为全国重要枢纽港之一，|一九九七年港口完成货物吞吐量六百五十万吨，" position="55...74--110...130" ConnectiveType="隐式关系" Connective="" Major_relationType="解说性" RelationType="因果性-;目的性-;条件性-;虚拟性-;反转性-;顺序性-;解说性+;例证性-;评价性-;并列性-;递进性-;选择性-" ConnectivePosition="" ConnectiveAttribute="不可添加" RoleLocation="normal" LanguageSense="true"/>
    <relative ID="9" Relation_Pair="2--10" Center="1" times="8" Sentence="南昆铁路建设给沿海四市带来了前所未有的发展机遇。|湛江、钦州、北海等港，来自大西南的进出口物资也比上年增加五成以上。" position="31...54--162...194" ConnectiveType="隐式关系" Connective="" Major_relationType="解说性" RelationType="因果性-;目的性-;条件性-;虚拟性-;反转性-;顺序性-;解说性+;例证性-;评价性-;并列性-;递进性-;选择性-" ConnectivePosition="" ConnectiveAttribute="不可添加" RoleLocation="normal" LanguageSense="true"/>
    <relative ID="10" Relation_Pair="2--11" Center="1" times="7" Sentence="南昆铁路建设给沿海四市带来了前所未有的发展机遇。|大通道建设搞活了大西南的物流、人流、信息流，" position="31...54--195...216" ConnectiveType="隐式关系" Connective="" Major_relationType="并列性" RelationType="因果性-;目的性-;条件性-;虚拟性-;反转性-;顺序性-;解说性-;例证性-;评价性-;并列性+;递进性-;选择性-" ConnectivePosition="" ConnectiveAttribute="不可添加" RoleLocation="normal" LanguageSense="true"/>
    <relative ID="11" Relation_Pair="2--12" Center="1" times="8" Sentence="南昆铁路建设给沿海四市带来了前所未有的发展机遇。|促进了沿海港口城市经济的发展。" position="31...54--217...231" ConnectiveType="隐式关系" Connective="" Major_relationType="解说性" RelationType="因果性-;目的性-;条件性-;虚拟性-;反转性-;顺序性-;解说性+;例证性-;评价性-;并列性-;递进性-;选择性-" ConnectivePosition="" ConnectiveAttribute="不可添加" RoleLocation="normal" LanguageSense="true"/>
  </pragraph>
  <pragraph ID="4" content="1、为适应大西南进出口物资迅速增长的需要，2、北部湾沿海四市开始了新一轮建港热潮。3、最早建设、规模宏大的湛江港，现拥有生产性泊位三十一个，4、其中一至七万吨级深水泊位二十四个，5、年吞吐量达一千八百多万吨。6、在防城港，九号、十号万吨级码头不久前正式动工，7、紧接着更大的十一号、十二号泊位又开始筹建。8、北海现已建成四个万吨级码头，9、今后又将有四个万吨级泊位投入兴建。10、起步较晚的钦州港，积极引入市场机制推动港口开发，11、组织国内外大财团、大公司成立招商集团联合招商，12、推行业主制兴建码头。13、目前在港口开发区，十九个万吨级以上的业主码头和十四个业主仓储项目正在兴建或筹建。">
    <relative ID="1" Relation_Pair="1--2" Center="2" times="27" Sentence="为适应大西南进出口物资迅速增长的需要，|北部湾沿海四市开始了新一轮建港热潮。" position="0...18--19...36" ConnectiveType="显式关系" Connective="为" Major_relationType="目的性" RelationType="因果性-;目的性+;条件性-;虚拟性+;反转性-;顺序性-;解说性-;例证性-;评价性-;并列性-;递进性-;选择性-" ConnectivePosition="0…1" ConnectiveAttribute="不可删除" RoleLocation="normal" LanguageSense="true"/>
    <relative ID="2" Relation_Pair="3--4" Center="1" times="19" Sentence="最早建设、规模宏大的湛江港，现拥有生产性泊位三十一个，|其中一至七万吨级深水泊位二十四个，" position="37...63--64...80" ConnectiveType="显式关系" Connective="其中" Major_relationType="解说性" RelationType="因果性-;目的性-;条件性-;虚拟性-;反转性-;顺序性-;解说性+;例证性-;评价性-;并列性-;递进性-;选择性-" ConnectivePosition="67…69" ConnectiveAttribute="不可删除" RoleLocation="normal" LanguageSense="true"/>
    <relative ID="3" Relation_Pair="3--5" Center="1" times="9" Sentence="最早建设、规模宏大的湛江港，现拥有生产性泊位三十一个，|年吞吐量达一千八百多万吨。" position="37...63--81...93" ConnectiveType="隐式关系" Connective="" Major_relationType="解说性" RelationType="因果性-;目的性-;条件性-;虚拟性-;反转性-;顺序性-;解说性+;例证性-;评价性-;并列性-;递进性-;选择性-" ConnectivePosition="" ConnectiveAttribute="不可添加" RoleLocation="normal" LanguageSense="true"/>
    <relative ID="4" Relation_Pair="6--7" Center="3" times="75" Sentence="在防城港，九号、十号万吨级码头不久前正式动工，|紧接着更大的十一号、十二号泊位又开始筹建。" position="94...116--117...137" ConnectiveType="隐式关系" Connective="" Major_relationType="并列性" RelationType="因果性-;目的性-;条件性-;虚拟性-;反转性-;顺序性+;解说性-;例证性-;评价性-;并列性+;递进性-;选择性-" ConnectivePosition="" ConnectiveAttribute="不可添加" RoleLocation="normal" LanguageSense="true"/>
    <relative ID="5" Relation_Pair="8--9" Center="3" times="16" Sentence="北海现已建成四个万吨级码头，|今后又将有四个万吨级泊位投入兴建。" position="138...151--152...168" ConnectiveType="隐式关系" Connective="" Major_relationType="并列性" RelationType="因果性-;目的性-;条件性-;虚拟性+;反转性-;顺序性+;解说性-;例证性-;评价性-;并列性+;递进性-;选择性-" ConnectivePosition="" ConnectiveAttribute="不可添加" RoleLocation="normal" LanguageSense="true"/>
    <relative ID="6" Relation_Pair="10--11" Center="3" times="41" Sentence="起步较晚的钦州港，积极引入市场机制推动港口开发，|组织国内外大财团、大公司成立招商集团联合招商，" position="169...192--193...215" ConnectiveType="隐式关系" Connective="" Major_relationType="并列性" RelationType="因果性-;目的性-;条件性-;虚拟性-;反转性-;顺序性-;解说性-;例证性-;评价性-;并列性+;递进性-;选择性-" ConnectivePosition="" ConnectiveAttribute="不可添加" RoleLocation="normal" LanguageSense="true"/>
    <relative ID="7" Relation_Pair="11--12" Center="3" times="16" Sentence="组织国内外大财团、大公司成立招商集团联合招商，|推行业主制兴建码头。" position="193...215--216...225" ConnectiveType="隐式关系" Connective="" Major_relationType="并列性" RelationType="因果性-;目的性-;条件性-;虚拟性-;反转性-;顺序性-;解说性-;例证性-;评价性-;并列性+;递进性-;选择性-" ConnectivePosition="" ConnectiveAttribute="不可添加" RoleLocation="normal" LanguageSense="true"/>
    <relative ID="8" Relation_Pair="2--3" Center="1" times="9" Sentence="北部湾沿海四市开始了新一轮建港热潮。|最早建设、规模宏大的湛江港，现拥有生产性泊位三十一个，" position="19...36--37...63" ConnectiveType="隐式关系" Connective="" Major_relationType="解说性" RelationType="因果性-;目的性-;条件性-;虚拟性-;反转性-;顺序性-;解说性+;例证性-;评价性-;并列性-;递进性-;选择性-" ConnectivePosition="" ConnectiveAttribute="不可添加" RoleLocation="normal" LanguageSense="true"/>
    <relative ID="9" Relation_Pair="2--6" Center="1" times="20" Sentence="北部湾沿海四市开始了新一轮建港热潮。|在防城港，九号、十号万吨级码头不久前正式动工，" position="19...36--94...116" ConnectiveType="隐式关系" Connective="" Major_relationType="解说性" RelationType="因果性-;目的性-;条件性-;虚拟性-;反转性-;顺序性-;解说性+;例证性-;评价性-;并列性-;递进性-;选择性-" ConnectivePosition="" ConnectiveAttribute="不可添加" RoleLocation="normal" LanguageSense="true"/>
    <relative ID="10" Relation_Pair="2--8" Center="1" times="12" Sentence="北部湾沿海四市开始了新一轮建港热潮。|北海现已建成四个万吨级码头，" position="19...36--138...151" ConnectiveType="隐式关系" Connective="" Major_relationType="解说性" RelationType="因果性-;目的性-;条件性-;虚拟性-;反转性-;顺序性-;解说性+;例证性-;评价性-;并列性-;递进性-;选择性-" ConnectivePosition="" ConnectiveAttribute="不可添加" RoleLocation="normal" LanguageSense="true"/>
    <relative ID="11" Relation_Pair="2--10" Center="1" times="7" Sentence="北部湾沿海四市开始了新一轮建港热潮。|起步较晚的钦州港，积极引入市场机制推动港口开发，" position="19...36--169...192" ConnectiveType="隐式关系" Connective="" Major_relationType="解说性" RelationType="因果性-;目的性-;条件性-;虚拟性-;反转性-;顺序性-;解说性+;例证性-;评价性-;并列性-;递进性-;选择性-" ConnectivePosition="" ConnectiveAttribute="不可添加" RoleLocation="normal" LanguageSense="true"/>
    <relative ID="12" Relation_Pair="2--13" Center="1" times="7" Sentence="北部湾沿海四市开始了新一轮建港热潮。|目前在港口开发区，十九个万吨级以上的业主码头和十四个业主仓储项目正在兴建或筹建。" position="19...36--226...265" ConnectiveType="隐式关系" Connective="" Major_relationType="解说性" RelationType="因果性-;目的性-;条件性-;虚拟性-;反转性-;顺序性-;解说性+;例证性-;评价性-;并列性-;递进性-;选择性-" ConnectivePosition="" ConnectiveAttribute="不可添加" RoleLocation="normal" LanguageSense="true"/>
  </pragraph>
  <pragraph ID="5" content="1、来自国内外的业主们经过考察论证，在开发区统一规划下自选项目，2、自带资金、货源，3、自主经营，自负盈亏，4、中国第一个以业主为投资主体的港口将在这里崛起。5、与此同时，沿海四市还积极兴办临港工业园，6、一批国内外客商特别是来自大西南的有识之士纷纷来此落户，7、创办大进大出的加工业，8、前景十分看好。">
    <relative ID="1" Relation_Pair="1--2" Center="3" times="34" Sentence="来自国内外的业主们经过考察论证，在开发区统一规划下自选项目，|自带资金、货源，" position="0...29--30...37" ConnectiveType="隐式关系" Connective="" Major_relationType="并列性" RelationType="因果性-;目的性-;条件性-;虚拟性-;反转性-;顺序性-;解说性-;例证性-;评价性-;并列性+;递进性-;选择性-" ConnectivePosition="" ConnectiveAttribute="不可添加" RoleLocation="normal" LanguageSense="true"/>
    <relative ID="2" Relation_Pair="2--3" Center="3" times="5" Sentence="自带资金、货源，|自主经营，自负盈亏，" position="30...37--38...47" ConnectiveType="隐式关系" Connective="" Major_relationType="并列性" RelationType="因果性-;目的性-;条件性-;虚拟性-;反转性-;顺序性-;解说性-;例证性-;评价性-;并列性+;递进性-;选择性-" ConnectivePosition="" ConnectiveAttribute="不可添加" RoleLocation="normal" LanguageSense="true"/>
    <relative ID="3" Relation_Pair="3--4" Center="2" times="14" Sentence="自主经营，自负盈亏，|中国第一个以业主为投资主体的港口将在这里崛起。" position="38...47--48...70" ConnectiveType="隐式关系" Connective="" Major_relationType="因果性" RelationType="因果性+;目的性-;条件性-;虚拟性-;反转性-;顺序性-;解说性-;例证性-;评价性-;并列性-;递进性-;选择性-" ConnectivePosition="" ConnectiveAttribute="不可添加" RoleLocation="normal" LanguageSense="true"/>
    <relative ID="4" Relation_Pair="4--5" Center="3" times="16" Sentence="中国第一个以业主为投资主体的港口将在这里崛起。|与此同时，沿海四市还积极兴办临港工业园，" position="48...70--71...90" ConnectiveType="隐式关系" Connective="" Major_relationType="并列性" RelationType="因果性-;目的性-;条件性-;虚拟性-;反转性-;顺序性-;解说性-;例证性-;评价性-;并列性+;递进性-;选择性-" ConnectivePosition="" ConnectiveAttribute="不可添加" RoleLocation="normal" LanguageSense="true"/>
    <relative ID="5" Relation_Pair="5--6" Center="1" times="37" Sentence="与此同时，沿海四市还积极兴办临港工业园，|一批国内外客商特别是来自大西南的有识之士纷纷来此落户，" position="71...90--91...117" ConnectiveType="隐式关系" Connective="" Major_relationType="因果性" RelationType="因果性+;目的性-;条件性-;虚拟性-;反转性-;顺序性+;解说性-;例证性-;评价性-;并列性-;递进性-;选择性-" ConnectivePosition="" ConnectiveAttribute="不可添加" RoleLocation="normal" LanguageSense="true"/>
    <relative ID="6" Relation_Pair="6--7" Center="3" times="17" Sentence="一批国内外客商特别是来自大西南的有识之士纷纷来此落户，|创办大进大出的加工业，" position="91...117--118...128" ConnectiveType="隐式关系" Connective="" Major_relationType="并列性" RelationType="因果性-;目的性-;条件性-;虚拟性-;反转性-;顺序性+;解说性-;例证性-;评价性-;并列性+;递进性-;选择性-" ConnectivePosition="" ConnectiveAttribute="不可添加" RoleLocation="normal" LanguageSense="true"/>
    <relative ID="7" Relation_Pair="7--8" Center="1" times="8" Sentence="创办大进大出的加工业，|前景十分看好。" position="118...128--129...135" ConnectiveType="隐式关系" Connective="" Major_relationType="评价性" RelationType="因果性-;目的性-;条件性-;虚拟性-;反转性-;顺序性-;解说性-;例证性-;评价性+;并列性-;递进性-;选择性-" ConnectivePosition="" ConnectiveAttribute="不可添加" RoleLocation="normal" LanguageSense="true"/>
  </pragraph>
</doc>
