<?xml version="1.0" encoding="UTF-8"?>

<doc>
  <pragraph ID="2" content="1、出口快速增长，2、成为推动经济增长的重要力量。3、去年，中国对外贸易增长百分之十二点一，4、全年出口增长速度高达百分之二十点九。">
    <relative ID="1" Relation_Pair="1--2" Center="1" times="14" Sentence="出口快速增长，|成为推动经济增长的重要力量。" position="0...6--7...20" ConnectiveType="隐式关系" Connective="" Major_relationType="因果性" RelationType="因果性+;目的性-;条件性-;虚拟性-;反转性-;顺序性-;解说性-;例证性-;评价性-;并列性-;递进性-;选择性-" ConnectivePosition="" ConnectiveAttribute="不可添加" RoleLocation="normal" LanguageSense="true"/>
    <relative ID="2" Relation_Pair="1--3" Center="1" times="7" Sentence="出口快速增长，|去年，中国对外贸易增长百分之十二点一，" position="0...6--21...39" ConnectiveType="隐式关系" Connective="" Major_relationType="解说性" RelationType="因果性-;目的性-;条件性-;虚拟性-;反转性-;顺序性-;解说性+;例证性-;评价性-;并列性-;递进性-;选择性-" ConnectivePosition="" ConnectiveAttribute="不可添加" RoleLocation="normal" LanguageSense="true"/>
    <relative ID="3" Relation_Pair="1--4" Center="1" times="6" Sentence="出口快速增长，|全年出口增长速度高达百分之二十点九。" position="0...6--40...57" ConnectiveType="隐式关系" Connective="" Major_relationType="解说性" RelationType="因果性-;目的性-;条件性-;虚拟性-;反转性-;顺序性-;解说性+;例证性-;评价性-;并列性-;递进性-;选择性-" ConnectivePosition="" ConnectiveAttribute="不可添加" RoleLocation="normal" LanguageSense="true"/>
  </pragraph>
  <pragraph ID="3" content="1、进口回升平缓。2、去年中国进口增长百分之二点五，3、为九十年代以来增长最缓慢的年份。">
    <relative ID="1" Relation_Pair="2--3" Center="1" times="9" Sentence="去年中国进口增长百分之二点五，|为九十年代以来增长最缓慢的年份。" position="7...21--22...37" ConnectiveType="隐式关系" Connective="" Major_relationType="评价性" RelationType="因果性-;目的性-;条件性-;虚拟性-;反转性-;顺序性-;解说性-;例证性-;评价性+;并列性-;递进性-;选择性-" ConnectivePosition="" ConnectiveAttribute="不可添加" RoleLocation="normal" LanguageSense="true"/>
    <relative ID="2" Relation_Pair="1--2" Center="1" times="9" Sentence="进口回升平缓。|去年中国进口增长百分之二点五，" position="0...6--7...21" ConnectiveType="隐式关系" Connective="" Major_relationType="解说性" RelationType="因果性-;目的性-;条件性-;虚拟性-;反转性-;顺序性-;解说性+;例证性-;评价性-;并列性-;递进性-;选择性-" ConnectivePosition="" ConnectiveAttribute="不可添加" RoleLocation="normal" LanguageSense="true"/>
  </pragraph>
  <pragraph ID="4" content="1、一般贸易与加工贸易同步发展，2、加工贸易比重略有提高。3、去年，一般贸易进出口总值为一千一百七十亿美元，4、增长百分之十四点五；5、加工贸易持续稳定发展，6、去年进出口总值一千六百九十八点一亿美元，7、增长百分之十五点八，8、占全国外贸总值的百分之五十二点二，9、比上年提高一点六个百分点。">
    <relative ID="1" Relation_Pair="1--2" Center="3" times="82" Sentence="一般贸易与加工贸易同步发展，|加工贸易比重略有提高。" position="0...13--14...24" ConnectiveType="隐式关系" Connective="" Major_relationType="并列性" RelationType="因果性-;目的性-;条件性-;虚拟性-;反转性-;顺序性-;解说性+;例证性-;评价性-;并列性+;递进性-;选择性-" ConnectivePosition="" ConnectiveAttribute="不可添加" RoleLocation="normal" LanguageSense="true"/>
    <relative ID="2" Relation_Pair="2--3" Center="1" times="14" Sentence="加工贸易比重略有提高。|去年，一般贸易进出口总值为一千一百七十亿美元，" position="14...24--25...47" ConnectiveType="隐式关系" Connective="" Major_relationType="解说性" RelationType="因果性-;目的性-;条件性-;虚拟性-;反转性-;顺序性-;解说性+;例证性-;评价性-;并列性-;递进性-;选择性-" ConnectivePosition="" ConnectiveAttribute="不可添加" RoleLocation="normal" LanguageSense="true"/>
    <relative ID="3" Relation_Pair="2--5" Center="1" times="9" Sentence="加工贸易比重略有提高。|加工贸易持续稳定发展，" position="14...24--58...68" ConnectiveType="隐式关系" Connective="" Major_relationType="解说性" RelationType="因果性-;目的性-;条件性-;虚拟性-;反转性-;顺序性-;解说性+;例证性-;评价性-;并列性-;递进性-;选择性-" ConnectivePosition="" ConnectiveAttribute="不可添加" RoleLocation="normal" LanguageSense="true"/>
    <relative ID="4" Relation_Pair="3--4" Center="1" times="10" Sentence="去年，一般贸易进出口总值为一千一百七十亿美元，|增长百分之十四点五；" position="25...47--48...57" ConnectiveType="隐式关系" Connective="" Major_relationType="评价性" RelationType="因果性-;目的性-;条件性-;虚拟性-;反转性-;顺序性-;解说性-;例证性-;评价性+;并列性+;递进性-;选择性-" ConnectivePosition="" ConnectiveAttribute="不可添加" RoleLocation="normal" LanguageSense="true"/>
    <relative ID="5" Relation_Pair="5--6" Center="1" times="31" Sentence="加工贸易持续稳定发展，|去年进出口总值一千六百九十八点一亿美元，" position="58...68--69...88" ConnectiveType="隐式关系" Connective="" Major_relationType="解说性" RelationType="因果性-;目的性-;条件性-;虚拟性-;反转性-;顺序性-;解说性+;例证性-;评价性-;并列性-;递进性-;选择性-" ConnectivePosition="" ConnectiveAttribute="不可添加" RoleLocation="normal" LanguageSense="true"/>
    <relative ID="6" Relation_Pair="6--7" Center="1" times="9" Sentence="去年进出口总值一千六百九十八点一亿美元，|增长百分之十五点八，" position="69...88--89...98" ConnectiveType="隐式关系" Connective="" Major_relationType="评价性" RelationType="因果性-;目的性-;条件性-;虚拟性-;反转性-;顺序性-;解说性-;例证性-;评价性+;并列性+;递进性-;选择性-" ConnectivePosition="" ConnectiveAttribute="不可添加" RoleLocation="normal" LanguageSense="true"/>
    <relative ID="7" Relation_Pair="6--8" Center="1" times="10" Sentence="去年进出口总值一千六百九十八点一亿美元，|占全国外贸总值的百分之五十二点二，" position="69...88--99...115" ConnectiveType="隐式关系" Connective="" Major_relationType="评价性" RelationType="因果性-;目的性-;条件性-;虚拟性-;反转性-;顺序性-;解说性-;例证性-;评价性+;并列性+;递进性-;选择性-" ConnectivePosition="" ConnectiveAttribute="不可添加" RoleLocation="normal" LanguageSense="true"/>
    <relative ID="8" Relation_Pair="8--9" Center="1" times="13" Sentence="占全国外贸总值的百分之五十二点二，|比上年提高一点六个百分点。" position="99...115--116...128" ConnectiveType="隐式关系" Connective="" Major_relationType="评价性" RelationType="因果性-;目的性-;条件性-;虚拟性-;反转性-;顺序性-;解说性-;例证性-;评价性+;并列性+;递进性-;选择性-" ConnectivePosition="" ConnectiveAttribute="不可添加" RoleLocation="normal" LanguageSense="true"/>
  </pragraph>
  <pragraph ID="5" content="1、国有企业与外商投资企业齐头并进，2、国有企业继续居于主导地位。3、去年国有企业全年进出口一千六百三十点六亿美元，4、增长百分之十二点七，5、占外贸总值的百分之五十点四。6、外商投资企业进出口亦保持快速增长势头，7、全年进出口一千五百二十六点二亿美元，8、增长百分之十一点三，9、占外贸总值的百分之四十六点九。10、在外商投资企业中，外商独资企业进出口增长尤为迅速，11、出口、进口增幅分别达百分之三十一点一和百分之十二点五。">
    <relative ID="1" Relation_Pair="1--2" Center="1" times="21" Sentence="国有企业与外商投资企业齐头并进，|国有企业继续居于主导地位。" position="0...15--16...28" ConnectiveType="隐式关系" Connective="" Major_relationType="解说性" RelationType="因果性-;目的性-;条件性-;虚拟性-;反转性-;顺序性-;解说性+;例证性-;评价性-;并列性-;递进性-;选择性-" ConnectivePosition="" ConnectiveAttribute="不可添加" RoleLocation="normal" LanguageSense="true"/>
    <relative ID="2" Relation_Pair="1--3" Center="1" times="6" Sentence="国有企业与外商投资企业齐头并进，|去年国有企业全年进出口一千六百三十点六亿美元，" position="0...15--29...51" ConnectiveType="隐式关系" Connective="" Major_relationType="解说性" RelationType="因果性-;目的性-;条件性-;虚拟性-;反转性-;顺序性-;解说性+;例证性-;评价性-;并列性-;递进性-;选择性-" ConnectivePosition="" ConnectiveAttribute="不可添加" RoleLocation="normal" LanguageSense="true"/>
    <relative ID="3" Relation_Pair="1--6" Center="1" times="6" Sentence="国有企业与外商投资企业齐头并进，|外商投资企业进出口亦保持快速增长势头，" position="0...15--76...94" ConnectiveType="隐式关系" Connective="" Major_relationType="解说性" RelationType="因果性-;目的性-;条件性-;虚拟性-;反转性-;顺序性-;解说性+;例证性-;评价性-;并列性-;递进性-;选择性-" ConnectivePosition="" ConnectiveAttribute="不可添加" RoleLocation="normal" LanguageSense="true"/>
    <relative ID="4" Relation_Pair="3--4" Center="1" times="16" Sentence="去年国有企业全年进出口一千六百三十点六亿美元，|增长百分之十二点七，" position="29...51--52...61" ConnectiveType="隐式关系" Connective="" Major_relationType="评价性" RelationType="因果性-;目的性-;条件性-;虚拟性-;反转性-;顺序性-;解说性-;例证性-;评价性+;并列性+;递进性-;选择性-" ConnectivePosition="" ConnectiveAttribute="不可添加" RoleLocation="normal" LanguageSense="true"/>
    <relative ID="5" Relation_Pair="3--5" Center="1" times="7" Sentence="去年国有企业全年进出口一千六百三十点六亿美元，|占外贸总值的百分之五十点四。" position="29...51--62...75" ConnectiveType="隐式关系" Connective="" Major_relationType="评价性" RelationType="因果性-;目的性-;条件性-;虚拟性-;反转性-;顺序性-;解说性-;例证性-;评价性+;并列性+;递进性-;选择性-" ConnectivePosition="" ConnectiveAttribute="不可添加" RoleLocation="normal" LanguageSense="true"/>
    <relative ID="6" Relation_Pair="6--7" Center="1" times="14" Sentence="外商投资企业进出口亦保持快速增长势头，|全年进出口一千五百二十六点二亿美元，" position="76...94--95...112" ConnectiveType="隐式关系" Connective="" Major_relationType="解说性" RelationType="因果性-;目的性-;条件性-;虚拟性-;反转性-;顺序性-;解说性+;例证性-;评价性-;并列性-;递进性-;选择性-" ConnectivePosition="" ConnectiveAttribute="不可添加" RoleLocation="normal" LanguageSense="true"/>
    <relative ID="7" Relation_Pair="7--8" Center="1" times="9" Sentence="全年进出口一千五百二十六点二亿美元，|增长百分之十一点三，" position="95...112--113...122" ConnectiveType="隐式关系" Connective="" Major_relationType="评价性" RelationType="因果性-;目的性-;条件性-;虚拟性-;反转性-;顺序性-;解说性-;例证性-;评价性+;并列性+;递进性-;选择性-" ConnectivePosition="" ConnectiveAttribute="不可添加" RoleLocation="normal" LanguageSense="true"/>
    <relative ID="8" Relation_Pair="7--9" Center="1" times="9" Sentence="全年进出口一千五百二十六点二亿美元，|占外贸总值的百分之四十六点九。" position="95...112--123...137" ConnectiveType="隐式关系" Connective="" Major_relationType="评价性" RelationType="因果性-;目的性-;条件性-;虚拟性-;反转性-;顺序性-;解说性-;例证性-;评价性+;并列性+;递进性-;选择性-" ConnectivePosition="" ConnectiveAttribute="不可添加" RoleLocation="normal" LanguageSense="true"/>
    <relative ID="9" Relation_Pair="1--10" Center="1" times="30" Sentence="国有企业与外商投资企业齐头并进，|在外商投资企业中，外商独资企业进出口增长尤为迅速，" position="0...15--138...162" ConnectiveType="隐式关系" Connective="" Major_relationType="解说性" RelationType="因果性-;目的性-;条件性-;虚拟性-;反转性-;顺序性-;解说性+;例证性-;评价性-;并列性-;递进性-;选择性-" ConnectivePosition="" ConnectiveAttribute="不可添加" RoleLocation="normal" LanguageSense="true"/>
    <relative ID="10" Relation_Pair="10--11" Center="1" times="9" Sentence="在外商投资企业中，外商独资企业进出口增长尤为迅速，|出口、进口增幅分别达百分之三十一点一和百分之十二点五。" position="138...162--163...189" ConnectiveType="隐式关系" Connective="" Major_relationType="解说性" RelationType="因果性-;目的性-;条件性-;虚拟性-;反转性-;顺序性-;解说性+;例证性-;评价性-;并列性-;递进性-;选择性-" ConnectivePosition="" ConnectiveAttribute="不可添加" RoleLocation="normal" LanguageSense="true"/>
  </pragraph>
  <pragraph ID="6" content="1、去年中国初级产品进口增长迅速，2、出口商品结构进一步优化。3、去年全年，初级产品进口二百八十六点二亿美元，4、增长百分之十二点五；5、初级产品出口二百三十九点三亿美元，6、增长百分之九点一，7、占外贸出口总值的比重由上年的百分之十四点五下降到百分之十三点一。">
    <relative ID="1" Relation_Pair="1--2" Center="3" times="13" Sentence="去年中国初级产品进口增长迅速，|出口商品结构进一步优化。" position="0...14--15...26" ConnectiveType="隐式关系" Connective="" Major_relationType="并列性" RelationType="因果性-;目的性-;条件性-;虚拟性-;反转性-;顺序性-;解说性-;例证性-;评价性-;并列性+;递进性-;选择性-" ConnectivePosition="" ConnectiveAttribute="不可添加" RoleLocation="normal" LanguageSense="true"/>
    <relative ID="2" Relation_Pair="1--3" Center="1" times="12" Sentence="去年中国初级产品进口增长迅速，|去年全年，初级产品进口二百八十六点二亿美元，" position="0...14--27...48" ConnectiveType="隐式关系" Connective="" Major_relationType="解说性" RelationType="因果性-;目的性-;条件性-;虚拟性-;反转性-;顺序性-;解说性+;例证性-;评价性-;并列性-;递进性-;选择性-" ConnectivePosition="" ConnectiveAttribute="不可添加" RoleLocation="normal" LanguageSense="true"/>
    <relative ID="3" Relation_Pair="3--4" Center="1" times="9" Sentence="去年全年，初级产品进口二百八十六点二亿美元，|增长百分之十二点五；" position="27...48--49...58" ConnectiveType="隐式关系" Connective="" Major_relationType="评价性" RelationType="因果性-;目的性-;条件性-;虚拟性-;反转性-;顺序性-;解说性-;例证性-;评价性+;并列性+;递进性-;选择性-" ConnectivePosition="" ConnectiveAttribute="不可添加" RoleLocation="normal" LanguageSense="true"/>
    <relative ID="4" Relation_Pair="2--5" Center="1" times="9" Sentence="出口商品结构进一步优化。|初级产品出口二百三十九点三亿美元，" position="15...26--59...75" ConnectiveType="隐式关系" Connective="" Major_relationType="解说性" RelationType="因果性-;目的性-;条件性-;虚拟性-;反转性-;顺序性-;解说性+;例证性-;评价性-;并列性-;递进性-;选择性-" ConnectivePosition="" ConnectiveAttribute="不可添加" RoleLocation="normal" LanguageSense="true"/>
    <relative ID="5" Relation_Pair="5--6" Center="1" times="10" Sentence="初级产品出口二百三十九点三亿美元，|增长百分之九点一，" position="59...75--76...84" ConnectiveType="隐式关系" Connective="" Major_relationType="评价性" RelationType="因果性-;目的性-;条件性-;虚拟性-;反转性-;顺序性-;解说性-;例证性-;评价性+;并列性+;递进性-;选择性-" ConnectivePosition="" ConnectiveAttribute="不可添加" RoleLocation="normal" LanguageSense="true"/>
    <relative ID="6" Relation_Pair="5--7" Center="1" times="8" Sentence="初级产品出口二百三十九点三亿美元，|占外贸出口总值的比重由上年的百分之十四点五下降到百分之十三点一。" position="59...75--85...116" ConnectiveType="隐式关系" Connective="" Major_relationType="评价性" RelationType="因果性-;目的性-;条件性-;虚拟性-;反转性-;顺序性-;解说性-;例证性-;评价性+;并列性+;递进性-;选择性-" ConnectivePosition="" ConnectiveAttribute="不可添加" RoleLocation="normal" LanguageSense="true"/>
  </pragraph>
  <pragraph ID="7" content="1、出口市场多元化，2、香港在中国对外贸易中发挥更大作用。3、去年，中国与世界各主要国家和地区贸易往来十分活跃，4、贸易额都有不同程度的增加。5、十大贸易伙伴是：日本、香港、美国、欧盟、韩国、台湾、新加坡、俄罗斯、澳大利亚、印尼。6、与这十大伙伴的贸易总额为二千七百二十一点六亿美元，7、占中国外贸总值的百分之八十三点七。">
    <relative ID="1" Relation_Pair="1--2" Center="1" times="41" Sentence="出口市场多元化，|香港在中国对外贸易中发挥更大作用。" position="0...7--8...24" ConnectiveType="隐式关系" Connective="" Major_relationType="解说性" RelationType="因果性-;目的性-;条件性-;虚拟性-;反转性-;顺序性-;解说性+;例证性-;评价性-;并列性-;递进性-;选择性-" ConnectivePosition="" ConnectiveAttribute="不可添加" RoleLocation="normal" LanguageSense="true"/>
    <relative ID="2" Relation_Pair="1--3" Center="1" times="8" Sentence="出口市场多元化，|去年，中国与世界各主要国家和地区贸易往来十分活跃，" position="0...7--25...49" ConnectiveType="隐式关系" Connective="" Major_relationType="解说性" RelationType="因果性-;目的性-;条件性-;虚拟性-;反转性-;顺序性-;解说性+;例证性-;评价性-;并列性-;递进性-;选择性-" ConnectivePosition="" ConnectiveAttribute="不可添加" RoleLocation="normal" LanguageSense="true"/>
    <relative ID="3" Relation_Pair="3--4" Center="1" times="12" Sentence="去年，中国与世界各主要国家和地区贸易往来十分活跃，|贸易额都有不同程度的增加。" position="25...49--50...62" ConnectiveType="隐式关系" Connective="" Major_relationType="因果性" RelationType="因果性+;目的性-;条件性-;虚拟性-;反转性-;顺序性-;解说性-;例证性-;评价性-;并列性-;递进性-;选择性-" ConnectivePosition="" ConnectiveAttribute="不可添加" RoleLocation="normal" LanguageSense="true"/>
    <relative ID="4" Relation_Pair="3--5" Center="1" times="11" Sentence="去年，中国与世界各主要国家和地区贸易往来十分活跃，|十大贸易伙伴是：日本、香港、美国、欧盟、韩国、台湾、新加坡、俄罗斯、澳大利亚、印尼。" position="25...49--63...104" ConnectiveType="隐式关系" Connective="" Major_relationType="解说性" RelationType="因果性-;目的性-;条件性-;虚拟性-;反转性-;顺序性-;解说性+;例证性-;评价性-;并列性-;递进性-;选择性-" ConnectivePosition="" ConnectiveAttribute="不可添加" RoleLocation="normal" LanguageSense="true"/>
    <relative ID="5" Relation_Pair="5--6" Center="3" times="22" Sentence="十大贸易伙伴是：日本、香港、美国、欧盟、韩国、台湾、新加坡、俄罗斯、澳大利亚、印尼。|与这十大伙伴的贸易总额为二千七百二十一点六亿美元，" position="63...104--105...129" ConnectiveType="隐式关系" Connective="" Major_relationType="并列性" RelationType="因果性-;目的性-;条件性-;虚拟性-;反转性-;顺序性-;解说性-;例证性-;评价性-;并列性+;递进性-;选择性-" ConnectivePosition="" ConnectiveAttribute="不可添加" RoleLocation="normal" LanguageSense="true"/>
    <relative ID="6" Relation_Pair="6--7" Center="1" times="12" Sentence="与这十大伙伴的贸易总额为二千七百二十一点六亿美元，|占中国外贸总值的百分之八十三点七。" position="105...129--130...146" ConnectiveType="隐式关系" Connective="" Major_relationType="评价性" RelationType="因果性-;目的性-;条件性-;虚拟性-;反转性-;顺序性-;解说性-;例证性-;评价性+;并列性+;递进性-;选择性-" ConnectivePosition="" ConnectiveAttribute="不可添加" RoleLocation="normal" LanguageSense="true"/>
  </pragraph>
  <pragraph ID="8" content="1、去年中国除对亚洲、欧洲及北美洲等传统市场的出口继续保持较大增长外，2、对拉美、非洲及大洋洲的出口增长更快，3、增长速度分别达百分之四十七点七、百分之二十四点九和百分之二十二点一。">
    <relative ID="1" Relation_Pair="1--2" Center="3" times="42" Sentence="去年中国除对亚洲、欧洲及北美洲等传统市场的出口继续保持较大增长外，|对拉美、非洲及大洋洲的出口增长更快，" position="0...32--33...50" ConnectiveType="显式关系" Connective="除;外" Major_relationType="并列性" RelationType="因果性-;目的性-;条件性-;虚拟性-;反转性-;顺序性-;解说性-;例证性-;评价性-;并列性+;递进性-;选择性-" ConnectivePosition="4…5;31…32" ConnectiveAttribute="不可删除" RoleLocation="normal" LanguageSense="true"/>
    <relative ID="2" Relation_Pair="2--3" Center="1" times="12" Sentence="对拉美、非洲及大洋洲的出口增长更快，|增长速度分别达百分之四十七点七、百分之二十四点九和百分之二十二点一。" position="33...50--51...84" ConnectiveType="隐式关系" Connective="" Major_relationType="解说性" RelationType="因果性-;目的性-;条件性-;虚拟性-;反转性-;顺序性-;解说性+;例证性-;评价性-;并列性-;递进性-;选择性-" ConnectivePosition="" ConnectiveAttribute="不可添加" RoleLocation="normal" LanguageSense="true"/>
  </pragraph>
  <pragraph ID="9" content="1、全国各地外贸出口蓬勃发展，2、非沿海地区亦有强劲增长。3、全年出口值前十位的省市是：广东、上海、江苏、山东、福建、浙江、北京、辽宁、天津、河北。4、十省市合计出口一千六百二十一点九亿美元，5、占全国的百分之八十八点八。6、五个经济特区全年共出口二百三十一点八亿美元，7、增长百分之三十一。">
    <relative ID="1" Relation_Pair="1--2" Center="3" times="32" Sentence="全国各地外贸出口蓬勃发展，|非沿海地区亦有强劲增长。" position="0...12--13...24" ConnectiveType="显式关系" Connective="亦" Major_relationType="并列性" RelationType="因果性-;目的性-;条件性-;虚拟性-;反转性-;顺序性-;解说性-;例证性-;评价性-;并列性+;递进性-;选择性-" ConnectivePosition="19…20" ConnectiveAttribute="不可删除" RoleLocation="normal" LanguageSense="true"/>
    <relative ID="2" Relation_Pair="1--3" Center="1" times="7" Sentence="全国各地外贸出口蓬勃发展，|全年出口值前十位的省市是：广东、上海、江苏、山东、福建、浙江、北京、辽宁、天津、河北。" position="0...12--25...67" ConnectiveType="隐式关系" Connective="" Major_relationType="解说性" RelationType="因果性-;目的性-;条件性-;虚拟性-;反转性-;顺序性-;解说性+;例证性-;评价性-;并列性-;递进性-;选择性-" ConnectivePosition="" ConnectiveAttribute="不可添加" RoleLocation="normal" LanguageSense="true"/>
    <relative ID="3" Relation_Pair="3--4" Center="3" times="20" Sentence="全年出口值前十位的省市是：广东、上海、江苏、山东、福建、浙江、北京、辽宁、天津、河北。|十省市合计出口一千六百二十一点九亿美元，" position="25...67--68...87" ConnectiveType="隐式关系" Connective="" Major_relationType="并列性" RelationType="因果性-;目的性-;条件性-;虚拟性-;反转性-;顺序性-;解说性-;例证性-;评价性-;并列性+;递进性-;选择性-" ConnectivePosition="" ConnectiveAttribute="不可添加" RoleLocation="normal" LanguageSense="true"/>
    <relative ID="4" Relation_Pair="4--5" Center="1" times="11" Sentence="十省市合计出口一千六百二十一点九亿美元，|占全国的百分之八十八点八。" position="68...87--88...100" ConnectiveType="隐式关系" Connective="" Major_relationType="评价性" RelationType="因果性-;目的性-;条件性-;虚拟性-;反转性-;顺序性-;解说性-;例证性-;评价性+;并列性+;递进性-;选择性-" ConnectivePosition="" ConnectiveAttribute="不可添加" RoleLocation="normal" LanguageSense="true"/>
    <relative ID="5" Relation_Pair="1--6" Center="1" times="10" Sentence="全国各地外贸出口蓬勃发展，|五个经济特区全年共出口二百三十一点八亿美元，" position="0...12--101...122" ConnectiveType="隐式关系" Connective="" Major_relationType="解说性" RelationType="因果性-;目的性-;条件性-;虚拟性-;反转性-;顺序性-;解说性+;例证性-;评价性-;并列性-;递进性-;选择性-" ConnectivePosition="" ConnectiveAttribute="不可添加" RoleLocation="normal" LanguageSense="true"/>
    <relative ID="6" Relation_Pair="6--7" Center="1" times="9" Sentence="五个经济特区全年共出口二百三十一点八亿美元，|增长百分之三十一。" position="101...122--123...131" ConnectiveType="隐式关系" Connective="" Major_relationType="评价性" RelationType="因果性-;目的性-;条件性-;虚拟性-;反转性-;顺序性-;解说性-;例证性-;评价性+;并列性+;递进性-;选择性-" ConnectivePosition="" ConnectiveAttribute="不可添加" RoleLocation="normal" LanguageSense="true"/>
  </pragraph>
</doc>
