<?xml version="1.0" encoding="UTF-8"?>

<doc>
  <pragraph ID="2" content="1、福建省日前提出，今年将大力推进闽台经贸合作，2、进一步加大对台招商力度，3、加强与台湾大企业、大财团的联系，4、争取一批台资大项目来闽投资，5、并大力拓展对台贸易和发展对台渔工劳务合作。">
    <relative ID="1" Relation_Pair="1--4" Center="2" times="31" Sentence="福建省日前提出，今年将大力推进闽台经贸合作，|争取一批台资大项目来闽投资，" position="0...21--50...63" ConnectiveType="隐式关系" Connective="" Major_relationType="目的性" RelationType="因果性-;目的性+;条件性-;虚拟性+;反转性-;顺序性-;解说性-;例证性-;评价性-;并列性-;递进性-;选择性-" ConnectivePosition="" ConnectiveAttribute="不可添加" RoleLocation="normal" LanguageSense="true"/>
    <relative ID="2" Relation_Pair="2--4" Center="2" times="14" Sentence="进一步加大对台招商力度，|争取一批台资大项目来闽投资，" position="22...33--50...63" ConnectiveType="隐式关系" Connective="" Major_relationType="目的性" RelationType="因果性-;目的性+;条件性-;虚拟性+;反转性-;顺序性-;解说性-;例证性-;评价性-;并列性-;递进性-;选择性-" ConnectivePosition="" ConnectiveAttribute="不可添加" RoleLocation="normal" LanguageSense="true"/>
    <relative ID="3" Relation_Pair="3--4" Center="2" times="9" Sentence="加强与台湾大企业、大财团的联系，|争取一批台资大项目来闽投资，" position="34...49--50...63" ConnectiveType="隐式关系" Connective="" Major_relationType="目的性" RelationType="因果性-;目的性+;条件性-;虚拟性+;反转性-;顺序性-;解说性-;例证性-;评价性-;并列性-;递进性-;选择性-" ConnectivePosition="" ConnectiveAttribute="不可添加" RoleLocation="normal" LanguageSense="true"/>
    <relative ID="4" Relation_Pair="4--5" Center="3" times="13" Sentence="争取一批台资大项目来闽投资，|并大力拓展对台贸易和发展对台渔工劳务合作。" position="50...63--64...84" ConnectiveType="显式关系" Connective="并" Major_relationType="并列性" RelationType="因果性-;目的性-;条件性-;虚拟性-;反转性-;顺序性-;解说性-;例证性-;评价性-;并列性+;递进性-;选择性-" ConnectivePosition="68…69" ConnectiveAttribute="不可删除" RoleLocation="normal" LanguageSense="true"/>
  </pragraph>
  <pragraph ID="3" content="1、福建省有关部门日前制定了进一步加快发展对外经贸新措施，2、把深化外经贸企业改革、保持出口稳定增长、继续扩大利用外资等作为一九九八年该省外经贸工作的重要内容。">
    <relative ID="1" Relation_Pair="1--2" Center="1" times="22" Sentence="福建省有关部门日前制定了进一步加快发展对外经贸新措施，|把深化外经贸企业改革、保持出口稳定增长、继续扩大利用外资等作为一九九八年该省外经贸工作的重要内容。" position="0...26--27...75" ConnectiveType="隐式关系" Connective="" Major_relationType="解说性" RelationType="因果性-;目的性-;条件性-;虚拟性-;反转性-;顺序性-;解说性+;例证性-;评价性-;并列性-;递进性-;选择性-" ConnectivePosition="" ConnectiveAttribute="不可添加" RoleLocation="normal" LanguageSense="true"/>
  </pragraph>
  <pragraph ID="4" content="1、福建是中国沿海地区对外经贸发展最为迅速的地区之一。2、去年该省外贸进出口总额近二百亿美元，3、实际利用外资超过四十亿美元，4、对外承包工程和劳务合作金额达三点五五亿美元。">
    <relative ID="1" Relation_Pair="1--2" Center="1" times="8" Sentence="福建是中国沿海地区对外经贸发展最为迅速的地区之一。|去年该省外贸进出口总额近二百亿美元，" position="0...24--25...42" ConnectiveType="隐式关系" Connective="" Major_relationType="解说性" RelationType="因果性-;目的性-;条件性-;虚拟性-;反转性-;顺序性-;解说性+;例证性-;评价性-;并列性-;递进性-;选择性-" ConnectivePosition="" ConnectiveAttribute="不可添加" RoleLocation="normal" LanguageSense="true"/>
    <relative ID="2" Relation_Pair="1--3" Center="1" times="34" Sentence="福建是中国沿海地区对外经贸发展最为迅速的地区之一。|实际利用外资超过四十亿美元，" position="0...24--43...56" ConnectiveType="隐式关系" Connective="" Major_relationType="解说性" RelationType="因果性-;目的性-;条件性-;虚拟性-;反转性-;顺序性-;解说性+;例证性-;评价性-;并列性-;递进性-;选择性-" ConnectivePosition="" ConnectiveAttribute="不可添加" RoleLocation="normal" LanguageSense="true"/>
    <relative ID="3" Relation_Pair="1--4" Center="1" times="8" Sentence="福建是中国沿海地区对外经贸发展最为迅速的地区之一。|对外承包工程和劳务合作金额达三点五五亿美元。" position="0...24--57...78" ConnectiveType="隐式关系" Connective="" Major_relationType="解说性" RelationType="因果性-;目的性-;条件性-;虚拟性-;反转性-;顺序性-;解说性+;例证性-;评价性-;并列性-;递进性-;选择性-" ConnectivePosition="" ConnectiveAttribute="不可添加" RoleLocation="normal" LanguageSense="true"/>
  </pragraph>
  <pragraph ID="5" content="1、据悉，这些新措施的主要内容有以发展规模经营、组建企业集团为重点，2、推进省属外贸公司的战略性重组；3、加大支柱产业产品出口的力度；4、办好在香港举办的外商投资招商会和九八中国投资贸易洽谈会等。">
    <relative ID="1" Relation_Pair="1--2" Center="3" times="15" Sentence="据悉，这些新措施的主要内容有以发展规模经营、组建企业集团为重点，|推进省属外贸公司的战略性重组；" position="0...31--32...46" ConnectiveType="隐式关系" Connective="" Major_relationType="并列性" RelationType="因果性-;目的性-;条件性-;虚拟性-;反转性-;顺序性-;解说性-;例证性-;评价性-;并列性+;递进性-;选择性-" ConnectivePosition="" ConnectiveAttribute="不可添加" RoleLocation="normal" LanguageSense="true"/>
    <relative ID="2" Relation_Pair="2--3" Center="3" times="7" Sentence="推进省属外贸公司的战略性重组；|加大支柱产业产品出口的力度；" position="32...46--47...60" ConnectiveType="隐式关系" Connective="" Major_relationType="并列性" RelationType="因果性-;目的性-;条件性-;虚拟性-;反转性-;顺序性-;解说性-;例证性-;评价性-;并列性+;递进性-;选择性-" ConnectivePosition="" ConnectiveAttribute="不可添加" RoleLocation="normal" LanguageSense="true"/>
    <relative ID="3" Relation_Pair="3--4" Center="3" times="9" Sentence="加大支柱产业产品出口的力度；|办好在香港举办的外商投资招商会和九八中国投资贸易洽谈会等。" position="47...60--61...89" ConnectiveType="隐式关系" Connective="" Major_relationType="并列性" RelationType="因果性-;目的性-;条件性-;虚拟性-;反转性-;顺序性-;解说性-;例证性-;评价性-;并列性+;递进性-;选择性-" ConnectivePosition="" ConnectiveAttribute="不可添加" RoleLocation="normal" LanguageSense="true"/>
  </pragraph>
</doc>
