<?xml version="1.0" encoding="UTF-8"?>

<doc>
  <pragraph ID="2" content="1、记者从天津港保税区获悉：一九九七年保税区全面超额完成各项经济指标，2、平均增幅达百分之七十以上，3、居中国保税区之首。">
    <relative ID="1" Relation_Pair="1--2" Center="1" times="22" Sentence="记者从天津港保税区获悉：一九九七年保税区全面超额完成各项经济指标，|平均增幅达百分之七十以上，" position="0...32--33...45" ConnectiveType="隐式关系" Connective="" Major_relationType="解说性" RelationType="因果性-;目的性-;条件性-;虚拟性-;反转性-;顺序性-;解说性+;例证性-;评价性-;并列性-;递进性-;选择性-" ConnectivePosition="" ConnectiveAttribute="不可添加" RoleLocation="normal" LanguageSense="true"/>
    <relative ID="2" Relation_Pair="1--3" Center="2" times="8" Sentence="记者从天津港保税区获悉：一九九七年保税区全面超额完成各项经济指标，|居中国保税区之首。" position="0...32--46...54" ConnectiveType="隐式关系" Connective="" Major_relationType="评价性" RelationType="因果性-;目的性-;条件性-;虚拟性-;反转性-;顺序性-;解说性-;例证性-;评价性+;并列性+;递进性-;选择性-" ConnectivePosition="" ConnectiveAttribute="不可添加" RoleLocation="normal" LanguageSense="true"/>
  </pragraph>
  <pragraph ID="3" content="1、据统计，去年天津港保税区完成协议投资总额八点五亿美元，2、同比增长百分之七十二；3、协议外资额七亿美元，4、同比增长百分之七十五；5、实现进出区货物总值四十亿美元，6、同比增长百分之八十三；7、进出口总额十亿美元，8、均创历史最高水平。">
    <relative ID="1" Relation_Pair="1--3" Center="3" times="8" Sentence="据统计，去年天津港保税区完成协议投资总额八点五亿美元，|协议外资额七亿美元，" position="0...26--38...47" ConnectiveType="隐式关系" Connective="" Major_relationType="并列性" RelationType="因果性-;目的性-;条件性-;虚拟性-;反转性-;顺序性-;解说性-;例证性-;评价性-;并列性+;递进性-;选择性-" ConnectivePosition="" ConnectiveAttribute="不可添加" RoleLocation="normal" LanguageSense="true"/>
    <relative ID="2" Relation_Pair="3--5" Center="3" times="6" Sentence="协议外资额七亿美元，|实现进出区货物总值四十亿美元，" position="38...47--59...73" ConnectiveType="隐式关系" Connective="" Major_relationType="并列性" RelationType="因果性-;目的性-;条件性-;虚拟性-;反转性-;顺序性-;解说性-;例证性-;评价性-;并列性+;递进性-;选择性-" ConnectivePosition="" ConnectiveAttribute="不可添加" RoleLocation="normal" LanguageSense="true"/>
    <relative ID="3" Relation_Pair="5--7" Center="3" times="9" Sentence="实现进出区货物总值四十亿美元，|进出口总额十亿美元，" position="59...73--85...94" ConnectiveType="隐式关系" Connective="" Major_relationType="并列性" RelationType="因果性-;目的性-;条件性-;虚拟性-;反转性-;顺序性-;解说性-;例证性-;评价性-;并列性+;递进性-;选择性-" ConnectivePosition="" ConnectiveAttribute="不可添加" RoleLocation="normal" LanguageSense="true"/>
    <relative ID="4" Relation_Pair="1--2" Center="1" times="9" Sentence="据统计，去年天津港保税区完成协议投资总额八点五亿美元，|同比增长百分之七十二；" position="0...26--27...37" ConnectiveType="隐式关系" Connective="" Major_relationType="评价性" RelationType="因果性-;目的性-;条件性-;虚拟性-;反转性-;顺序性-;解说性-;例证性-;评价性+;并列性+;递进性-;选择性-" ConnectivePosition="" ConnectiveAttribute="不可添加" RoleLocation="normal" LanguageSense="true"/>
    <relative ID="5" Relation_Pair="3--4" Center="1" times="9" Sentence="协议外资额七亿美元，|同比增长百分之七十五；" position="38...47--48...58" ConnectiveType="隐式关系" Connective="" Major_relationType="评价性" RelationType="因果性-;目的性-;条件性-;虚拟性-;反转性-;顺序性-;解说性-;例证性-;评价性+;并列性+;递进性-;选择性-" ConnectivePosition="" ConnectiveAttribute="不可添加" RoleLocation="normal" LanguageSense="true"/>
    <relative ID="6" Relation_Pair="5--6" Center="1" times="8" Sentence="实现进出区货物总值四十亿美元，|同比增长百分之八十三；" position="59...73--74...84" ConnectiveType="隐式关系" Connective="" Major_relationType="评价性" RelationType="因果性-;目的性-;条件性-;虚拟性-;反转性-;顺序性-;解说性-;例证性-;评价性+;并列性+;递进性-;选择性-" ConnectivePosition="" ConnectiveAttribute="不可添加" RoleLocation="normal" LanguageSense="true"/>
    <relative ID="7" Relation_Pair="7--8" Center="1" times="8" Sentence="进出口总额十亿美元，|均创历史最高水平。" position="85...94--95...103" ConnectiveType="隐式关系" Connective="" Major_relationType="评价性" RelationType="因果性-;目的性-;条件性-;虚拟性-;反转性-;顺序性-;解说性-;例证性-;评价性+;并列性+;递进性-;选择性-" ConnectivePosition="" ConnectiveAttribute="不可添加" RoleLocation="normal" LanguageSense="true"/>
  </pragraph>
  <pragraph ID="4" content="1、天津港保税区投入运行五年来，已建成了中国第一货物分拨中心，2、具备了口岸关的功能，3、开通了天津港保税区经西安、兰州到新疆阿拉山口口岸的铁路专用线；4、建立了一批集仓储、运输、销售于一体的大型物流配给中心，5、开办了铁路和国际集装箱多式联运，6、月接卸集装箱能力达六千标准箱；7、形成了七千门程控电话的装机能力，8、供电能力达二点五万千伏、日供水能力一万吨。">
    <relative ID="1" Relation_Pair="1--2" Center="1" times="101" Sentence="天津港保税区投入运行五年来，已建成了中国第一货物分拨中心，|具备了口岸关的功能，" position="0...28--29...38" ConnectiveType="隐式关系" Connective="" Major_relationType="因果性" RelationType="因果性+;目的性-;条件性-;虚拟性-;反转性-;顺序性-;解说性-;例证性-;评价性-;并列性-;递进性-;选择性-" ConnectivePosition="" ConnectiveAttribute="不可添加" RoleLocation="normal" LanguageSense="true"/>
    <relative ID="2" Relation_Pair="1--3" Center="3" times="6" Sentence="天津港保税区投入运行五年来，已建成了中国第一货物分拨中心，|开通了天津港保税区经西安、兰州到新疆阿拉山口口岸的铁路专用线；" position="0...28--39...69" ConnectiveType="隐式关系" Connective="" Major_relationType="并列性" RelationType="因果性-;目的性-;条件性-;虚拟性-;反转性-;顺序性-;解说性-;例证性-;评价性-;并列性+;递进性-;选择性-" ConnectivePosition="" ConnectiveAttribute="不可添加" RoleLocation="normal" LanguageSense="true"/>
    <relative ID="3" Relation_Pair="4--5" Center="3" times="36" Sentence="建立了一批集仓储、运输、销售于一体的大型物流配给中心，|开办了铁路和国际集装箱多式联运，" position="70...96--97...112" ConnectiveType="隐式关系" Connective="" Major_relationType="并列性" RelationType="因果性-;目的性-;条件性-;虚拟性-;反转性-;顺序性-;解说性-;例证性-;评价性-;并列性+;递进性-;选择性-" ConnectivePosition="" ConnectiveAttribute="不可添加" RoleLocation="normal" LanguageSense="true"/>
    <relative ID="4" Relation_Pair="5--6" Center="1" times="11" Sentence="开办了铁路和国际集装箱多式联运，|月接卸集装箱能力达六千标准箱；" position="97...112--113...127" ConnectiveType="隐式关系" Connective="" Major_relationType="因果性" RelationType="因果性+;目的性-;条件性-;虚拟性-;反转性-;顺序性+;解说性-;例证性-;评价性-;并列性-;递进性-;选择性-" ConnectivePosition="" ConnectiveAttribute="不可添加" RoleLocation="normal" LanguageSense="true"/>
    <relative ID="5" Relation_Pair="3--4" Center="3" times="9" Sentence="开通了天津港保税区经西安、兰州到新疆阿拉山口口岸的铁路专用线；|建立了一批集仓储、运输、销售于一体的大型物流配给中心，" position="39...69--70...96" ConnectiveType="隐式关系" Connective="" Major_relationType="并列性" RelationType="因果性-;目的性-;条件性-;虚拟性-;反转性-;顺序性-;解说性-;例证性-;评价性-;并列性+;递进性-;选择性-" ConnectivePosition="" ConnectiveAttribute="不可添加" RoleLocation="normal" LanguageSense="true"/>
    <relative ID="6" Relation_Pair="4--7" Center="3" times="9" Sentence="建立了一批集仓储、运输、销售于一体的大型物流配给中心，|形成了七千门程控电话的装机能力，" position="70...96--128...143" ConnectiveType="隐式关系" Connective="" Major_relationType="并列性" RelationType="因果性-;目的性-;条件性-;虚拟性-;反转性-;顺序性-;解说性-;例证性-;评价性-;并列性+;递进性-;选择性-" ConnectivePosition="" ConnectiveAttribute="不可添加" RoleLocation="normal" LanguageSense="true"/>
    <relative ID="7" Relation_Pair="7--8" Center="3" times="19" Sentence="形成了七千门程控电话的装机能力，|供电能力达二点五万千伏、日供水能力一万吨。" position="128...143--144...164" ConnectiveType="隐式关系" Connective="" Major_relationType="并列性" RelationType="因果性-;目的性-;条件性-;虚拟性-;反转性-;顺序性-;解说性-;例证性-;评价性-;并列性+;递进性-;选择性-" ConnectivePosition="" ConnectiveAttribute="不可添加" RoleLocation="normal" LanguageSense="true"/>
  </pragraph>
  <pragraph ID="5" content="1、此外，保税区还对进区企业实施了一系列优惠政策：2、确立了不设台帐和建立手册管理制度；3、区内从事国际贸易、仓储加工的企业，其所需进口设备材料免税，4、国内贸易卖断保税区视同出口，5、海关预以退税等。">
    <relative ID="1" Relation_Pair="1--2" Center="1" times="56" Sentence="此外，保税区还对进区企业实施了一系列优惠政策：|确立了不设台帐和建立手册管理制度；" position="0...22--23...39" ConnectiveType="隐式关系" Connective="" Major_relationType="解说性" RelationType="因果性-;目的性-;条件性-;虚拟性-;反转性-;顺序性-;解说性+;例证性-;评价性-;并列性-;递进性-;选择性-" ConnectivePosition="" ConnectiveAttribute="不可添加" RoleLocation="normal" LanguageSense="true"/>
    <relative ID="2" Relation_Pair="1--3" Center="1" times="27" Sentence="此外，保税区还对进区企业实施了一系列优惠政策：|区内从事国际贸易、仓储加工的企业，其所需进口设备材料免税，" position="0...22--40...68" ConnectiveType="隐式关系" Connective="" Major_relationType="解说性" RelationType="因果性+;目的性-;条件性-;虚拟性-;反转性-;顺序性-;解说性+;例证性-;评价性-;并列性-;递进性-;选择性-" ConnectivePosition="" ConnectiveAttribute="不可添加" RoleLocation="normal" LanguageSense="true"/>
    <relative ID="3" Relation_Pair="1--4" Center="1" times="8" Sentence="此外，保税区还对进区企业实施了一系列优惠政策：|国内贸易卖断保税区视同出口，" position="0...22--69...82" ConnectiveType="隐式关系" Connective="" Major_relationType="解说性" RelationType="因果性+;目的性-;条件性-;虚拟性-;反转性-;顺序性-;解说性+;例证性-;评价性-;并列性-;递进性-;选择性-" ConnectivePosition="" ConnectiveAttribute="不可添加" RoleLocation="normal" LanguageSense="true"/>
    <relative ID="4" Relation_Pair="4--5" Center="1" times="16" Sentence="国内贸易卖断保税区视同出口，|海关预以退税等。" position="69...82--83...90" ConnectiveType="隐式关系" Connective="" Major_relationType="因果性" RelationType="因果性+;目的性-;条件性+;虚拟性-;反转性-;顺序性+;解说性-;例证性-;评价性-;并列性-;递进性-;选择性-" ConnectivePosition="" ConnectiveAttribute="不可添加" RoleLocation="normal" LanguageSense="true"/>
  </pragraph>
  <pragraph ID="6" content="1、随着天津港保税区投资环境的日臻完善，来此投资的外商日益增多。2、去年仅两千万元以上的大项目就有十三家，3、美国加德士、卡特彼勒、日本的伊藤忠、韩国大宇、香港新世界集团纷纷入区投资置业。4、在外资大批涌入的同时，去年还有二十家国有大中型企业入区落户，5、投资总额近二亿美元。">
    <relative ID="1" Relation_Pair="1--2" Center="1" times="13" Sentence="随着天津港保税区投资环境的日臻完善，来此投资的外商日益增多。|去年仅两千万元以上的大项目就有十三家，" position="0...29--30...48" ConnectiveType="隐式关系" Connective="" Major_relationType="解说性" RelationType="因果性-;目的性-;条件性-;虚拟性-;反转性-;顺序性-;解说性+;例证性-;评价性-;并列性-;递进性-;选择性-" ConnectivePosition="" ConnectiveAttribute="不可添加" RoleLocation="normal" LanguageSense="true"/>
    <relative ID="2" Relation_Pair="2--3" Center="1" times="9" Sentence="去年仅两千万元以上的大项目就有十三家，|美国加德士、卡特彼勒、日本的伊藤忠、韩国大宇、香港新世界集团纷纷入区投资置业。" position="30...48--49...87" ConnectiveType="隐式关系" Connective="" Major_relationType="解说性" RelationType="因果性-;目的性-;条件性-;虚拟性-;反转性-;顺序性-;解说性+;例证性-;评价性-;并列性-;递进性-;选择性-" ConnectivePosition="" ConnectiveAttribute="不可添加" RoleLocation="normal" LanguageSense="true"/>
    <relative ID="3" Relation_Pair="1--4" Center="1" times="13" Sentence="随着天津港保税区投资环境的日臻完善，来此投资的外商日益增多。|在外资大批涌入的同时，去年还有二十家国有大中型企业入区落户，" position="0...29--88...117" ConnectiveType="隐式关系" Connective="" Major_relationType="解说性" RelationType="因果性-;目的性-;条件性-;虚拟性-;反转性-;顺序性-;解说性+;例证性-;评价性-;并列性-;递进性-;选择性-" ConnectivePosition="" ConnectiveAttribute="不可添加" RoleLocation="normal" LanguageSense="true"/>
    <relative ID="4" Relation_Pair="4--5" Center="1" times="16" Sentence="在外资大批涌入的同时，去年还有二十家国有大中型企业入区落户，|投资总额近二亿美元。" position="88...117--118...127" ConnectiveType="隐式关系" Connective="" Major_relationType="因果性" RelationType="因果性+;目的性-;条件性-;虚拟性-;反转性-;顺序性-;解说性+;例证性-;评价性-;并列性-;递进性-;选择性-" ConnectivePosition="" ConnectiveAttribute="不可添加" RoleLocation="normal" LanguageSense="true"/>
  </pragraph>
  <pragraph ID="7" content="1、据统计，五年来天津港保税区共吸引了来自世界七十三个国家和地区及国内二十五个省、市、自治区的三千多家企业投资，2、累计协议投资总额达三十多亿美元，3、协议外资总额达二十多亿美元。">
    <relative ID="1" Relation_Pair="1--2" Center="1" times="36" Sentence="据统计，五年来天津港保税区共吸引了来自世界七十三个国家和地区及国内二十五个省、市、自治区的三千多家企业投资，|累计协议投资总额达三十多亿美元，" position="0...53--54...69" ConnectiveType="隐式关系" Connective="" Major_relationType="因果性" RelationType="因果性+;目的性-;条件性-;虚拟性-;反转性-;顺序性+;解说性-;例证性-;评价性-;并列性-;递进性-;选择性-" ConnectivePosition="" ConnectiveAttribute="不可添加" RoleLocation="normal" LanguageSense="true"/>
    <relative ID="2" Relation_Pair="1--3" Center="1" times="33" Sentence="据统计，五年来天津港保税区共吸引了来自世界七十三个国家和地区及国内二十五个省、市、自治区的三千多家企业投资，|协议外资总额达二十多亿美元。" position="0...53--70...83" ConnectiveType="隐式关系" Connective="" Major_relationType="因果性" RelationType="因果性+;目的性-;条件性-;虚拟性-;反转性-;顺序性-;解说性+;例证性-;评价性-;并列性-;递进性-;选择性-" ConnectivePosition="" ConnectiveAttribute="不可添加" RoleLocation="normal" LanguageSense="true"/>
  </pragraph>
</doc>
