<?xml version="1.0" encoding="UTF-8"?>

<doc>
  <pragraph ID="2" content="1、中国陆上石油工业在过去一年中取得重大成绩：2、全年发现十个亿吨级储量规模的油气区。3、东部油田原油递减速度明显放慢，4、西部油田原油增长速度不断加快，5、“稳定东部、发展西部”的战略格局已基本形成。">
    <relative ID="1" Relation_Pair="1--2" Center="2" times="9" Sentence="中国陆上石油工业在过去一年中取得重大成绩：|全年发现十个亿吨级储量规模的油气区。" position="0...20--21...38" ConnectiveType="隐式关系" Connective="" Major_relationType="解说性" RelationType="因果性-;目的性-;条件性-;虚拟性-;反转性-;顺序性-;解说性+;例证性-;评价性-;并列性-;递进性-;选择性-" ConnectivePosition="" ConnectiveAttribute="不可添加" RoleLocation="normal" LanguageSense="true"/>
    <relative ID="2" Relation_Pair="3--5" Center="2" times="77" Sentence="东部油田原油递减速度明显放慢，|“稳定东部、发展西部”的战略格局已基本形成。" position="39...53--69...90" ConnectiveType="隐式关系" Connective="" Major_relationType="因果性" RelationType="因果性+;目的性-;条件性-;虚拟性-;反转性-;顺序性-;解说性-;例证性-;评价性-;并列性-;递进性-;选择性-" ConnectivePosition="" ConnectiveAttribute="不可添加" RoleLocation="normal" LanguageSense="true"/>
    <relative ID="3" Relation_Pair="4--5" Center="2" times="7" Sentence="西部油田原油增长速度不断加快，|“稳定东部、发展西部”的战略格局已基本形成。" position="54...68--69...90" ConnectiveType="隐式关系" Connective="" Major_relationType="解说性" RelationType="因果性-;目的性-;条件性-;虚拟性-;反转性-;顺序性-;解说性+;例证性-;评价性-;并列性-;递进性-;选择性-" ConnectivePosition="" ConnectiveAttribute="不可添加" RoleLocation="normal" LanguageSense="true"/>
    <relative ID="4" Relation_Pair="2--3" Center="2" times="30" Sentence="全年发现十个亿吨级储量规模的油气区。|东部油田原油递减速度明显放慢，" position="21...38--39...53" ConnectiveType="隐式关系" Connective="" Major_relationType="解说性" RelationType="因果性-;目的性-;条件性-;虚拟性-;反转性-;顺序性-;解说性+;例证性-;评价性-;并列性-;递进性-;选择性-" ConnectivePosition="" ConnectiveAttribute="不可添加" RoleLocation="normal" LanguageSense="true"/>
  </pragraph>
  <pragraph ID="3" content="1、这是今天召开的中国石油天然气总公司工作会议上传出的信息，2、会上周永康总经理传达了中共中央政治局委员、国务院副总理吴邦国日前听取总公司工作汇报时对中国陆上石油工业取得成绩的祝贺和对今后工作的要求。">
    <relative ID="1" Relation_Pair="1--2" Center="2" times="36" Sentence="这是今天召开的中国石油天然气总公司工作会议上传出的信息，|会上周永康总经理传达了中共中央政治局委员、国务院副总理吴邦国日前听取总公司工作汇报时对中国陆上石油工业取得成绩的祝贺和对今后工作的要求。" position="0...27--28...95" ConnectiveType="隐式关系" Connective="" Major_relationType="解说性" RelationType="因果性-;目的性-;条件性-;虚拟性-;反转性-;顺序性-;解说性+;例证性-;评价性-;并列性-;递进性-;选择性-" ConnectivePosition="" ConnectiveAttribute="不可添加" RoleLocation="normal" LanguageSense="true"/>
  </pragraph>
  <pragraph ID="4" content="1、吴邦国指出，去年中国陆上石油工业取得了很大成绩，2、油气产量分别比上年增加一百八十一万吨和七点三亿立方米，3、还从国外获得份额油近百万吨，4、增长幅度是“七五”（一九八六至一九九０年）以来最大的；5、经济效益可观，6、上缴税费实现二百五十八亿元，7、实现利润一百亿元；8、科技进步取得了很大成绩。">
    <relative ID="1" Relation_Pair="1--2" Center="2" times="15" Sentence="吴邦国指出，去年中国陆上石油工业取得了很大成绩，|油气产量分别比上年增加一百八十一万吨和七点三亿立方米，" position="0...23--24...50" ConnectiveType="隐式关系" Connective="" Major_relationType="解说性" RelationType="因果性-;目的性-;条件性-;虚拟性-;反转性-;顺序性-;解说性+;例证性-;评价性-;并列性-;递进性-;选择性-" ConnectivePosition="" ConnectiveAttribute="不可添加" RoleLocation="normal" LanguageSense="true"/>
    <relative ID="2" Relation_Pair="3--4" Center="1" times="11" Sentence="还从国外获得份额油近百万吨，|增长幅度是“七五”（一九八六至一九九０年）以来最大的；" position="51...64--65...91" ConnectiveType="隐式关系" Connective="" Major_relationType="评价性" RelationType="因果性-;目的性-;条件性-;虚拟性-;反转性-;顺序性-;解说性-;例证性-;评价性+;并列性-;递进性-;选择性-" ConnectivePosition="" ConnectiveAttribute="不可添加" RoleLocation="normal" LanguageSense="true"/>
    <relative ID="3" Relation_Pair="2--3" Center="1" times="15" Sentence="油气产量分别比上年增加一百八十一万吨和七点三亿立方米，|还从国外获得份额油近百万吨，" position="24...50--51...64" ConnectiveType="隐式关系" Connective="" Major_relationType="并列性" RelationType="因果性-;目的性-;条件性-;虚拟性-;反转性-;顺序性-;解说性-;例证性-;评价性-;并列性+;递进性-;选择性-" ConnectivePosition="" ConnectiveAttribute="不可添加" RoleLocation="normal" LanguageSense="true"/>
    <relative ID="4" Relation_Pair="2--5" Center="1" times="21" Sentence="油气产量分别比上年增加一百八十一万吨和七点三亿立方米，|经济效益可观，" position="24...50--92...98" ConnectiveType="隐式关系" Connective="" Major_relationType="因果性" RelationType="因果性+;目的性-;条件性-;虚拟性-;反转性-;顺序性-;解说性-;例证性-;评价性-;并列性-;递进性-;选择性-" ConnectivePosition="" ConnectiveAttribute="不可添加" RoleLocation="normal" LanguageSense="true"/>
    <relative ID="5" Relation_Pair="5--6" Center="1" times="12" Sentence="经济效益可观，|上缴税费实现二百五十八亿元，" position="92...98--99...112" ConnectiveType="隐式关系" Connective="" Major_relationType="解说性" RelationType="因果性-;目的性-;条件性-;虚拟性-;反转性-;顺序性-;解说性+;例证性-;评价性-;并列性-;递进性-;选择性-" ConnectivePosition="" ConnectiveAttribute="不可添加" RoleLocation="normal" LanguageSense="true"/>
    <relative ID="6" Relation_Pair="5--7" Center="1" times="8" Sentence="经济效益可观，|实现利润一百亿元；" position="92...98--113...121" ConnectiveType="隐式关系" Connective="" Major_relationType="解说性" RelationType="因果性-;目的性-;条件性-;虚拟性-;反转性-;顺序性-;解说性+;例证性-;评价性-;并列性-;递进性-;选择性-" ConnectivePosition="" ConnectiveAttribute="不可添加" RoleLocation="normal" LanguageSense="true"/>
    <relative ID="7" Relation_Pair="1--8" Center="2" times="11" Sentence="吴邦国指出，去年中国陆上石油工业取得了很大成绩，|科技进步取得了很大成绩。" position="0...23--122...133" ConnectiveType="隐式关系" Connective="" Major_relationType="解说性" RelationType="因果性-;目的性-;条件性-;虚拟性-;反转性-;顺序性-;解说性+;例证性-;评价性-;并列性-;递进性-;选择性-" ConnectivePosition="" ConnectiveAttribute="不可添加" RoleLocation="normal" LanguageSense="true"/>
  </pragraph>
  <pragraph ID="5" content="1、周永康在会议工作报告中指出，目前，陆上石油勘探开发遇到一系列世界级难题，2、投资成本日益上升，3、企业改革和产业结构调整任务艰巨。4、在企业改革方面，要积极推进企业战略性改组，5、实施下岗分流、减员增效和再就业工程，6、全面推行资产经营责任制，7、进一步加大扭亏增盈力度。8、在科技攻关方面，要以西部塔里木盆地等新油气区为重点，9、打开勘探新局面，10、拿到更多的油气资源。11、同时，要以东部老油气区为重点，12、努力提高采收率，13、使油田开发水平再上新台阶。">
    <relative ID="1" Relation_Pair="1--2" Center="2" times="32" Sentence="周永康在会议工作报告中指出，目前，陆上石油勘探开发遇到一系列世界级难题，|投资成本日益上升，" position="0...35--36...44" ConnectiveType="隐式关系" Connective="" Major_relationType="因果性" RelationType="因果性+;目的性-;条件性-;虚拟性-;反转性-;顺序性-;解说性-;例证性-;评价性-;并列性-;递进性-;选择性-" ConnectivePosition="" ConnectiveAttribute="不可添加" RoleLocation="normal" LanguageSense="true"/>
    <relative ID="2" Relation_Pair="2--3" Center="2" times="14" Sentence="投资成本日益上升，|企业改革和产业结构调整任务艰巨。" position="36...44--45...60" ConnectiveType="隐式关系" Connective="" Major_relationType="因果性" RelationType="因果性+;目的性-;条件性-;虚拟性-;反转性-;顺序性-;解说性-;例证性-;评价性-;并列性-;递进性-;选择性-" ConnectivePosition="" ConnectiveAttribute="不可添加" RoleLocation="normal" LanguageSense="true"/>
    <relative ID="3" Relation_Pair="3--4" Center="1" times="14" Sentence="企业改革和产业结构调整任务艰巨。|在企业改革方面，要积极推进企业战略性改组，" position="45...60--61...81" ConnectiveType="隐式关系" Connective="" Major_relationType="解说性" RelationType="因果性-;目的性-;条件性-;虚拟性-;反转性-;顺序性-;解说性+;例证性-;评价性-;并列性-;递进性-;选择性-" ConnectivePosition="" ConnectiveAttribute="不可添加" RoleLocation="normal" LanguageSense="true"/>
    <relative ID="4" Relation_Pair="3--8" Center="1" times="93" Sentence="企业改革和产业结构调整任务艰巨。|在科技攻关方面，要以西部塔里木盆地等新油气区为重点，" position="45...60--124...149" ConnectiveType="隐式关系" Connective="" Major_relationType="解说性" RelationType="因果性-;目的性-;条件性-;虚拟性-;反转性-;顺序性-;解说性+;例证性-;评价性-;并列性-;递进性-;选择性-" ConnectivePosition="" ConnectiveAttribute="不可添加" RoleLocation="normal" LanguageSense="true"/>
    <relative ID="5" Relation_Pair="4--5" Center="3" times="31" Sentence="在企业改革方面，要积极推进企业战略性改组，|实施下岗分流、减员增效和再就业工程，" position="61...81--82...99" ConnectiveType="隐式关系" Connective="" Major_relationType="并列性" RelationType="因果性-;目的性-;条件性-;虚拟性-;反转性-;顺序性-;解说性-;例证性-;评价性-;并列性+;递进性-;选择性-" ConnectivePosition="" ConnectiveAttribute="不可添加" RoleLocation="normal" LanguageSense="true"/>
    <relative ID="6" Relation_Pair="5--6" Center="3" times="6" Sentence="实施下岗分流、减员增效和再就业工程，|全面推行资产经营责任制，" position="82...99--100...111" ConnectiveType="隐式关系" Connective="" Major_relationType="并列性" RelationType="因果性-;目的性-;条件性-;虚拟性-;反转性-;顺序性-;解说性-;例证性-;评价性-;并列性+;递进性-;选择性-" ConnectivePosition="" ConnectiveAttribute="不可添加" RoleLocation="normal" LanguageSense="true"/>
    <relative ID="7" Relation_Pair="6--7" Center="1" times="12" Sentence="全面推行资产经营责任制，|进一步加大扭亏增盈力度。" position="100...111--112...123" ConnectiveType="隐式关系" Connective="" Major_relationType="目的性" RelationType="因果性-;目的性+;条件性-;虚拟性-;反转性-;顺序性-;解说性-;例证性-;评价性-;并列性-;递进性-;选择性-" ConnectivePosition="" ConnectiveAttribute="不可添加" RoleLocation="normal" LanguageSense="true"/>
    <relative ID="8" Relation_Pair="8--9" Center="1" times="32" Sentence="在科技攻关方面，要以西部塔里木盆地等新油气区为重点，|打开勘探新局面，" position="124...149--150...157" ConnectiveType="隐式关系" Connective="" Major_relationType="因果性" RelationType="因果性+;目的性-;条件性-;虚拟性-;反转性-;顺序性+;解说性-;例证性-;评价性-;并列性-;递进性-;选择性-" ConnectivePosition="" ConnectiveAttribute="不可添加" RoleLocation="normal" LanguageSense="true"/>
    <relative ID="9" Relation_Pair="9--10" Center="1" times="12" Sentence="打开勘探新局面，|拿到更多的油气资源。" position="150...157--158...167" ConnectiveType="隐式关系" Connective="" Major_relationType="目的性" RelationType="因果性-;目的性+;条件性-;虚拟性-;反转性-;顺序性-;解说性-;例证性-;评价性-;并列性-;递进性-;选择性-" ConnectivePosition="" ConnectiveAttribute="不可添加" RoleLocation="normal" LanguageSense="true"/>
    <relative ID="10" Relation_Pair="3--11" Center="1" times="13" Sentence="企业改革和产业结构调整任务艰巨。|同时，要以东部老油气区为重点，" position="45...60--168...182" ConnectiveType="隐式关系" Connective="" Major_relationType="解说性" RelationType="因果性-;目的性-;条件性-;虚拟性-;反转性-;顺序性-;解说性+;例证性-;评价性-;并列性-;递进性-;选择性-" ConnectivePosition="" ConnectiveAttribute="不可添加" RoleLocation="normal" LanguageSense="true"/>
    <relative ID="11" Relation_Pair="11--12" Center="1" times="43" Sentence="同时，要以东部老油气区为重点，|努力提高采收率，" position="168...182--183...190" ConnectiveType="隐式关系" Connective="" Major_relationType="目的性" RelationType="因果性-;目的性+;条件性-;虚拟性-;反转性-;顺序性-;解说性-;例证性-;评价性-;并列性-;递进性-;选择性-" ConnectivePosition="" ConnectiveAttribute="不可添加" RoleLocation="normal" LanguageSense="true"/>
    <relative ID="12" Relation_Pair="12--13" Center="1" times="8" Sentence="努力提高采收率，|使油田开发水平再上新台阶。" position="183...190--191...203" ConnectiveType="隐式关系" Connective="" Major_relationType="因果性" RelationType="因果性+;目的性-;条件性-;虚拟性-;反转性-;顺序性-;解说性-;例证性-;评价性-;并列性-;递进性-;选择性-" ConnectivePosition="" ConnectiveAttribute="不可添加" RoleLocation="normal" LanguageSense="true"/>
  </pragraph>
</doc>
